+ set -u
++ dirname tests/fm-turnend-guard.test.sh
+ . tests/lib.sh
++ '[' -n '' ']'
++ FM_TEST_LIB_SOURCED=1
++ export FM_GATE_REFUSE_BYPASS=1
++ FM_GATE_REFUSE_BYPASS=1
++ export FM_VALIDATION_TRUTH_BYPASS=1
++ FM_VALIDATION_TRUTH_BYPASS=1
++++ dirname tests/lib.sh
+++ cd tests/..
+++ pwd
++ ROOT=/Users/AI/.no-mistakes/worktrees/edb446952c22/01M1EYV82B3ZA2ZEAH2A2NMK1R
++ FM_TEST_CLEANUP_DIRS=()
+++ mktemp /var/folders/p3/95t2_00n2jl3r2cn79bfn18h0000gp/T//.fm-test-cleanup.92378.XXXXXX
++ FM_TEST_CLEANUP_REGISTRY=/var/folders/p3/95t2_00n2jl3r2cn79bfn18h0000gp/T//.fm-test-cleanup.92378.HEhaRe
+++ fm_test_pid_identity 92378
+++ local pid=92378
+++ FM_STATE_OVERRIDE=/var/folders/p3/95t2_00n2jl3r2cn79bfn18h0000gp/T/
+++ bash -c '. "$1"; fm_pid_identity "$2"' _ /Users/AI/.no-mistakes/worktrees/edb446952c22/01M1EYV82B3ZA2ZEAH2A2NMK1R/bin/fm-wake-lib.sh 92378
++ FM_TEST_OWNER_IDENTITY='Wed Sep  2 01:11:07 2026     bash -x tests/fm-turnend-guard.test.sh'
++ trap fm_test_cleanup EXIT
++ trap 'fm_test_cleanup; exit 130' INT
++ trap 'fm_test_cleanup; exit 143' TERM
++ FM_TEST_ORPHAN_MAX_AGE_SECONDS=3600
++ fm_test_reap_orphans
++ local marker dir mtime now owner_pid owner_identity current_identity
+++ date +%s
++ now=1788282667
++ for marker in '"${TMPDIR:-/tmp}"/fm-*/.fm-test-fixture'
++ '[' -e /var/folders/p3/95t2_00n2jl3r2cn79bfn18h0000gp/T//fm-pr-check-security.uBPfCn/.fm-test-fixture ']'
+++ sed -n 1p /var/folders/p3/95t2_00n2jl3r2cn79bfn18h0000gp/T//fm-pr-check-security.uBPfCn/.fm-test-fixture
++ owner_pid=53759
+++ sed -n '2,$p' /var/folders/p3/95t2_00n2jl3r2cn79bfn18h0000gp/T//fm-pr-check-security.uBPfCn/.fm-test-fixture
++ owner_identity='Wed Sep  2 01:05:02 2026     bash tests/fm-pr-check-security.test.sh'
++ case "$owner_pid" in
+++ fm_test_pid_identity 53759
++ current_identity='Wed Sep  2 01:05:02 2026     bash tests/fm-pr-check-security.test.sh'
++ '[' -n 'Wed Sep  2 01:05:02 2026     bash tests/fm-pr-check-security.test.sh' ']'
++ '[' 'Wed Sep  2 01:05:02 2026     bash tests/fm-pr-check-security.test.sh' = 'Wed Sep  2 01:05:02 2026     bash tests/fm-pr-check-security.test.sh' ']'
++ continue
++ for marker in '"${TMPDIR:-/tmp}"/fm-*/.fm-test-fixture'
++ '[' -e /var/folders/p3/95t2_00n2jl3r2cn79bfn18h0000gp/T//fm-wake-tangle-root.Bgz6Yw/.fm-test-fixture ']'
+++ sed -n 1p /var/folders/p3/95t2_00n2jl3r2cn79bfn18h0000gp/T//fm-wake-tangle-root.Bgz6Yw/.fm-test-fixture
++ owner_pid=81882
+++ sed -n '2,$p' /var/folders/p3/95t2_00n2jl3r2cn79bfn18h0000gp/T//fm-wake-tangle-root.Bgz6Yw/.fm-test-fixture
++ owner_identity='Wed Sep  2 01:10:17 2026     bash tests/fm-watch-triage.test.sh'
++ case "$owner_pid" in
+++ fm_test_pid_identity 81882
++ current_identity='Wed Sep  2 01:10:17 2026     bash tests/fm-watch-triage.test.sh'
++ '[' -n 'Wed Sep  2 01:10:17 2026     bash tests/fm-watch-triage.test.sh' ']'
++ '[' 'Wed Sep  2 01:10:17 2026     bash tests/fm-watch-triage.test.sh' = 'Wed Sep  2 01:10:17 2026     bash tests/fm-watch-triage.test.sh' ']'
++ continue
++ for marker in '"${TMPDIR:-/tmp}"/fm-*/.fm-test-fixture'
++ '[' -e /var/folders/p3/95t2_00n2jl3r2cn79bfn18h0000gp/T//fm-watch-triage-tests.zxpj35/.fm-test-fixture ']'
+++ sed -n 1p /var/folders/p3/95t2_00n2jl3r2cn79bfn18h0000gp/T//fm-watch-triage-tests.zxpj35/.fm-test-fixture
++ owner_pid=81882
+++ sed -n '2,$p' /var/folders/p3/95t2_00n2jl3r2cn79bfn18h0000gp/T//fm-watch-triage-tests.zxpj35/.fm-test-fixture
++ owner_identity='Wed Sep  2 01:10:17 2026     bash tests/fm-watch-triage.test.sh'
++ case "$owner_pid" in
+++ fm_test_pid_identity 81882
++ current_identity='Wed Sep  2 01:10:17 2026     bash tests/fm-watch-triage.test.sh'
++ '[' -n 'Wed Sep  2 01:10:17 2026     bash tests/fm-watch-triage.test.sh' ']'
++ '[' 'Wed Sep  2 01:10:17 2026     bash tests/fm-watch-triage.test.sh' = 'Wed Sep  2 01:10:17 2026     bash tests/fm-watch-triage.test.sh' ']'
++ continue
++ for marker in '"${TMPDIR:-/tmp}"/fm-*/.fm-test-fixture'
++ '[' -e /var/folders/p3/95t2_00n2jl3r2cn79bfn18h0000gp/T//fm-wedge-rec.tkHMeG/.fm-test-fixture ']'
+++ sed -n 1p /var/folders/p3/95t2_00n2jl3r2cn79bfn18h0000gp/T//fm-wedge-rec.tkHMeG/.fm-test-fixture
++ owner_pid=81882
+++ sed -n '2,$p' /var/folders/p3/95t2_00n2jl3r2cn79bfn18h0000gp/T//fm-wedge-rec.tkHMeG/.fm-test-fixture
++ owner_identity='Wed Sep  2 01:10:17 2026     bash tests/fm-watch-triage.test.sh'
++ case "$owner_pid" in
+++ fm_test_pid_identity 81882
++ current_identity='Wed Sep  2 01:10:17 2026     bash tests/fm-watch-triage.test.sh'
++ '[' -n 'Wed Sep  2 01:10:17 2026     bash tests/fm-watch-triage.test.sh' ']'
++ '[' 'Wed Sep  2 01:10:17 2026     bash tests/fm-watch-triage.test.sh' = 'Wed Sep  2 01:10:17 2026     bash tests/fm-watch-triage.test.sh' ']'
++ continue
+ . /Users/AI/.no-mistakes/worktrees/edb446952c22/01M1EYV82B3ZA2ZEAH2A2NMK1R/bin/fm-supervision-lib.sh
++ fm_test_tmproot fm-turnend-guard
++ local prefix=fm-turnend-guard root
+++ mktemp -d /var/folders/p3/95t2_00n2jl3r2cn79bfn18h0000gp/T//fm-turnend-guard.XXXXXX
++ root=/var/folders/p3/95t2_00n2jl3r2cn79bfn18h0000gp/T//fm-turnend-guard.IpXS2c
++ printf '%s\n%s\n' 92378 'Wed Sep  2 01:11:07 2026     bash -x tests/fm-turnend-guard.test.sh'
++ printf '%s\n' /var/folders/p3/95t2_00n2jl3r2cn79bfn18h0000gp/T//fm-turnend-guard.IpXS2c
++ printf '%s\n' /var/folders/p3/95t2_00n2jl3r2cn79bfn18h0000gp/T//fm-turnend-guard.IpXS2c
+ TMP_ROOT=/var/folders/p3/95t2_00n2jl3r2cn79bfn18h0000gp/T//fm-turnend-guard.IpXS2c
+ fm_git_identity fmtest fmtest@example.invalid
+ export GIT_AUTHOR_NAME=fmtest GIT_AUTHOR_EMAIL=fmtest@example.invalid
+ GIT_AUTHOR_NAME=fmtest
+ GIT_AUTHOR_EMAIL=fmtest@example.invalid
+ export GIT_COMMITTER_NAME=fmtest GIT_COMMITTER_EMAIL=fmtest@example.invalid
+ GIT_COMMITTER_NAME=fmtest
+ GIT_COMMITTER_EMAIL=fmtest@example.invalid
+ REQUIRED_REASON='watcher supervision needs Stop-owned automatic recovery; inspect the hook registration and startup status before ending the turn'
+ test_predicate_healthy_no_inflight
+ local state=/var/folders/p3/95t2_00n2jl3r2cn79bfn18h0000gp/T//fm-turnend-guard.IpXS2c/pred-empty/state
+ mkdir -p /var/folders/p3/95t2_00n2jl3r2cn79bfn18h0000gp/T//fm-turnend-guard.IpXS2c/pred-empty/state
+ fm_supervision_unhealthy /var/folders/p3/95t2_00n2jl3r2cn79bfn18h0000gp/T//fm-turnend-guard.IpXS2c/pred-empty/state 300
+ fm_supervision_status /var/folders/p3/95t2_00n2jl3r2cn79bfn18h0000gp/T//fm-turnend-guard.IpXS2c/pred-empty/state 300
+ local state=/var/folders/p3/95t2_00n2jl3r2cn79bfn18h0000gp/T//fm-turnend-guard.IpXS2c/pred-empty/state grace=300 meta source beat m age
+ FM_SUP_IN_FLIGHT=0
+ FM_SUP_NEEDED=false
+ FM_SUP_WATCHER_FRESH=false
+ FM_SUP_BEACON_DESC=never
+ FM_SUP_QUEUE_PENDING=false
+ for meta in '"$state"/*.meta'
+ '[' -e '/var/folders/p3/95t2_00n2jl3r2cn79bfn18h0000gp/T//fm-turnend-guard.IpXS2c/pred-empty/state/*.meta' ']'
+ continue
+ FM_SUP_SOURCES=0
+ for source in '"$state"/procevent/*.source'
+ '[' -e '/var/folders/p3/95t2_00n2jl3r2cn79bfn18h0000gp/T//fm-turnend-guard.IpXS2c/pred-empty/state/procevent/*.source' ']'
+ continue
+ '[' 0 -gt 0 ']'
+ '[' -f /var/folders/p3/95t2_00n2jl3r2cn79bfn18h0000gp/T//fm-turnend-guard.IpXS2c/pred-empty/state/x-watch.check.sh ']'
+ '[' 0 -gt 0 ']'
+ beat=/var/folders/p3/95t2_00n2jl3r2cn79bfn18h0000gp/T//fm-turnend-guard.IpXS2c/pred-empty/state/.last-watcher-beat
+ '[' -e /var/folders/p3/95t2_00n2jl3r2cn79bfn18h0000gp/T//fm-turnend-guard.IpXS2c/pred-empty/state/.last-watcher-beat ']'
+ '[' -s /var/folders/p3/95t2_00n2jl3r2cn79bfn18h0000gp/T//fm-turnend-guard.IpXS2c/pred-empty/state/.wake-queue ']'
+ return 0
+ '[' false = true ']'
+ '[' 0 -eq 0 ']'
+ pass 'fm_supervision_unhealthy: false with no state/*.meta at all'
+ printf 'ok - %s\n' 'fm_supervision_unhealthy: false with no state/*.meta at all'
ok - fm_supervision_unhealthy: false with no state/*.meta at all
+ test_predicate_unhealthy_no_beacon
+ local state=/var/folders/p3/95t2_00n2jl3r2cn79bfn18h0000gp/T//fm-turnend-guard.IpXS2c/pred-nobeat/state
+ mkdir -p /var/folders/p3/95t2_00n2jl3r2cn79bfn18h0000gp/T//fm-turnend-guard.IpXS2c/pred-nobeat/state
+ :
+ fm_supervision_unhealthy /var/folders/p3/95t2_00n2jl3r2cn79bfn18h0000gp/T//fm-turnend-guard.IpXS2c/pred-nobeat/state 300
+ fm_supervision_status /var/folders/p3/95t2_00n2jl3r2cn79bfn18h0000gp/T//fm-turnend-guard.IpXS2c/pred-nobeat/state 300
+ local state=/var/folders/p3/95t2_00n2jl3r2cn79bfn18h0000gp/T//fm-turnend-guard.IpXS2c/pred-nobeat/state grace=300 meta source beat m age
+ FM_SUP_IN_FLIGHT=0
+ FM_SUP_NEEDED=false
+ FM_SUP_WATCHER_FRESH=false
+ FM_SUP_BEACON_DESC=never
+ FM_SUP_QUEUE_PENDING=false
+ for meta in '"$state"/*.meta'
+ '[' -e /var/folders/p3/95t2_00n2jl3r2cn79bfn18h0000gp/T//fm-turnend-guard.IpXS2c/pred-nobeat/state/task1.meta ']'
+ FM_SUP_IN_FLIGHT=1
+ FM_SUP_SOURCES=0
+ for source in '"$state"/procevent/*.source'
+ '[' -e '/var/folders/p3/95t2_00n2jl3r2cn79bfn18h0000gp/T//fm-turnend-guard.IpXS2c/pred-nobeat/state/procevent/*.source' ']'
+ continue
+ '[' 1 -gt 0 ']'
+ FM_SUP_NEEDED=true
+ beat=/var/folders/p3/95t2_00n2jl3r2cn79bfn18h0000gp/T//fm-turnend-guard.IpXS2c/pred-nobeat/state/.last-watcher-beat
+ '[' -e /var/folders/p3/95t2_00n2jl3r2cn79bfn18h0000gp/T//fm-turnend-guard.IpXS2c/pred-nobeat/state/.last-watcher-beat ']'
+ '[' -s /var/folders/p3/95t2_00n2jl3r2cn79bfn18h0000gp/T//fm-turnend-guard.IpXS2c/pred-nobeat/state/.wake-queue ']'
+ return 0
+ '[' true = true ']'
+ '[' false = false ']'
+ '[' 1 -eq 1 ']'
+ '[' false = false ']'
+ '[' never = never ']'
+ pass 'fm_supervision_unhealthy: true with in-flight task and no beacon ever'
+ printf 'ok - %s\n' 'fm_supervision_unhealthy: true with in-flight task and no beacon ever'
ok - fm_supervision_unhealthy: true with in-flight task and no beacon ever
+ test_predicate_unhealthy_stale_beacon
+ local state=/var/folders/p3/95t2_00n2jl3r2cn79bfn18h0000gp/T//fm-turnend-guard.IpXS2c/pred-stale/state
+ mkdir -p /var/folders/p3/95t2_00n2jl3r2cn79bfn18h0000gp/T//fm-turnend-guard.IpXS2c/pred-stale/state
+ :
+ touch -t 202001010000 /var/folders/p3/95t2_00n2jl3r2cn79bfn18h0000gp/T//fm-turnend-guard.IpXS2c/pred-stale/state/.last-watcher-beat
+ fm_supervision_unhealthy /var/folders/p3/95t2_00n2jl3r2cn79bfn18h0000gp/T//fm-turnend-guard.IpXS2c/pred-stale/state 300
+ fm_supervision_status /var/folders/p3/95t2_00n2jl3r2cn79bfn18h0000gp/T//fm-turnend-guard.IpXS2c/pred-stale/state 300
+ local state=/var/folders/p3/95t2_00n2jl3r2cn79bfn18h0000gp/T//fm-turnend-guard.IpXS2c/pred-stale/state grace=300 meta source beat m age
+ FM_SUP_IN_FLIGHT=0
+ FM_SUP_NEEDED=false
+ FM_SUP_WATCHER_FRESH=false
+ FM_SUP_BEACON_DESC=never
+ FM_SUP_QUEUE_PENDING=false
+ for meta in '"$state"/*.meta'
+ '[' -e /var/folders/p3/95t2_00n2jl3r2cn79bfn18h0000gp/T//fm-turnend-guard.IpXS2c/pred-stale/state/task1.meta ']'
+ FM_SUP_IN_FLIGHT=1
+ FM_SUP_SOURCES=0
+ for source in '"$state"/procevent/*.source'
+ '[' -e '/var/folders/p3/95t2_00n2jl3r2cn79bfn18h0000gp/T//fm-turnend-guard.IpXS2c/pred-stale/state/procevent/*.source' ']'
+ continue
+ '[' 1 -gt 0 ']'
+ FM_SUP_NEEDED=true
+ beat=/var/folders/p3/95t2_00n2jl3r2cn79bfn18h0000gp/T//fm-turnend-guard.IpXS2c/pred-stale/state/.last-watcher-beat
+ '[' -e /var/folders/p3/95t2_00n2jl3r2cn79bfn18h0000gp/T//fm-turnend-guard.IpXS2c/pred-stale/state/.last-watcher-beat ']'
++ fm_sup_stat_mtime /var/folders/p3/95t2_00n2jl3r2cn79bfn18h0000gp/T//fm-turnend-guard.IpXS2c/pred-stale/state/.last-watcher-beat
+++ uname
++ '[' Darwin = Darwin ']'
++ stat -f %m /var/folders/p3/95t2_00n2jl3r2cn79bfn18h0000gp/T//fm-turnend-guard.IpXS2c/pred-stale/state/.last-watcher-beat
+ m=1577808000
+ '[' -n 1577808000 ']'
++ date +%s
+ age=210474667
+ FM_SUP_BEACON_DESC='210474667s ago'
+ '[' 210474667 -lt 300 ']'
+ '[' -s /var/folders/p3/95t2_00n2jl3r2cn79bfn18h0000gp/T//fm-turnend-guard.IpXS2c/pred-stale/state/.wake-queue ']'
+ return 0
+ '[' true = true ']'
+ '[' false = false ']'
+ '[' false = false ']'
+ pass 'fm_supervision_unhealthy: true with in-flight task and a beacon far outside the grace window'
+ printf 'ok - %s\n' 'fm_supervision_unhealthy: true with in-flight task and a beacon far outside the grace window'
ok - fm_supervision_unhealthy: true with in-flight task and a beacon far outside the grace window
+ test_predicate_healthy_fresh_beacon
+ local state=/var/folders/p3/95t2_00n2jl3r2cn79bfn18h0000gp/T//fm-turnend-guard.IpXS2c/pred-fresh/state
+ mkdir -p /var/folders/p3/95t2_00n2jl3r2cn79bfn18h0000gp/T//fm-turnend-guard.IpXS2c/pred-fresh/state
+ :
+ touch /var/folders/p3/95t2_00n2jl3r2cn79bfn18h0000gp/T//fm-turnend-guard.IpXS2c/pred-fresh/state/.last-watcher-beat
+ fm_supervision_unhealthy /var/folders/p3/95t2_00n2jl3r2cn79bfn18h0000gp/T//fm-turnend-guard.IpXS2c/pred-fresh/state 300
+ fm_supervision_status /var/folders/p3/95t2_00n2jl3r2cn79bfn18h0000gp/T//fm-turnend-guard.IpXS2c/pred-fresh/state 300
+ local state=/var/folders/p3/95t2_00n2jl3r2cn79bfn18h0000gp/T//fm-turnend-guard.IpXS2c/pred-fresh/state grace=300 meta source beat m age
+ FM_SUP_IN_FLIGHT=0
+ FM_SUP_NEEDED=false
+ FM_SUP_WATCHER_FRESH=false
+ FM_SUP_BEACON_DESC=never
+ FM_SUP_QUEUE_PENDING=false
+ for meta in '"$state"/*.meta'
+ '[' -e /var/folders/p3/95t2_00n2jl3r2cn79bfn18h0000gp/T//fm-turnend-guard.IpXS2c/pred-fresh/state/task1.meta ']'
+ FM_SUP_IN_FLIGHT=1
+ FM_SUP_SOURCES=0
+ for source in '"$state"/procevent/*.source'
+ '[' -e '/var/folders/p3/95t2_00n2jl3r2cn79bfn18h0000gp/T//fm-turnend-guard.IpXS2c/pred-fresh/state/procevent/*.source' ']'
+ continue
+ '[' 1 -gt 0 ']'
+ FM_SUP_NEEDED=true
+ beat=/var/folders/p3/95t2_00n2jl3r2cn79bfn18h0000gp/T//fm-turnend-guard.IpXS2c/pred-fresh/state/.last-watcher-beat
+ '[' -e /var/folders/p3/95t2_00n2jl3r2cn79bfn18h0000gp/T//fm-turnend-guard.IpXS2c/pred-fresh/state/.last-watcher-beat ']'
++ fm_sup_stat_mtime /var/folders/p3/95t2_00n2jl3r2cn79bfn18h0000gp/T//fm-turnend-guard.IpXS2c/pred-fresh/state/.last-watcher-beat
+++ uname
++ '[' Darwin = Darwin ']'
++ stat -f %m /var/folders/p3/95t2_00n2jl3r2cn79bfn18h0000gp/T//fm-turnend-guard.IpXS2c/pred-fresh/state/.last-watcher-beat
+ m=1788282667
+ '[' -n 1788282667 ']'
++ date +%s
+ age=0
+ FM_SUP_BEACON_DESC='0s ago'
+ '[' 0 -lt 300 ']'
+ FM_SUP_WATCHER_FRESH=true
+ '[' -s /var/folders/p3/95t2_00n2jl3r2cn79bfn18h0000gp/T//fm-turnend-guard.IpXS2c/pred-fresh/state/.wake-queue ']'
+ return 0
+ '[' true = true ']'
+ '[' true = false ']'
+ '[' true = true ']'
+ pass 'fm_supervision_unhealthy: false with in-flight task and a fresh beacon'
+ printf 'ok - %s\n' 'fm_supervision_unhealthy: false with in-flight task and a fresh beacon'
ok - fm_supervision_unhealthy: false with in-flight task and a fresh beacon
+ test_predicate_queue_pending_flag
+ local state=/var/folders/p3/95t2_00n2jl3r2cn79bfn18h0000gp/T//fm-turnend-guard.IpXS2c/pred-queue/state
+ mkdir -p /var/folders/p3/95t2_00n2jl3r2cn79bfn18h0000gp/T//fm-turnend-guard.IpXS2c/pred-queue/state
+ fm_supervision_status /var/folders/p3/95t2_00n2jl3r2cn79bfn18h0000gp/T//fm-turnend-guard.IpXS2c/pred-queue/state 300
+ local state=/var/folders/p3/95t2_00n2jl3r2cn79bfn18h0000gp/T//fm-turnend-guard.IpXS2c/pred-queue/state grace=300 meta source beat m age
+ FM_SUP_IN_FLIGHT=0
+ FM_SUP_NEEDED=false
+ FM_SUP_WATCHER_FRESH=false
+ FM_SUP_BEACON_DESC=never
+ FM_SUP_QUEUE_PENDING=false
+ for meta in '"$state"/*.meta'
+ '[' -e '/var/folders/p3/95t2_00n2jl3r2cn79bfn18h0000gp/T//fm-turnend-guard.IpXS2c/pred-queue/state/*.meta' ']'
+ continue
+ FM_SUP_SOURCES=0
+ for source in '"$state"/procevent/*.source'
+ '[' -e '/var/folders/p3/95t2_00n2jl3r2cn79bfn18h0000gp/T//fm-turnend-guard.IpXS2c/pred-queue/state/procevent/*.source' ']'
+ continue
+ '[' 0 -gt 0 ']'
+ '[' -f /var/folders/p3/95t2_00n2jl3r2cn79bfn18h0000gp/T//fm-turnend-guard.IpXS2c/pred-queue/state/x-watch.check.sh ']'
+ '[' 0 -gt 0 ']'
+ beat=/var/folders/p3/95t2_00n2jl3r2cn79bfn18h0000gp/T//fm-turnend-guard.IpXS2c/pred-queue/state/.last-watcher-beat
+ '[' -e /var/folders/p3/95t2_00n2jl3r2cn79bfn18h0000gp/T//fm-turnend-guard.IpXS2c/pred-queue/state/.last-watcher-beat ']'
+ '[' -s /var/folders/p3/95t2_00n2jl3r2cn79bfn18h0000gp/T//fm-turnend-guard.IpXS2c/pred-queue/state/.wake-queue ']'
+ return 0
+ '[' false = false ']'
+ printf 'record\n'
+ fm_supervision_status /var/folders/p3/95t2_00n2jl3r2cn79bfn18h0000gp/T//fm-turnend-guard.IpXS2c/pred-queue/state 300
+ local state=/var/folders/p3/95t2_00n2jl3r2cn79bfn18h0000gp/T//fm-turnend-guard.IpXS2c/pred-queue/state grace=300 meta source beat m age
+ FM_SUP_IN_FLIGHT=0
+ FM_SUP_NEEDED=false
+ FM_SUP_WATCHER_FRESH=false
+ FM_SUP_BEACON_DESC=never
+ FM_SUP_QUEUE_PENDING=false
+ for meta in '"$state"/*.meta'
+ '[' -e '/var/folders/p3/95t2_00n2jl3r2cn79bfn18h0000gp/T//fm-turnend-guard.IpXS2c/pred-queue/state/*.meta' ']'
+ continue
+ FM_SUP_SOURCES=0
+ for source in '"$state"/procevent/*.source'
+ '[' -e '/var/folders/p3/95t2_00n2jl3r2cn79bfn18h0000gp/T//fm-turnend-guard.IpXS2c/pred-queue/state/procevent/*.source' ']'
+ continue
+ '[' 0 -gt 0 ']'
+ '[' -f /var/folders/p3/95t2_00n2jl3r2cn79bfn18h0000gp/T//fm-turnend-guard.IpXS2c/pred-queue/state/x-watch.check.sh ']'
+ '[' 0 -gt 0 ']'
+ beat=/var/folders/p3/95t2_00n2jl3r2cn79bfn18h0000gp/T//fm-turnend-guard.IpXS2c/pred-queue/state/.last-watcher-beat
+ '[' -e /var/folders/p3/95t2_00n2jl3r2cn79bfn18h0000gp/T//fm-turnend-guard.IpXS2c/pred-queue/state/.last-watcher-beat ']'
+ '[' -s /var/folders/p3/95t2_00n2jl3r2cn79bfn18h0000gp/T//fm-turnend-guard.IpXS2c/pred-queue/state/.wake-queue ']'
+ FM_SUP_QUEUE_PENDING=true
+ return 0
+ '[' true = true ']'
+ pass 'fm_supervision_status: FM_SUP_QUEUE_PENDING tracks state/.wake-queue'
+ printf 'ok - %s\n' 'fm_supervision_status: FM_SUP_QUEUE_PENDING tracks state/.wake-queue'
ok - fm_supervision_status: FM_SUP_QUEUE_PENDING tracks state/.wake-queue
+ test_predicate_x_mode_needs_supervision
+ local state=/var/folders/p3/95t2_00n2jl3r2cn79bfn18h0000gp/T//fm-turnend-guard.IpXS2c/pred-x-mode/state
+ mkdir -p /var/folders/p3/95t2_00n2jl3r2cn79bfn18h0000gp/T//fm-turnend-guard.IpXS2c/pred-x-mode/state
+ :
+ fm_supervision_needed /var/folders/p3/95t2_00n2jl3r2cn79bfn18h0000gp/T//fm-turnend-guard.IpXS2c/pred-x-mode/state 300
+ fm_supervision_status /var/folders/p3/95t2_00n2jl3r2cn79bfn18h0000gp/T//fm-turnend-guard.IpXS2c/pred-x-mode/state 300
+ local state=/var/folders/p3/95t2_00n2jl3r2cn79bfn18h0000gp/T//fm-turnend-guard.IpXS2c/pred-x-mode/state grace=300 meta source beat m age
+ FM_SUP_IN_FLIGHT=0
+ FM_SUP_NEEDED=false
+ FM_SUP_WATCHER_FRESH=false
+ FM_SUP_BEACON_DESC=never
+ FM_SUP_QUEUE_PENDING=false
+ for meta in '"$state"/*.meta'
+ '[' -e '/var/folders/p3/95t2_00n2jl3r2cn79bfn18h0000gp/T//fm-turnend-guard.IpXS2c/pred-x-mode/state/*.meta' ']'
+ continue
+ FM_SUP_SOURCES=0
+ for source in '"$state"/procevent/*.source'
+ '[' -e '/var/folders/p3/95t2_00n2jl3r2cn79bfn18h0000gp/T//fm-turnend-guard.IpXS2c/pred-x-mode/state/procevent/*.source' ']'
+ continue
+ '[' 0 -gt 0 ']'
+ '[' -f /var/folders/p3/95t2_00n2jl3r2cn79bfn18h0000gp/T//fm-turnend-guard.IpXS2c/pred-x-mode/state/x-watch.check.sh ']'
+ FM_SUP_NEEDED=true
+ beat=/var/folders/p3/95t2_00n2jl3r2cn79bfn18h0000gp/T//fm-turnend-guard.IpXS2c/pred-x-mode/state/.last-watcher-beat
+ '[' -e /var/folders/p3/95t2_00n2jl3r2cn79bfn18h0000gp/T//fm-turnend-guard.IpXS2c/pred-x-mode/state/.last-watcher-beat ']'
+ '[' -s /var/folders/p3/95t2_00n2jl3r2cn79bfn18h0000gp/T//fm-turnend-guard.IpXS2c/pred-x-mode/state/.wake-queue ']'
+ return 0
+ '[' true = true ']'
+ '[' 0 -eq 0 ']'
+ '[' true = true ']'
+ fm_supervision_unhealthy /var/folders/p3/95t2_00n2jl3r2cn79bfn18h0000gp/T//fm-turnend-guard.IpXS2c/pred-x-mode/state 300
+ fm_supervision_status /var/folders/p3/95t2_00n2jl3r2cn79bfn18h0000gp/T//fm-turnend-guard.IpXS2c/pred-x-mode/state 300
+ local state=/var/folders/p3/95t2_00n2jl3r2cn79bfn18h0000gp/T//fm-turnend-guard.IpXS2c/pred-x-mode/state grace=300 meta source beat m age
+ FM_SUP_IN_FLIGHT=0
+ FM_SUP_NEEDED=false
+ FM_SUP_WATCHER_FRESH=false
+ FM_SUP_BEACON_DESC=never
+ FM_SUP_QUEUE_PENDING=false
+ for meta in '"$state"/*.meta'
+ '[' -e '/var/folders/p3/95t2_00n2jl3r2cn79bfn18h0000gp/T//fm-turnend-guard.IpXS2c/pred-x-mode/state/*.meta' ']'
+ continue
+ FM_SUP_SOURCES=0
+ for source in '"$state"/procevent/*.source'
+ '[' -e '/var/folders/p3/95t2_00n2jl3r2cn79bfn18h0000gp/T//fm-turnend-guard.IpXS2c/pred-x-mode/state/procevent/*.source' ']'
+ continue
+ '[' 0 -gt 0 ']'
+ '[' -f /var/folders/p3/95t2_00n2jl3r2cn79bfn18h0000gp/T//fm-turnend-guard.IpXS2c/pred-x-mode/state/x-watch.check.sh ']'
+ FM_SUP_NEEDED=true
+ beat=/var/folders/p3/95t2_00n2jl3r2cn79bfn18h0000gp/T//fm-turnend-guard.IpXS2c/pred-x-mode/state/.last-watcher-beat
+ '[' -e /var/folders/p3/95t2_00n2jl3r2cn79bfn18h0000gp/T//fm-turnend-guard.IpXS2c/pred-x-mode/state/.last-watcher-beat ']'
+ '[' -s /var/folders/p3/95t2_00n2jl3r2cn79bfn18h0000gp/T//fm-turnend-guard.IpXS2c/pred-x-mode/state/.wake-queue ']'
+ return 0
+ '[' true = true ']'
+ '[' false = false ']'
+ pass 'fm_supervision_needed: X-mode relay poll needs supervision'
+ printf 'ok - %s\n' 'fm_supervision_needed: X-mode relay poll needs supervision'
ok - fm_supervision_needed: X-mode relay poll needs supervision
+ test_predicate_source_needs_supervision
+ local state=/var/folders/p3/95t2_00n2jl3r2cn79bfn18h0000gp/T//fm-turnend-guard.IpXS2c/pred-source/state
+ mkdir -p /var/folders/p3/95t2_00n2jl3r2cn79bfn18h0000gp/T//fm-turnend-guard.IpXS2c/pred-source/state/procevent
+ :
+ fm_supervision_unhealthy /var/folders/p3/95t2_00n2jl3r2cn79bfn18h0000gp/T//fm-turnend-guard.IpXS2c/pred-source/state 300
+ fm_supervision_status /var/folders/p3/95t2_00n2jl3r2cn79bfn18h0000gp/T//fm-turnend-guard.IpXS2c/pred-source/state 300
+ local state=/var/folders/p3/95t2_00n2jl3r2cn79bfn18h0000gp/T//fm-turnend-guard.IpXS2c/pred-source/state grace=300 meta source beat m age
+ FM_SUP_IN_FLIGHT=0
+ FM_SUP_NEEDED=false
+ FM_SUP_WATCHER_FRESH=false
+ FM_SUP_BEACON_DESC=never
+ FM_SUP_QUEUE_PENDING=false
+ for meta in '"$state"/*.meta'
+ '[' -e '/var/folders/p3/95t2_00n2jl3r2cn79bfn18h0000gp/T//fm-turnend-guard.IpXS2c/pred-source/state/*.meta' ']'
+ continue
+ FM_SUP_SOURCES=0
+ for source in '"$state"/procevent/*.source'
+ '[' -e /var/folders/p3/95t2_00n2jl3r2cn79bfn18h0000gp/T//fm-turnend-guard.IpXS2c/pred-source/state/procevent/source-only.source ']'
+ FM_SUP_SOURCES=1
+ '[' 0 -gt 0 ']'
+ '[' -f /var/folders/p3/95t2_00n2jl3r2cn79bfn18h0000gp/T//fm-turnend-guard.IpXS2c/pred-source/state/x-watch.check.sh ']'
+ '[' 1 -gt 0 ']'
+ FM_SUP_NEEDED=true
+ beat=/var/folders/p3/95t2_00n2jl3r2cn79bfn18h0000gp/T//fm-turnend-guard.IpXS2c/pred-source/state/.last-watcher-beat
+ '[' -e /var/folders/p3/95t2_00n2jl3r2cn79bfn18h0000gp/T//fm-turnend-guard.IpXS2c/pred-source/state/.last-watcher-beat ']'
+ '[' -s /var/folders/p3/95t2_00n2jl3r2cn79bfn18h0000gp/T//fm-turnend-guard.IpXS2c/pred-source/state/.wake-queue ']'
+ return 0
+ '[' true = true ']'
+ '[' false = false ']'
+ '[' 0 -eq 0 ']'
+ '[' 1 -eq 1 ']'
+ pass 'fm_supervision_unhealthy: source-only home needs supervision'
+ printf 'ok - %s\n' 'fm_supervision_unhealthy: source-only home needs supervision'
ok - fm_supervision_unhealthy: source-only home needs supervision
+ test_hook_silent_when_no_work_in_flight
+ local dir out status
++ make_primary_dir /var/folders/p3/95t2_00n2jl3r2cn79bfn18h0000gp/T//fm-turnend-guard.IpXS2c/hook-idle
++ local dir=/var/folders/p3/95t2_00n2jl3r2cn79bfn18h0000gp/T//fm-turnend-guard.IpXS2c/hook-idle
++ mkdir -p /var/folders/p3/95t2_00n2jl3r2cn79bfn18h0000gp/T//fm-turnend-guard.IpXS2c/hook-idle/state
++ git init -q /var/folders/p3/95t2_00n2jl3r2cn79bfn18h0000gp/T//fm-turnend-guard.IpXS2c/hook-idle
++ git -C /var/folders/p3/95t2_00n2jl3r2cn79bfn18h0000gp/T//fm-turnend-guard.IpXS2c/hook-idle commit -q --allow-empty -m init
++ :
++ install_guard_scripts /var/folders/p3/95t2_00n2jl3r2cn79bfn18h0000gp/T//fm-turnend-guard.IpXS2c/hook-idle
++ local dir=/var/folders/p3/95t2_00n2jl3r2cn79bfn18h0000gp/T//fm-turnend-guard.IpXS2c/hook-idle
++ mkdir -p /var/folders/p3/95t2_00n2jl3r2cn79bfn18h0000gp/T//fm-turnend-guard.IpXS2c/hook-idle/bin
++ cp /Users/AI/.no-mistakes/worktrees/edb446952c22/01M1EYV82B3ZA2ZEAH2A2NMK1R/bin/fm-turnend-guard.sh /var/folders/p3/95t2_00n2jl3r2cn79bfn18h0000gp/T//fm-turnend-guard.IpXS2c/hook-idle/bin/fm-turnend-guard.sh
++ cp /Users/AI/.no-mistakes/worktrees/edb446952c22/01M1EYV82B3ZA2ZEAH2A2NMK1R/bin/fm-turnend-guard-grok.sh /var/folders/p3/95t2_00n2jl3r2cn79bfn18h0000gp/T//fm-turnend-guard.IpXS2c/hook-idle/bin/fm-turnend-guard-grok.sh
++ cp /Users/AI/.no-mistakes/worktrees/edb446952c22/01M1EYV82B3ZA2ZEAH2A2NMK1R/bin/fm-operational-input.sh /var/folders/p3/95t2_00n2jl3r2cn79bfn18h0000gp/T//fm-turnend-guard.IpXS2c/hook-idle/bin/fm-operational-input.sh
++ cp /Users/AI/.no-mistakes/worktrees/edb446952c22/01M1EYV82B3ZA2ZEAH2A2NMK1R/bin/fm-supervision-instructions.sh /var/folders/p3/95t2_00n2jl3r2cn79bfn18h0000gp/T//fm-turnend-guard.IpXS2c/hook-idle/bin/fm-supervision-instructions.sh
++ cp /Users/AI/.no-mistakes/worktrees/edb446952c22/01M1EYV82B3ZA2ZEAH2A2NMK1R/bin/fm-harness.sh /var/folders/p3/95t2_00n2jl3r2cn79bfn18h0000gp/T//fm-turnend-guard.IpXS2c/hook-idle/bin/fm-harness.sh
++ cp /Users/AI/.no-mistakes/worktrees/edb446952c22/01M1EYV82B3ZA2ZEAH2A2NMK1R/bin/fm-primary-scope-lib.sh /var/folders/p3/95t2_00n2jl3r2cn79bfn18h0000gp/T//fm-turnend-guard.IpXS2c/hook-idle/bin/fm-primary-scope-lib.sh
++ cp /Users/AI/.no-mistakes/worktrees/edb446952c22/01M1EYV82B3ZA2ZEAH2A2NMK1R/bin/fm-supervision-lib.sh /var/folders/p3/95t2_00n2jl3r2cn79bfn18h0000gp/T//fm-turnend-guard.IpXS2c/hook-idle/bin/fm-supervision-lib.sh
++ cp /Users/AI/.no-mistakes/worktrees/edb446952c22/01M1EYV82B3ZA2ZEAH2A2NMK1R/bin/fm-wake-lib.sh /var/folders/p3/95t2_00n2jl3r2cn79bfn18h0000gp/T//fm-turnend-guard.IpXS2c/hook-idle/bin/fm-wake-lib.sh
++ cp /Users/AI/.no-mistakes/worktrees/edb446952c22/01M1EYV82B3ZA2ZEAH2A2NMK1R/bin/fm-hook-host-lib.sh /var/folders/p3/95t2_00n2jl3r2cn79bfn18h0000gp/T//fm-turnend-guard.IpXS2c/hook-idle/bin/fm-hook-host-lib.sh
++ cp /Users/AI/.no-mistakes/worktrees/edb446952c22/01M1EYV82B3ZA2ZEAH2A2NMK1R/bin/fm-timeout-lib.sh /var/folders/p3/95t2_00n2jl3r2cn79bfn18h0000gp/T//fm-turnend-guard.IpXS2c/hook-idle/bin/fm-timeout-lib.sh
++ cp /Users/AI/.no-mistakes/worktrees/edb446952c22/01M1EYV82B3ZA2ZEAH2A2NMK1R/bin/fm-owner-invoke-wait-check.sh /var/folders/p3/95t2_00n2jl3r2cn79bfn18h0000gp/T//fm-turnend-guard.IpXS2c/hook-idle/bin/fm-owner-invoke-wait-check.sh
++ mkdir -p /var/folders/p3/95t2_00n2jl3r2cn79bfn18h0000gp/T//fm-turnend-guard.IpXS2c/hook-idle/docs
++ cp -R /Users/AI/.no-mistakes/worktrees/edb446952c22/01M1EYV82B3ZA2ZEAH2A2NMK1R/docs/supervision-protocols /var/folders/p3/95t2_00n2jl3r2cn79bfn18h0000gp/T//fm-turnend-guard.IpXS2c/hook-idle/docs/supervision-protocols
++ chmod +x /var/folders/p3/95t2_00n2jl3r2cn79bfn18h0000gp/T//fm-turnend-guard.IpXS2c/hook-idle/bin/fm-turnend-guard.sh /var/folders/p3/95t2_00n2jl3r2cn79bfn18h0000gp/T//fm-turnend-guard.IpXS2c/hook-idle/bin/fm-turnend-guard-grok.sh /var/folders/p3/95t2_00n2jl3r2cn79bfn18h0000gp/T//fm-turnend-guard.IpXS2c/hook-idle/bin/fm-operational-input.sh /var/folders/p3/95t2_00n2jl3r2cn79bfn18h0000gp/T//fm-turnend-guard.IpXS2c/hook-idle/bin/fm-supervision-instructions.sh /var/folders/p3/95t2_00n2jl3r2cn79bfn18h0000gp/T//fm-turnend-guard.IpXS2c/hook-idle/bin/fm-harness.sh /var/folders/p3/95t2_00n2jl3r2cn79bfn18h0000gp/T//fm-turnend-guard.IpXS2c/hook-idle/bin/fm-owner-invoke-wait-check.sh
++ printf '%s\n' /var/folders/p3/95t2_00n2jl3r2cn79bfn18h0000gp/T//fm-turnend-guard.IpXS2c/hook-idle
+ dir=/var/folders/p3/95t2_00n2jl3r2cn79bfn18h0000gp/T//fm-turnend-guard.IpXS2c/hook-idle
++ run_hook /var/folders/p3/95t2_00n2jl3r2cn79bfn18h0000gp/T//fm-turnend-guard.IpXS2c/hook-idle false
++ local dir=/var/folders/p3/95t2_00n2jl3r2cn79bfn18h0000gp/T//fm-turnend-guard.IpXS2c/hook-idle stop_active=false home
+++ cd /var/folders/p3/95t2_00n2jl3r2cn79bfn18h0000gp/T//fm-turnend-guard.IpXS2c/hook-idle
+++ pwd
++ home=/var/folders/p3/95t2_00n2jl3r2cn79bfn18h0000gp/T/fm-turnend-guard.IpXS2c/hook-idle
++ printf '{"stop_hook_active":%s}' false
++ CLAUDECODE=1
++ FM_HOME=/var/folders/p3/95t2_00n2jl3r2cn79bfn18h0000gp/T/fm-turnend-guard.IpXS2c/hook-idle
++ bash /var/folders/p3/95t2_00n2jl3r2cn79bfn18h0000gp/T//fm-turnend-guard.IpXS2c/hook-idle/bin/fm-turnend-guard.sh
+ out=
+ status=0
+ expect_code 0 0 'hook must exit 0 with no in-flight work'
+ local expected=0 actual=0 'label=hook must exit 0 with no in-flight work'
+ '[' 0 = 0 ']'
+ '[' -z '' ']'
+ pass 'fm-turnend-guard: silent no-op with nothing in flight'
+ printf 'ok - %s\n' 'fm-turnend-guard: silent no-op with nothing in flight'
ok - fm-turnend-guard: silent no-op with nothing in flight
+ test_hook_refuses_prose_only_ready_action
+ local dir out status
++ make_primary_dir /var/folders/p3/95t2_00n2jl3r2cn79bfn18h0000gp/T//fm-turnend-guard.IpXS2c/hook-ready-no-owner
++ local dir=/var/folders/p3/95t2_00n2jl3r2cn79bfn18h0000gp/T//fm-turnend-guard.IpXS2c/hook-ready-no-owner
++ mkdir -p /var/folders/p3/95t2_00n2jl3r2cn79bfn18h0000gp/T//fm-turnend-guard.IpXS2c/hook-ready-no-owner/state
++ git init -q /var/folders/p3/95t2_00n2jl3r2cn79bfn18h0000gp/T//fm-turnend-guard.IpXS2c/hook-ready-no-owner
++ git -C /var/folders/p3/95t2_00n2jl3r2cn79bfn18h0000gp/T//fm-turnend-guard.IpXS2c/hook-ready-no-owner commit -q --allow-empty -m init
++ :
++ install_guard_scripts /var/folders/p3/95t2_00n2jl3r2cn79bfn18h0000gp/T//fm-turnend-guard.IpXS2c/hook-ready-no-owner
++ local dir=/var/folders/p3/95t2_00n2jl3r2cn79bfn18h0000gp/T//fm-turnend-guard.IpXS2c/hook-ready-no-owner
++ mkdir -p /var/folders/p3/95t2_00n2jl3r2cn79bfn18h0000gp/T//fm-turnend-guard.IpXS2c/hook-ready-no-owner/bin
++ cp /Users/AI/.no-mistakes/worktrees/edb446952c22/01M1EYV82B3ZA2ZEAH2A2NMK1R/bin/fm-turnend-guard.sh /var/folders/p3/95t2_00n2jl3r2cn79bfn18h0000gp/T//fm-turnend-guard.IpXS2c/hook-ready-no-owner/bin/fm-turnend-guard.sh
++ cp /Users/AI/.no-mistakes/worktrees/edb446952c22/01M1EYV82B3ZA2ZEAH2A2NMK1R/bin/fm-turnend-guard-grok.sh /var/folders/p3/95t2_00n2jl3r2cn79bfn18h0000gp/T//fm-turnend-guard.IpXS2c/hook-ready-no-owner/bin/fm-turnend-guard-grok.sh
++ cp /Users/AI/.no-mistakes/worktrees/edb446952c22/01M1EYV82B3ZA2ZEAH2A2NMK1R/bin/fm-operational-input.sh /var/folders/p3/95t2_00n2jl3r2cn79bfn18h0000gp/T//fm-turnend-guard.IpXS2c/hook-ready-no-owner/bin/fm-operational-input.sh
++ cp /Users/AI/.no-mistakes/worktrees/edb446952c22/01M1EYV82B3ZA2ZEAH2A2NMK1R/bin/fm-supervision-instructions.sh /var/folders/p3/95t2_00n2jl3r2cn79bfn18h0000gp/T//fm-turnend-guard.IpXS2c/hook-ready-no-owner/bin/fm-supervision-instructions.sh
++ cp /Users/AI/.no-mistakes/worktrees/edb446952c22/01M1EYV82B3ZA2ZEAH2A2NMK1R/bin/fm-harness.sh /var/folders/p3/95t2_00n2jl3r2cn79bfn18h0000gp/T//fm-turnend-guard.IpXS2c/hook-ready-no-owner/bin/fm-harness.sh
++ cp /Users/AI/.no-mistakes/worktrees/edb446952c22/01M1EYV82B3ZA2ZEAH2A2NMK1R/bin/fm-primary-scope-lib.sh /var/folders/p3/95t2_00n2jl3r2cn79bfn18h0000gp/T//fm-turnend-guard.IpXS2c/hook-ready-no-owner/bin/fm-primary-scope-lib.sh
++ cp /Users/AI/.no-mistakes/worktrees/edb446952c22/01M1EYV82B3ZA2ZEAH2A2NMK1R/bin/fm-supervision-lib.sh /var/folders/p3/95t2_00n2jl3r2cn79bfn18h0000gp/T//fm-turnend-guard.IpXS2c/hook-ready-no-owner/bin/fm-supervision-lib.sh
++ cp /Users/AI/.no-mistakes/worktrees/edb446952c22/01M1EYV82B3ZA2ZEAH2A2NMK1R/bin/fm-wake-lib.sh /var/folders/p3/95t2_00n2jl3r2cn79bfn18h0000gp/T//fm-turnend-guard.IpXS2c/hook-ready-no-owner/bin/fm-wake-lib.sh
++ cp /Users/AI/.no-mistakes/worktrees/edb446952c22/01M1EYV82B3ZA2ZEAH2A2NMK1R/bin/fm-hook-host-lib.sh /var/folders/p3/95t2_00n2jl3r2cn79bfn18h0000gp/T//fm-turnend-guard.IpXS2c/hook-ready-no-owner/bin/fm-hook-host-lib.sh
++ cp /Users/AI/.no-mistakes/worktrees/edb446952c22/01M1EYV82B3ZA2ZEAH2A2NMK1R/bin/fm-timeout-lib.sh /var/folders/p3/95t2_00n2jl3r2cn79bfn18h0000gp/T//fm-turnend-guard.IpXS2c/hook-ready-no-owner/bin/fm-timeout-lib.sh
++ cp /Users/AI/.no-mistakes/worktrees/edb446952c22/01M1EYV82B3ZA2ZEAH2A2NMK1R/bin/fm-owner-invoke-wait-check.sh /var/folders/p3/95t2_00n2jl3r2cn79bfn18h0000gp/T//fm-turnend-guard.IpXS2c/hook-ready-no-owner/bin/fm-owner-invoke-wait-check.sh
++ mkdir -p /var/folders/p3/95t2_00n2jl3r2cn79bfn18h0000gp/T//fm-turnend-guard.IpXS2c/hook-ready-no-owner/docs
++ cp -R /Users/AI/.no-mistakes/worktrees/edb446952c22/01M1EYV82B3ZA2ZEAH2A2NMK1R/docs/supervision-protocols /var/folders/p3/95t2_00n2jl3r2cn79bfn18h0000gp/T//fm-turnend-guard.IpXS2c/hook-ready-no-owner/docs/supervision-protocols
++ chmod +x /var/folders/p3/95t2_00n2jl3r2cn79bfn18h0000gp/T//fm-turnend-guard.IpXS2c/hook-ready-no-owner/bin/fm-turnend-guard.sh /var/folders/p3/95t2_00n2jl3r2cn79bfn18h0000gp/T//fm-turnend-guard.IpXS2c/hook-ready-no-owner/bin/fm-turnend-guard-grok.sh /var/folders/p3/95t2_00n2jl3r2cn79bfn18h0000gp/T//fm-turnend-guard.IpXS2c/hook-ready-no-owner/bin/fm-operational-input.sh /var/folders/p3/95t2_00n2jl3r2cn79bfn18h0000gp/T//fm-turnend-guard.IpXS2c/hook-ready-no-owner/bin/fm-supervision-instructions.sh /var/folders/p3/95t2_00n2jl3r2cn79bfn18h0000gp/T//fm-turnend-guard.IpXS2c/hook-ready-no-owner/bin/fm-harness.sh /var/folders/p3/95t2_00n2jl3r2cn79bfn18h0000gp/T//fm-turnend-guard.IpXS2c/hook-ready-no-owner/bin/fm-owner-invoke-wait-check.sh
++ printf '%s\n' /var/folders/p3/95t2_00n2jl3r2cn79bfn18h0000gp/T//fm-turnend-guard.IpXS2c/hook-ready-no-owner
+ dir=/var/folders/p3/95t2_00n2jl3r2cn79bfn18h0000gp/T//fm-turnend-guard.IpXS2c/hook-ready-no-owner
+ write_fake_ready_tasks_axi /var/folders/p3/95t2_00n2jl3r2cn79bfn18h0000gp/T//fm-turnend-guard.IpXS2c/hook-ready-no-owner map-s3
+ local dir=/var/folders/p3/95t2_00n2jl3r2cn79bfn18h0000gp/T//fm-turnend-guard.IpXS2c/hook-ready-no-owner
+ shift
+ mkdir -p /var/folders/p3/95t2_00n2jl3r2cn79bfn18h0000gp/T//fm-turnend-guard.IpXS2c/hook-ready-no-owner/fakebin /var/folders/p3/95t2_00n2jl3r2cn79bfn18h0000gp/T//fm-turnend-guard.IpXS2c/hook-ready-no-owner/data
+ printf '%s\n' '# backlog fixture'
+ cat
+ chmod +x /var/folders/p3/95t2_00n2jl3r2cn79bfn18h0000gp/T//fm-turnend-guard.IpXS2c/hook-ready-no-owner/fakebin/tasks-axi
+ FM_FAKE_READY_IDS=map-s3
+ export FM_FAKE_READY_IDS
++ PATH=/var/folders/p3/95t2_00n2jl3r2cn79bfn18h0000gp/T//fm-turnend-guard.IpXS2c/hook-ready-no-owner/fakebin:/Users/AI/.grok/bin:/Users/AI/bin:/Users/AI/.homebrew/opt/node@24/bin:/Users/AI/.local/bin:/Users/AI/.homebrew/bin:/Users/AI/.homebrew/sbin:/usr/local/bin:/System/Cryptexes/App/usr/bin:/usr/bin:/bin:/usr/sbin:/sbin:/var/run/com.apple.security.cryptexd/codex.system/bootstrap/usr/local/bin:/var/run/com.apple.security.cryptexd/codex.system/bootstrap/usr/bin:/var/run/com.apple.security.cryptexd/codex.system/bootstrap/usr/appleinternal/bin:/pkg/env/global/bin:/opt/homebrew/bin:/Users/AI/.codex/tmp/arg0/codex-arg019qtEJ:/Users/AI/.grok/bin:/Users/AI/bin:/Users/AI/.homebrew/opt/node@24/bin:/Users/AI/.local/bin:/Users/AI/go/bin:/Users/AI/.cargo/bin:/opt/homebrew/sbin:/usr/local/sbin
++ run_hook /var/folders/p3/95t2_00n2jl3r2cn79bfn18h0000gp/T//fm-turnend-guard.IpXS2c/hook-ready-no-owner false
++ local dir=/var/folders/p3/95t2_00n2jl3r2cn79bfn18h0000gp/T//fm-turnend-guard.IpXS2c/hook-ready-no-owner stop_active=false home
+++ cd /var/folders/p3/95t2_00n2jl3r2cn79bfn18h0000gp/T//fm-turnend-guard.IpXS2c/hook-ready-no-owner
+++ pwd
++ home=/var/folders/p3/95t2_00n2jl3r2cn79bfn18h0000gp/T/fm-turnend-guard.IpXS2c/hook-ready-no-owner
++ printf '{"stop_hook_active":%s}' false
++ CLAUDECODE=1
++ FM_HOME=/var/folders/p3/95t2_00n2jl3r2cn79bfn18h0000gp/T/fm-turnend-guard.IpXS2c/hook-ready-no-owner
++ bash /var/folders/p3/95t2_00n2jl3r2cn79bfn18h0000gp/T//fm-turnend-guard.IpXS2c/hook-ready-no-owner/bin/fm-turnend-guard.sh
+ out='●━━━━━━━━━━━━━━━━━━━━━━━━━━━━━━━━━━━━━━━━━━━━━━━━━━━━━━━━━━━━━━━━━━━━━━━
●  READY ACTION HAS NO WORKER
●  map-s3 is unblocked and queued, but this turn spawned or steered no matching worker.
●  Dispatch it now, or record its concrete blocker so tasks-axi no longer reports it ready. A plan, another go question, or “when you want” is not done.
●━━━━━━━━━━━━━━━━━━━━━━━━━━━━━━━━━━━━━━━━━━━━━━━━━━━━━━━━━━━━━━━━━━━━━━━'
+ status=2
+ unset FM_FAKE_READY_IDS
+ expect_code 2 2 'turn end must refuse an unblocked ready ticket with no worker'
+ local expected=2 actual=2 'label=turn end must refuse an unblocked ready ticket with no worker'
+ '[' 2 = 2 ']'
+ assert_contains '●━━━━━━━━━━━━━━━━━━━━━━━━━━━━━━━━━━━━━━━━━━━━━━━━━━━━━━━━━━━━━━━━━━━━━━━
●  READY ACTION HAS NO WORKER
●  map-s3 is unblocked and queued, but this turn spawned or steered no matching worker.
●  Dispatch it now, or record its concrete blocker so tasks-axi no longer reports it ready. A plan, another go question, or “when you want” is not done.
●━━━━━━━━━━━━━━━━━━━━━━━━━━━━━━━━━━━━━━━━━━━━━━━━━━━━━━━━━━━━━━━━━━━━━━━' 'map-s3 is unblocked and queued' 'ready-action refusal did not name the ownerless ticket'
+ case "$1" in
+ :
+ assert_contains '●━━━━━━━━━━━━━━━━━━━━━━━━━━━━━━━━━━━━━━━━━━━━━━━━━━━━━━━━━━━━━━━━━━━━━━━
●  READY ACTION HAS NO WORKER
●  map-s3 is unblocked and queued, but this turn spawned or steered no matching worker.
●  Dispatch it now, or record its concrete blocker so tasks-axi no longer reports it ready. A plan, another go question, or “when you want” is not done.
●━━━━━━━━━━━━━━━━━━━━━━━━━━━━━━━━━━━━━━━━━━━━━━━━━━━━━━━━━━━━━━━━━━━━━━━' 'A plan, another go question, or “when you want” is not done.' 'ready-action refusal did not reject prose-only completion'
+ case "$1" in
+ :
+ pass 'fm-turnend-guard: a ready map ticket cannot end as prose-only waiting'
+ printf 'ok - %s\n' 'fm-turnend-guard: a ready map ticket cannot end as prose-only waiting'
ok - fm-turnend-guard: a ready map ticket cannot end as prose-only waiting
+ test_hook_ready_action_checks_every_ready_ticket
+ local dir out status
++ make_primary_dir /var/folders/p3/95t2_00n2jl3r2cn79bfn18h0000gp/T//fm-turnend-guard.IpXS2c/hook-ready-later-unowned
++ local dir=/var/folders/p3/95t2_00n2jl3r2cn79bfn18h0000gp/T//fm-turnend-guard.IpXS2c/hook-ready-later-unowned
++ mkdir -p /var/folders/p3/95t2_00n2jl3r2cn79bfn18h0000gp/T//fm-turnend-guard.IpXS2c/hook-ready-later-unowned/state
++ git init -q /var/folders/p3/95t2_00n2jl3r2cn79bfn18h0000gp/T//fm-turnend-guard.IpXS2c/hook-ready-later-unowned
++ git -C /var/folders/p3/95t2_00n2jl3r2cn79bfn18h0000gp/T//fm-turnend-guard.IpXS2c/hook-ready-later-unowned commit -q --allow-empty -m init
++ :
++ install_guard_scripts /var/folders/p3/95t2_00n2jl3r2cn79bfn18h0000gp/T//fm-turnend-guard.IpXS2c/hook-ready-later-unowned
++ local dir=/var/folders/p3/95t2_00n2jl3r2cn79bfn18h0000gp/T//fm-turnend-guard.IpXS2c/hook-ready-later-unowned
++ mkdir -p /var/folders/p3/95t2_00n2jl3r2cn79bfn18h0000gp/T//fm-turnend-guard.IpXS2c/hook-ready-later-unowned/bin
++ cp /Users/AI/.no-mistakes/worktrees/edb446952c22/01M1EYV82B3ZA2ZEAH2A2NMK1R/bin/fm-turnend-guard.sh /var/folders/p3/95t2_00n2jl3r2cn79bfn18h0000gp/T//fm-turnend-guard.IpXS2c/hook-ready-later-unowned/bin/fm-turnend-guard.sh
++ cp /Users/AI/.no-mistakes/worktrees/edb446952c22/01M1EYV82B3ZA2ZEAH2A2NMK1R/bin/fm-turnend-guard-grok.sh /var/folders/p3/95t2_00n2jl3r2cn79bfn18h0000gp/T//fm-turnend-guard.IpXS2c/hook-ready-later-unowned/bin/fm-turnend-guard-grok.sh
++ cp /Users/AI/.no-mistakes/worktrees/edb446952c22/01M1EYV82B3ZA2ZEAH2A2NMK1R/bin/fm-operational-input.sh /var/folders/p3/95t2_00n2jl3r2cn79bfn18h0000gp/T//fm-turnend-guard.IpXS2c/hook-ready-later-unowned/bin/fm-operational-input.sh
++ cp /Users/AI/.no-mistakes/worktrees/edb446952c22/01M1EYV82B3ZA2ZEAH2A2NMK1R/bin/fm-supervision-instructions.sh /var/folders/p3/95t2_00n2jl3r2cn79bfn18h0000gp/T//fm-turnend-guard.IpXS2c/hook-ready-later-unowned/bin/fm-supervision-instructions.sh
++ cp /Users/AI/.no-mistakes/worktrees/edb446952c22/01M1EYV82B3ZA2ZEAH2A2NMK1R/bin/fm-harness.sh /var/folders/p3/95t2_00n2jl3r2cn79bfn18h0000gp/T//fm-turnend-guard.IpXS2c/hook-ready-later-unowned/bin/fm-harness.sh
++ cp /Users/AI/.no-mistakes/worktrees/edb446952c22/01M1EYV82B3ZA2ZEAH2A2NMK1R/bin/fm-primary-scope-lib.sh /var/folders/p3/95t2_00n2jl3r2cn79bfn18h0000gp/T//fm-turnend-guard.IpXS2c/hook-ready-later-unowned/bin/fm-primary-scope-lib.sh
++ cp /Users/AI/.no-mistakes/worktrees/edb446952c22/01M1EYV82B3ZA2ZEAH2A2NMK1R/bin/fm-supervision-lib.sh /var/folders/p3/95t2_00n2jl3r2cn79bfn18h0000gp/T//fm-turnend-guard.IpXS2c/hook-ready-later-unowned/bin/fm-supervision-lib.sh
++ cp /Users/AI/.no-mistakes/worktrees/edb446952c22/01M1EYV82B3ZA2ZEAH2A2NMK1R/bin/fm-wake-lib.sh /var/folders/p3/95t2_00n2jl3r2cn79bfn18h0000gp/T//fm-turnend-guard.IpXS2c/hook-ready-later-unowned/bin/fm-wake-lib.sh
++ cp /Users/AI/.no-mistakes/worktrees/edb446952c22/01M1EYV82B3ZA2ZEAH2A2NMK1R/bin/fm-hook-host-lib.sh /var/folders/p3/95t2_00n2jl3r2cn79bfn18h0000gp/T//fm-turnend-guard.IpXS2c/hook-ready-later-unowned/bin/fm-hook-host-lib.sh
++ cp /Users/AI/.no-mistakes/worktrees/edb446952c22/01M1EYV82B3ZA2ZEAH2A2NMK1R/bin/fm-timeout-lib.sh /var/folders/p3/95t2_00n2jl3r2cn79bfn18h0000gp/T//fm-turnend-guard.IpXS2c/hook-ready-later-unowned/bin/fm-timeout-lib.sh
++ cp /Users/AI/.no-mistakes/worktrees/edb446952c22/01M1EYV82B3ZA2ZEAH2A2NMK1R/bin/fm-owner-invoke-wait-check.sh /var/folders/p3/95t2_00n2jl3r2cn79bfn18h0000gp/T//fm-turnend-guard.IpXS2c/hook-ready-later-unowned/bin/fm-owner-invoke-wait-check.sh
++ mkdir -p /var/folders/p3/95t2_00n2jl3r2cn79bfn18h0000gp/T//fm-turnend-guard.IpXS2c/hook-ready-later-unowned/docs
++ cp -R /Users/AI/.no-mistakes/worktrees/edb446952c22/01M1EYV82B3ZA2ZEAH2A2NMK1R/docs/supervision-protocols /var/folders/p3/95t2_00n2jl3r2cn79bfn18h0000gp/T//fm-turnend-guard.IpXS2c/hook-ready-later-unowned/docs/supervision-protocols
++ chmod +x /var/folders/p3/95t2_00n2jl3r2cn79bfn18h0000gp/T//fm-turnend-guard.IpXS2c/hook-ready-later-unowned/bin/fm-turnend-guard.sh /var/folders/p3/95t2_00n2jl3r2cn79bfn18h0000gp/T//fm-turnend-guard.IpXS2c/hook-ready-later-unowned/bin/fm-turnend-guard-grok.sh /var/folders/p3/95t2_00n2jl3r2cn79bfn18h0000gp/T//fm-turnend-guard.IpXS2c/hook-ready-later-unowned/bin/fm-operational-input.sh /var/folders/p3/95t2_00n2jl3r2cn79bfn18h0000gp/T//fm-turnend-guard.IpXS2c/hook-ready-later-unowned/bin/fm-supervision-instructions.sh /var/folders/p3/95t2_00n2jl3r2cn79bfn18h0000gp/T//fm-turnend-guard.IpXS2c/hook-ready-later-unowned/bin/fm-harness.sh /var/folders/p3/95t2_00n2jl3r2cn79bfn18h0000gp/T//fm-turnend-guard.IpXS2c/hook-ready-later-unowned/bin/fm-owner-invoke-wait-check.sh
++ printf '%s\n' /var/folders/p3/95t2_00n2jl3r2cn79bfn18h0000gp/T//fm-turnend-guard.IpXS2c/hook-ready-later-unowned
+ dir=/var/folders/p3/95t2_00n2jl3r2cn79bfn18h0000gp/T//fm-turnend-guard.IpXS2c/hook-ready-later-unowned
+ write_fake_ready_tasks_axi /var/folders/p3/95t2_00n2jl3r2cn79bfn18h0000gp/T//fm-turnend-guard.IpXS2c/hook-ready-later-unowned map-s3 map-s4
+ local dir=/var/folders/p3/95t2_00n2jl3r2cn79bfn18h0000gp/T//fm-turnend-guard.IpXS2c/hook-ready-later-unowned
+ shift
+ mkdir -p /var/folders/p3/95t2_00n2jl3r2cn79bfn18h0000gp/T//fm-turnend-guard.IpXS2c/hook-ready-later-unowned/fakebin /var/folders/p3/95t2_00n2jl3r2cn79bfn18h0000gp/T//fm-turnend-guard.IpXS2c/hook-ready-later-unowned/data
+ printf '%s\n' '# backlog fixture'
+ cat
+ chmod +x /var/folders/p3/95t2_00n2jl3r2cn79bfn18h0000gp/T//fm-turnend-guard.IpXS2c/hook-ready-later-unowned/fakebin/tasks-axi
+ FM_FAKE_READY_IDS='map-s3 map-s4'
+ export FM_FAKE_READY_IDS
+ printf '%s\n' kind=ship
++ PATH=/var/folders/p3/95t2_00n2jl3r2cn79bfn18h0000gp/T//fm-turnend-guard.IpXS2c/hook-ready-later-unowned/fakebin:/Users/AI/.grok/bin:/Users/AI/bin:/Users/AI/.homebrew/opt/node@24/bin:/Users/AI/.local/bin:/Users/AI/.homebrew/bin:/Users/AI/.homebrew/sbin:/usr/local/bin:/System/Cryptexes/App/usr/bin:/usr/bin:/bin:/usr/sbin:/sbin:/var/run/com.apple.security.cryptexd/codex.system/bootstrap/usr/local/bin:/var/run/com.apple.security.cryptexd/codex.system/bootstrap/usr/bin:/var/run/com.apple.security.cryptexd/codex.system/bootstrap/usr/appleinternal/bin:/pkg/env/global/bin:/opt/homebrew/bin:/Users/AI/.codex/tmp/arg0/codex-arg019qtEJ:/Users/AI/.grok/bin:/Users/AI/bin:/Users/AI/.homebrew/opt/node@24/bin:/Users/AI/.local/bin:/Users/AI/go/bin:/Users/AI/.cargo/bin:/opt/homebrew/sbin:/usr/local/sbin
++ run_hook /var/folders/p3/95t2_00n2jl3r2cn79bfn18h0000gp/T//fm-turnend-guard.IpXS2c/hook-ready-later-unowned false
++ local dir=/var/folders/p3/95t2_00n2jl3r2cn79bfn18h0000gp/T//fm-turnend-guard.IpXS2c/hook-ready-later-unowned stop_active=false home
+++ cd /var/folders/p3/95t2_00n2jl3r2cn79bfn18h0000gp/T//fm-turnend-guard.IpXS2c/hook-ready-later-unowned
+++ pwd
++ home=/var/folders/p3/95t2_00n2jl3r2cn79bfn18h0000gp/T/fm-turnend-guard.IpXS2c/hook-ready-later-unowned
++ printf '{"stop_hook_active":%s}' false
++ CLAUDECODE=1
++ FM_HOME=/var/folders/p3/95t2_00n2jl3r2cn79bfn18h0000gp/T/fm-turnend-guard.IpXS2c/hook-ready-later-unowned
++ bash /var/folders/p3/95t2_00n2jl3r2cn79bfn18h0000gp/T//fm-turnend-guard.IpXS2c/hook-ready-later-unowned/bin/fm-turnend-guard.sh
+ out='●━━━━━━━━━━━━━━━━━━━━━━━━━━━━━━━━━━━━━━━━━━━━━━━━━━━━━━━━━━━━━━━━━━━━━━━
●  READY ACTION HAS NO WORKER
●  map-s4 is unblocked and queued, but this turn spawned or steered no matching worker.
●  Dispatch it now, or record its concrete blocker so tasks-axi no longer reports it ready. A plan, another go question, or “when you want” is not done.
●━━━━━━━━━━━━━━━━━━━━━━━━━━━━━━━━━━━━━━━━━━━━━━━━━━━━━━━━━━━━━━━━━━━━━━━'
+ status=2
+ unset FM_FAKE_READY_IDS
+ expect_code 2 2 'turn end must refuse when any later ready ticket lacks a worker'
+ local expected=2 actual=2 'label=turn end must refuse when any later ready ticket lacks a worker'
+ '[' 2 = 2 ']'
+ assert_contains '●━━━━━━━━━━━━━━━━━━━━━━━━━━━━━━━━━━━━━━━━━━━━━━━━━━━━━━━━━━━━━━━━━━━━━━━
●  READY ACTION HAS NO WORKER
●  map-s4 is unblocked and queued, but this turn spawned or steered no matching worker.
●  Dispatch it now, or record its concrete blocker so tasks-axi no longer reports it ready. A plan, another go question, or “when you want” is not done.
●━━━━━━━━━━━━━━━━━━━━━━━━━━━━━━━━━━━━━━━━━━━━━━━━━━━━━━━━━━━━━━━━━━━━━━━' 'map-s4 is unblocked and queued' 'ready-action refusal did not name the first ownerless ready ticket'
+ case "$1" in
+ :
+ pass 'fm-turnend-guard: every ready ticket must have a worker owner'
+ printf 'ok - %s\n' 'fm-turnend-guard: every ready ticket must have a worker owner'
ok - fm-turnend-guard: every ready ticket must have a worker owner
+ test_hook_ready_action_accepts_matching_worker_owner
+ local dir pid identity out status
++ make_primary_dir /var/folders/p3/95t2_00n2jl3r2cn79bfn18h0000gp/T//fm-turnend-guard.IpXS2c/hook-ready-owned
++ local dir=/var/folders/p3/95t2_00n2jl3r2cn79bfn18h0000gp/T//fm-turnend-guard.IpXS2c/hook-ready-owned
++ mkdir -p /var/folders/p3/95t2_00n2jl3r2cn79bfn18h0000gp/T//fm-turnend-guard.IpXS2c/hook-ready-owned/state
++ git init -q /var/folders/p3/95t2_00n2jl3r2cn79bfn18h0000gp/T//fm-turnend-guard.IpXS2c/hook-ready-owned
++ git -C /var/folders/p3/95t2_00n2jl3r2cn79bfn18h0000gp/T//fm-turnend-guard.IpXS2c/hook-ready-owned commit -q --allow-empty -m init
++ :
++ install_guard_scripts /var/folders/p3/95t2_00n2jl3r2cn79bfn18h0000gp/T//fm-turnend-guard.IpXS2c/hook-ready-owned
++ local dir=/var/folders/p3/95t2_00n2jl3r2cn79bfn18h0000gp/T//fm-turnend-guard.IpXS2c/hook-ready-owned
++ mkdir -p /var/folders/p3/95t2_00n2jl3r2cn79bfn18h0000gp/T//fm-turnend-guard.IpXS2c/hook-ready-owned/bin
++ cp /Users/AI/.no-mistakes/worktrees/edb446952c22/01M1EYV82B3ZA2ZEAH2A2NMK1R/bin/fm-turnend-guard.sh /var/folders/p3/95t2_00n2jl3r2cn79bfn18h0000gp/T//fm-turnend-guard.IpXS2c/hook-ready-owned/bin/fm-turnend-guard.sh
++ cp /Users/AI/.no-mistakes/worktrees/edb446952c22/01M1EYV82B3ZA2ZEAH2A2NMK1R/bin/fm-turnend-guard-grok.sh /var/folders/p3/95t2_00n2jl3r2cn79bfn18h0000gp/T//fm-turnend-guard.IpXS2c/hook-ready-owned/bin/fm-turnend-guard-grok.sh
++ cp /Users/AI/.no-mistakes/worktrees/edb446952c22/01M1EYV82B3ZA2ZEAH2A2NMK1R/bin/fm-operational-input.sh /var/folders/p3/95t2_00n2jl3r2cn79bfn18h0000gp/T//fm-turnend-guard.IpXS2c/hook-ready-owned/bin/fm-operational-input.sh
++ cp /Users/AI/.no-mistakes/worktrees/edb446952c22/01M1EYV82B3ZA2ZEAH2A2NMK1R/bin/fm-supervision-instructions.sh /var/folders/p3/95t2_00n2jl3r2cn79bfn18h0000gp/T//fm-turnend-guard.IpXS2c/hook-ready-owned/bin/fm-supervision-instructions.sh
++ cp /Users/AI/.no-mistakes/worktrees/edb446952c22/01M1EYV82B3ZA2ZEAH2A2NMK1R/bin/fm-harness.sh /var/folders/p3/95t2_00n2jl3r2cn79bfn18h0000gp/T//fm-turnend-guard.IpXS2c/hook-ready-owned/bin/fm-harness.sh
++ cp /Users/AI/.no-mistakes/worktrees/edb446952c22/01M1EYV82B3ZA2ZEAH2A2NMK1R/bin/fm-primary-scope-lib.sh /var/folders/p3/95t2_00n2jl3r2cn79bfn18h0000gp/T//fm-turnend-guard.IpXS2c/hook-ready-owned/bin/fm-primary-scope-lib.sh
++ cp /Users/AI/.no-mistakes/worktrees/edb446952c22/01M1EYV82B3ZA2ZEAH2A2NMK1R/bin/fm-supervision-lib.sh /var/folders/p3/95t2_00n2jl3r2cn79bfn18h0000gp/T//fm-turnend-guard.IpXS2c/hook-ready-owned/bin/fm-supervision-lib.sh
++ cp /Users/AI/.no-mistakes/worktrees/edb446952c22/01M1EYV82B3ZA2ZEAH2A2NMK1R/bin/fm-wake-lib.sh /var/folders/p3/95t2_00n2jl3r2cn79bfn18h0000gp/T//fm-turnend-guard.IpXS2c/hook-ready-owned/bin/fm-wake-lib.sh
++ cp /Users/AI/.no-mistakes/worktrees/edb446952c22/01M1EYV82B3ZA2ZEAH2A2NMK1R/bin/fm-hook-host-lib.sh /var/folders/p3/95t2_00n2jl3r2cn79bfn18h0000gp/T//fm-turnend-guard.IpXS2c/hook-ready-owned/bin/fm-hook-host-lib.sh
++ cp /Users/AI/.no-mistakes/worktrees/edb446952c22/01M1EYV82B3ZA2ZEAH2A2NMK1R/bin/fm-timeout-lib.sh /var/folders/p3/95t2_00n2jl3r2cn79bfn18h0000gp/T//fm-turnend-guard.IpXS2c/hook-ready-owned/bin/fm-timeout-lib.sh
++ cp /Users/AI/.no-mistakes/worktrees/edb446952c22/01M1EYV82B3ZA2ZEAH2A2NMK1R/bin/fm-owner-invoke-wait-check.sh /var/folders/p3/95t2_00n2jl3r2cn79bfn18h0000gp/T//fm-turnend-guard.IpXS2c/hook-ready-owned/bin/fm-owner-invoke-wait-check.sh
++ mkdir -p /var/folders/p3/95t2_00n2jl3r2cn79bfn18h0000gp/T//fm-turnend-guard.IpXS2c/hook-ready-owned/docs
++ cp -R /Users/AI/.no-mistakes/worktrees/edb446952c22/01M1EYV82B3ZA2ZEAH2A2NMK1R/docs/supervision-protocols /var/folders/p3/95t2_00n2jl3r2cn79bfn18h0000gp/T//fm-turnend-guard.IpXS2c/hook-ready-owned/docs/supervision-protocols
++ chmod +x /var/folders/p3/95t2_00n2jl3r2cn79bfn18h0000gp/T//fm-turnend-guard.IpXS2c/hook-ready-owned/bin/fm-turnend-guard.sh /var/folders/p3/95t2_00n2jl3r2cn79bfn18h0000gp/T//fm-turnend-guard.IpXS2c/hook-ready-owned/bin/fm-turnend-guard-grok.sh /var/folders/p3/95t2_00n2jl3r2cn79bfn18h0000gp/T//fm-turnend-guard.IpXS2c/hook-ready-owned/bin/fm-operational-input.sh /var/folders/p3/95t2_00n2jl3r2cn79bfn18h0000gp/T//fm-turnend-guard.IpXS2c/hook-ready-owned/bin/fm-supervision-instructions.sh /var/folders/p3/95t2_00n2jl3r2cn79bfn18h0000gp/T//fm-turnend-guard.IpXS2c/hook-ready-owned/bin/fm-harness.sh /var/folders/p3/95t2_00n2jl3r2cn79bfn18h0000gp/T//fm-turnend-guard.IpXS2c/hook-ready-owned/bin/fm-owner-invoke-wait-check.sh
++ printf '%s\n' /var/folders/p3/95t2_00n2jl3r2cn79bfn18h0000gp/T//fm-turnend-guard.IpXS2c/hook-ready-owned
+ dir=/var/folders/p3/95t2_00n2jl3r2cn79bfn18h0000gp/T//fm-turnend-guard.IpXS2c/hook-ready-owned
+ write_fake_ready_tasks_axi /var/folders/p3/95t2_00n2jl3r2cn79bfn18h0000gp/T//fm-turnend-guard.IpXS2c/hook-ready-owned map-s3
+ local dir=/var/folders/p3/95t2_00n2jl3r2cn79bfn18h0000gp/T//fm-turnend-guard.IpXS2c/hook-ready-owned
+ shift
+ mkdir -p /var/folders/p3/95t2_00n2jl3r2cn79bfn18h0000gp/T//fm-turnend-guard.IpXS2c/hook-ready-owned/fakebin /var/folders/p3/95t2_00n2jl3r2cn79bfn18h0000gp/T//fm-turnend-guard.IpXS2c/hook-ready-owned/data
+ printf '%s\n' '# backlog fixture'
+ cat
+ chmod +x /var/folders/p3/95t2_00n2jl3r2cn79bfn18h0000gp/T//fm-turnend-guard.IpXS2c/hook-ready-owned/fakebin/tasks-axi
+ FM_FAKE_READY_IDS=map-s3
+ export FM_FAKE_READY_IDS
+ printf '%s\n' kind=ship
+ pid=95414
+ sleep 60
++ watcher_identity /var/folders/p3/95t2_00n2jl3r2cn79bfn18h0000gp/T//fm-turnend-guard.IpXS2c/hook-ready-owned 95414
++ local dir=/var/folders/p3/95t2_00n2jl3r2cn79bfn18h0000gp/T//fm-turnend-guard.IpXS2c/hook-ready-owned pid=95414
++ FM_STATE_OVERRIDE=/var/folders/p3/95t2_00n2jl3r2cn79bfn18h0000gp/T//fm-turnend-guard.IpXS2c/hook-ready-owned/state
++ bash -c '. "$1"; fm_pid_identity "$2"' _ /var/folders/p3/95t2_00n2jl3r2cn79bfn18h0000gp/T//fm-turnend-guard.IpXS2c/hook-ready-owned/bin/fm-wake-lib.sh 95414
+ identity='Wed Sep  2 01:11:08 2026     sleep 60'
+ record_watcher_lock /var/folders/p3/95t2_00n2jl3r2cn79bfn18h0000gp/T//fm-turnend-guard.IpXS2c/hook-ready-owned 95414 'Wed Sep  2 01:11:08 2026     sleep 60'
+ local dir=/var/folders/p3/95t2_00n2jl3r2cn79bfn18h0000gp/T//fm-turnend-guard.IpXS2c/hook-ready-owned pid=95414 'identity=Wed Sep  2 01:11:08 2026     sleep 60' root bin_dir
++ cd /var/folders/p3/95t2_00n2jl3r2cn79bfn18h0000gp/T//fm-turnend-guard.IpXS2c/hook-ready-owned
++ pwd
+ root=/var/folders/p3/95t2_00n2jl3r2cn79bfn18h0000gp/T/fm-turnend-guard.IpXS2c/hook-ready-owned
++ cd /var/folders/p3/95t2_00n2jl3r2cn79bfn18h0000gp/T//fm-turnend-guard.IpXS2c/hook-ready-owned/bin
++ pwd
+ bin_dir=/var/folders/p3/95t2_00n2jl3r2cn79bfn18h0000gp/T/fm-turnend-guard.IpXS2c/hook-ready-owned/bin
+ mkdir -p /var/folders/p3/95t2_00n2jl3r2cn79bfn18h0000gp/T//fm-turnend-guard.IpXS2c/hook-ready-owned/state/.watch.lock
+ printf '%s\n' 95414
+ printf '%s\n' /var/folders/p3/95t2_00n2jl3r2cn79bfn18h0000gp/T/fm-turnend-guard.IpXS2c/hook-ready-owned
+ printf '%s\n' /var/folders/p3/95t2_00n2jl3r2cn79bfn18h0000gp/T/fm-turnend-guard.IpXS2c/hook-ready-owned/bin/fm-watch.sh
+ printf '%s\n' 'Wed Sep  2 01:11:08 2026     sleep 60'
+ touch /var/folders/p3/95t2_00n2jl3r2cn79bfn18h0000gp/T//fm-turnend-guard.IpXS2c/hook-ready-owned/state/.last-watcher-beat
++ PATH=/var/folders/p3/95t2_00n2jl3r2cn79bfn18h0000gp/T//fm-turnend-guard.IpXS2c/hook-ready-owned/fakebin:/Users/AI/.grok/bin:/Users/AI/bin:/Users/AI/.homebrew/opt/node@24/bin:/Users/AI/.local/bin:/Users/AI/.homebrew/bin:/Users/AI/.homebrew/sbin:/usr/local/bin:/System/Cryptexes/App/usr/bin:/usr/bin:/bin:/usr/sbin:/sbin:/var/run/com.apple.security.cryptexd/codex.system/bootstrap/usr/local/bin:/var/run/com.apple.security.cryptexd/codex.system/bootstrap/usr/bin:/var/run/com.apple.security.cryptexd/codex.system/bootstrap/usr/appleinternal/bin:/pkg/env/global/bin:/opt/homebrew/bin:/Users/AI/.codex/tmp/arg0/codex-arg019qtEJ:/Users/AI/.grok/bin:/Users/AI/bin:/Users/AI/.homebrew/opt/node@24/bin:/Users/AI/.local/bin:/Users/AI/go/bin:/Users/AI/.cargo/bin:/opt/homebrew/sbin:/usr/local/sbin
++ run_hook /var/folders/p3/95t2_00n2jl3r2cn79bfn18h0000gp/T//fm-turnend-guard.IpXS2c/hook-ready-owned false
++ local dir=/var/folders/p3/95t2_00n2jl3r2cn79bfn18h0000gp/T//fm-turnend-guard.IpXS2c/hook-ready-owned stop_active=false home
+++ cd /var/folders/p3/95t2_00n2jl3r2cn79bfn18h0000gp/T//fm-turnend-guard.IpXS2c/hook-ready-owned
+++ pwd
++ home=/var/folders/p3/95t2_00n2jl3r2cn79bfn18h0000gp/T/fm-turnend-guard.IpXS2c/hook-ready-owned
++ printf '{"stop_hook_active":%s}' false
++ CLAUDECODE=1
++ FM_HOME=/var/folders/p3/95t2_00n2jl3r2cn79bfn18h0000gp/T/fm-turnend-guard.IpXS2c/hook-ready-owned
++ bash /var/folders/p3/95t2_00n2jl3r2cn79bfn18h0000gp/T//fm-turnend-guard.IpXS2c/hook-ready-owned/bin/fm-turnend-guard.sh
+ out=
+ status=0
+ kill 95414
+ wait 95414
+ true
+ unset FM_FAKE_READY_IDS
+ expect_code 0 0 'matching spawned or steerable worker must satisfy the ready-action gate'
+ local expected=0 actual=0 'label=matching spawned or steerable worker must satisfy the ready-action gate'
+ '[' 0 = 0 ']'
+ '[' -z '' ']'
+ pass 'fm-turnend-guard: matching worker metadata proves action instead of prose'
+ printf 'ok - %s\n' 'fm-turnend-guard: matching worker metadata proves action instead of prose'
ok - fm-turnend-guard: matching worker metadata proves action instead of prose
+ test_hook_refuses_held_map_next_without_worker
+ local dir log out status
++ make_primary_dir /var/folders/p3/95t2_00n2jl3r2cn79bfn18h0000gp/T//fm-turnend-guard.IpXS2c/hook-held-map-next
++ local dir=/var/folders/p3/95t2_00n2jl3r2cn79bfn18h0000gp/T//fm-turnend-guard.IpXS2c/hook-held-map-next
++ mkdir -p /var/folders/p3/95t2_00n2jl3r2cn79bfn18h0000gp/T//fm-turnend-guard.IpXS2c/hook-held-map-next/state
++ git init -q /var/folders/p3/95t2_00n2jl3r2cn79bfn18h0000gp/T//fm-turnend-guard.IpXS2c/hook-held-map-next
++ git -C /var/folders/p3/95t2_00n2jl3r2cn79bfn18h0000gp/T//fm-turnend-guard.IpXS2c/hook-held-map-next commit -q --allow-empty -m init
++ :
++ install_guard_scripts /var/folders/p3/95t2_00n2jl3r2cn79bfn18h0000gp/T//fm-turnend-guard.IpXS2c/hook-held-map-next
++ local dir=/var/folders/p3/95t2_00n2jl3r2cn79bfn18h0000gp/T//fm-turnend-guard.IpXS2c/hook-held-map-next
++ mkdir -p /var/folders/p3/95t2_00n2jl3r2cn79bfn18h0000gp/T//fm-turnend-guard.IpXS2c/hook-held-map-next/bin
++ cp /Users/AI/.no-mistakes/worktrees/edb446952c22/01M1EYV82B3ZA2ZEAH2A2NMK1R/bin/fm-turnend-guard.sh /var/folders/p3/95t2_00n2jl3r2cn79bfn18h0000gp/T//fm-turnend-guard.IpXS2c/hook-held-map-next/bin/fm-turnend-guard.sh
++ cp /Users/AI/.no-mistakes/worktrees/edb446952c22/01M1EYV82B3ZA2ZEAH2A2NMK1R/bin/fm-turnend-guard-grok.sh /var/folders/p3/95t2_00n2jl3r2cn79bfn18h0000gp/T//fm-turnend-guard.IpXS2c/hook-held-map-next/bin/fm-turnend-guard-grok.sh
++ cp /Users/AI/.no-mistakes/worktrees/edb446952c22/01M1EYV82B3ZA2ZEAH2A2NMK1R/bin/fm-operational-input.sh /var/folders/p3/95t2_00n2jl3r2cn79bfn18h0000gp/T//fm-turnend-guard.IpXS2c/hook-held-map-next/bin/fm-operational-input.sh
++ cp /Users/AI/.no-mistakes/worktrees/edb446952c22/01M1EYV82B3ZA2ZEAH2A2NMK1R/bin/fm-supervision-instructions.sh /var/folders/p3/95t2_00n2jl3r2cn79bfn18h0000gp/T//fm-turnend-guard.IpXS2c/hook-held-map-next/bin/fm-supervision-instructions.sh
++ cp /Users/AI/.no-mistakes/worktrees/edb446952c22/01M1EYV82B3ZA2ZEAH2A2NMK1R/bin/fm-harness.sh /var/folders/p3/95t2_00n2jl3r2cn79bfn18h0000gp/T//fm-turnend-guard.IpXS2c/hook-held-map-next/bin/fm-harness.sh
++ cp /Users/AI/.no-mistakes/worktrees/edb446952c22/01M1EYV82B3ZA2ZEAH2A2NMK1R/bin/fm-primary-scope-lib.sh /var/folders/p3/95t2_00n2jl3r2cn79bfn18h0000gp/T//fm-turnend-guard.IpXS2c/hook-held-map-next/bin/fm-primary-scope-lib.sh
++ cp /Users/AI/.no-mistakes/worktrees/edb446952c22/01M1EYV82B3ZA2ZEAH2A2NMK1R/bin/fm-supervision-lib.sh /var/folders/p3/95t2_00n2jl3r2cn79bfn18h0000gp/T//fm-turnend-guard.IpXS2c/hook-held-map-next/bin/fm-supervision-lib.sh
++ cp /Users/AI/.no-mistakes/worktrees/edb446952c22/01M1EYV82B3ZA2ZEAH2A2NMK1R/bin/fm-wake-lib.sh /var/folders/p3/95t2_00n2jl3r2cn79bfn18h0000gp/T//fm-turnend-guard.IpXS2c/hook-held-map-next/bin/fm-wake-lib.sh
++ cp /Users/AI/.no-mistakes/worktrees/edb446952c22/01M1EYV82B3ZA2ZEAH2A2NMK1R/bin/fm-hook-host-lib.sh /var/folders/p3/95t2_00n2jl3r2cn79bfn18h0000gp/T//fm-turnend-guard.IpXS2c/hook-held-map-next/bin/fm-hook-host-lib.sh
++ cp /Users/AI/.no-mistakes/worktrees/edb446952c22/01M1EYV82B3ZA2ZEAH2A2NMK1R/bin/fm-timeout-lib.sh /var/folders/p3/95t2_00n2jl3r2cn79bfn18h0000gp/T//fm-turnend-guard.IpXS2c/hook-held-map-next/bin/fm-timeout-lib.sh
++ cp /Users/AI/.no-mistakes/worktrees/edb446952c22/01M1EYV82B3ZA2ZEAH2A2NMK1R/bin/fm-owner-invoke-wait-check.sh /var/folders/p3/95t2_00n2jl3r2cn79bfn18h0000gp/T//fm-turnend-guard.IpXS2c/hook-held-map-next/bin/fm-owner-invoke-wait-check.sh
++ mkdir -p /var/folders/p3/95t2_00n2jl3r2cn79bfn18h0000gp/T//fm-turnend-guard.IpXS2c/hook-held-map-next/docs
++ cp -R /Users/AI/.no-mistakes/worktrees/edb446952c22/01M1EYV82B3ZA2ZEAH2A2NMK1R/docs/supervision-protocols /var/folders/p3/95t2_00n2jl3r2cn79bfn18h0000gp/T//fm-turnend-guard.IpXS2c/hook-held-map-next/docs/supervision-protocols
++ chmod +x /var/folders/p3/95t2_00n2jl3r2cn79bfn18h0000gp/T//fm-turnend-guard.IpXS2c/hook-held-map-next/bin/fm-turnend-guard.sh /var/folders/p3/95t2_00n2jl3r2cn79bfn18h0000gp/T//fm-turnend-guard.IpXS2c/hook-held-map-next/bin/fm-turnend-guard-grok.sh /var/folders/p3/95t2_00n2jl3r2cn79bfn18h0000gp/T//fm-turnend-guard.IpXS2c/hook-held-map-next/bin/fm-operational-input.sh /var/folders/p3/95t2_00n2jl3r2cn79bfn18h0000gp/T//fm-turnend-guard.IpXS2c/hook-held-map-next/bin/fm-supervision-instructions.sh /var/folders/p3/95t2_00n2jl3r2cn79bfn18h0000gp/T//fm-turnend-guard.IpXS2c/hook-held-map-next/bin/fm-harness.sh /var/folders/p3/95t2_00n2jl3r2cn79bfn18h0000gp/T//fm-turnend-guard.IpXS2c/hook-held-map-next/bin/fm-owner-invoke-wait-check.sh
++ printf '%s\n' /var/folders/p3/95t2_00n2jl3r2cn79bfn18h0000gp/T//fm-turnend-guard.IpXS2c/hook-held-map-next
+ dir=/var/folders/p3/95t2_00n2jl3r2cn79bfn18h0000gp/T//fm-turnend-guard.IpXS2c/hook-held-map-next
+ write_fake_held_tasks_axi /var/folders/p3/95t2_00n2jl3r2cn79bfn18h0000gp/T//fm-turnend-guard.IpXS2c/hook-held-map-next
+ local dir=/var/folders/p3/95t2_00n2jl3r2cn79bfn18h0000gp/T//fm-turnend-guard.IpXS2c/hook-held-map-next
+ mkdir -p /var/folders/p3/95t2_00n2jl3r2cn79bfn18h0000gp/T//fm-turnend-guard.IpXS2c/hook-held-map-next/fakebin /var/folders/p3/95t2_00n2jl3r2cn79bfn18h0000gp/T//fm-turnend-guard.IpXS2c/hook-held-map-next/data
+ printf '%s\n' '# backlog fixture'
+ cat
+ chmod +x /var/folders/p3/95t2_00n2jl3r2cn79bfn18h0000gp/T//fm-turnend-guard.IpXS2c/hook-held-map-next/fakebin/tasks-axi
+ log=/var/folders/p3/95t2_00n2jl3r2cn79bfn18h0000gp/T//fm-turnend-guard.IpXS2c/hook-held-map-next/tasks-axi.log
+ printf '%s\n' kind=ship map_next=map-s2
++ PATH=/var/folders/p3/95t2_00n2jl3r2cn79bfn18h0000gp/T//fm-turnend-guard.IpXS2c/hook-held-map-next/fakebin:/Users/AI/.grok/bin:/Users/AI/bin:/Users/AI/.homebrew/opt/node@24/bin:/Users/AI/.local/bin:/Users/AI/.homebrew/bin:/Users/AI/.homebrew/sbin:/usr/local/bin:/System/Cryptexes/App/usr/bin:/usr/bin:/bin:/usr/sbin:/sbin:/var/run/com.apple.security.cryptexd/codex.system/bootstrap/usr/local/bin:/var/run/com.apple.security.cryptexd/codex.system/bootstrap/usr/bin:/var/run/com.apple.security.cryptexd/codex.system/bootstrap/usr/appleinternal/bin:/pkg/env/global/bin:/opt/homebrew/bin:/Users/AI/.codex/tmp/arg0/codex-arg019qtEJ:/Users/AI/.grok/bin:/Users/AI/bin:/Users/AI/.homebrew/opt/node@24/bin:/Users/AI/.local/bin:/Users/AI/go/bin:/Users/AI/.cargo/bin:/opt/homebrew/sbin:/usr/local/sbin
++ FM_FAKE_TASKS_LOG=/var/folders/p3/95t2_00n2jl3r2cn79bfn18h0000gp/T//fm-turnend-guard.IpXS2c/hook-held-map-next/tasks-axi.log
++ run_hook /var/folders/p3/95t2_00n2jl3r2cn79bfn18h0000gp/T//fm-turnend-guard.IpXS2c/hook-held-map-next false
++ local dir=/var/folders/p3/95t2_00n2jl3r2cn79bfn18h0000gp/T//fm-turnend-guard.IpXS2c/hook-held-map-next stop_active=false home
+++ cd /var/folders/p3/95t2_00n2jl3r2cn79bfn18h0000gp/T//fm-turnend-guard.IpXS2c/hook-held-map-next
+++ pwd
++ home=/var/folders/p3/95t2_00n2jl3r2cn79bfn18h0000gp/T/fm-turnend-guard.IpXS2c/hook-held-map-next
++ printf '{"stop_hook_active":%s}' false
++ CLAUDECODE=1
++ FM_HOME=/var/folders/p3/95t2_00n2jl3r2cn79bfn18h0000gp/T/fm-turnend-guard.IpXS2c/hook-held-map-next
++ bash /var/folders/p3/95t2_00n2jl3r2cn79bfn18h0000gp/T//fm-turnend-guard.IpXS2c/hook-held-map-next/bin/fm-turnend-guard.sh
+ out='●━━━━━━━━━━━━━━━━━━━━━━━━━━━━━━━━━━━━━━━━━━━━━━━━━━━━━━━━━━━━━━━━━━━━━━━
●  OWNER-OWNED NEXT ACT WAS NOT STARTED
●  R-held-locked-next-unowned: dated-slice is a locked next act still held without a worker
●  Start that act now. A yes-ask or omission is not done.
●━━━━━━━━━━━━━━━━━━━━━━━━━━━━━━━━━━━━━━━━━━━━━━━━━━━━━━━━━━━━━━━━━━━━━━━'
+ status=2
+ expect_code 2 2 'turn end must refuse a held locked next slice with no worker'
+ local expected=2 actual=2 'label=turn end must refuse a held locked next slice with no worker'
+ '[' 2 = 2 ']'
+ assert_contains '●━━━━━━━━━━━━━━━━━━━━━━━━━━━━━━━━━━━━━━━━━━━━━━━━━━━━━━━━━━━━━━━━━━━━━━━
●  OWNER-OWNED NEXT ACT WAS NOT STARTED
●  R-held-locked-next-unowned: dated-slice is a locked next act still held without a worker
●  Start that act now. A yes-ask or omission is not done.
●━━━━━━━━━━━━━━━━━━━━━━━━━━━━━━━━━━━━━━━━━━━━━━━━━━━━━━━━━━━━━━━━━━━━━━━' 'OWNER-OWNED NEXT ACT WAS NOT STARTED' 'held map_next refusal did not use the owner-invoke banner'
+ case "$1" in
+ :
+ assert_contains '●━━━━━━━━━━━━━━━━━━━━━━━━━━━━━━━━━━━━━━━━━━━━━━━━━━━━━━━━━━━━━━━━━━━━━━━
●  OWNER-OWNED NEXT ACT WAS NOT STARTED
●  R-held-locked-next-unowned: dated-slice is a locked next act still held without a worker
●  Start that act now. A yes-ask or omission is not done.
●━━━━━━━━━━━━━━━━━━━━━━━━━━━━━━━━━━━━━━━━━━━━━━━━━━━━━━━━━━━━━━━━━━━━━━━' 'dated-slice is a locked next act still held without a worker' 'dated hold_until refusal did not survive quoted commas and escaped newline'
+ case "$1" in
+ :
+ printf '%s\n' kind=ship
++ PATH=/var/folders/p3/95t2_00n2jl3r2cn79bfn18h0000gp/T//fm-turnend-guard.IpXS2c/hook-held-map-next/fakebin:/Users/AI/.grok/bin:/Users/AI/bin:/Users/AI/.homebrew/opt/node@24/bin:/Users/AI/.local/bin:/Users/AI/.homebrew/bin:/Users/AI/.homebrew/sbin:/usr/local/bin:/System/Cryptexes/App/usr/bin:/usr/bin:/bin:/usr/sbin:/sbin:/var/run/com.apple.security.cryptexd/codex.system/bootstrap/usr/local/bin:/var/run/com.apple.security.cryptexd/codex.system/bootstrap/usr/bin:/var/run/com.apple.security.cryptexd/codex.system/bootstrap/usr/appleinternal/bin:/pkg/env/global/bin:/opt/homebrew/bin:/Users/AI/.codex/tmp/arg0/codex-arg019qtEJ:/Users/AI/.grok/bin:/Users/AI/bin:/Users/AI/.homebrew/opt/node@24/bin:/Users/AI/.local/bin:/Users/AI/go/bin:/Users/AI/.cargo/bin:/opt/homebrew/sbin:/usr/local/sbin
++ FM_FAKE_TASKS_LOG=/var/folders/p3/95t2_00n2jl3r2cn79bfn18h0000gp/T//fm-turnend-guard.IpXS2c/hook-held-map-next/tasks-axi.log
++ run_hook /var/folders/p3/95t2_00n2jl3r2cn79bfn18h0000gp/T//fm-turnend-guard.IpXS2c/hook-held-map-next false
++ local dir=/var/folders/p3/95t2_00n2jl3r2cn79bfn18h0000gp/T//fm-turnend-guard.IpXS2c/hook-held-map-next stop_active=false home
+++ cd /var/folders/p3/95t2_00n2jl3r2cn79bfn18h0000gp/T//fm-turnend-guard.IpXS2c/hook-held-map-next
+++ pwd
++ home=/var/folders/p3/95t2_00n2jl3r2cn79bfn18h0000gp/T/fm-turnend-guard.IpXS2c/hook-held-map-next
++ printf '{"stop_hook_active":%s}' false
++ CLAUDECODE=1
++ FM_HOME=/var/folders/p3/95t2_00n2jl3r2cn79bfn18h0000gp/T/fm-turnend-guard.IpXS2c/hook-held-map-next
++ bash /var/folders/p3/95t2_00n2jl3r2cn79bfn18h0000gp/T//fm-turnend-guard.IpXS2c/hook-held-map-next/bin/fm-turnend-guard.sh
+ out='●━━━━━━━━━━━━━━━━━━━━━━━━━━━━━━━━━━━━━━━━━━━━━━━━━━━━━━━━━━━━━━━━━━━━━━━
●  OWNER-OWNED NEXT ACT WAS NOT STARTED
●  R-held-locked-next-unowned: map-s2 is a locked next act still held without a worker
●  Start that act now. A yes-ask or omission is not done.
●━━━━━━━━━━━━━━━━━━━━━━━━━━━━━━━━━━━━━━━━━━━━━━━━━━━━━━━━━━━━━━━━━━━━━━━'
+ status=2
+ expect_code 2 2 'turn end must still refuse the held map_next after owning the dated hold'
+ local expected=2 actual=2 'label=turn end must still refuse the held map_next after owning the dated hold'
+ '[' 2 = 2 ']'
+ assert_contains '●━━━━━━━━━━━━━━━━━━━━━━━━━━━━━━━━━━━━━━━━━━━━━━━━━━━━━━━━━━━━━━━━━━━━━━━
●  OWNER-OWNED NEXT ACT WAS NOT STARTED
●  R-held-locked-next-unowned: map-s2 is a locked next act still held without a worker
●  Start that act now. A yes-ask or omission is not done.
●━━━━━━━━━━━━━━━━━━━━━━━━━━━━━━━━━━━━━━━━━━━━━━━━━━━━━━━━━━━━━━━━━━━━━━━' 'map-s2 is a locked next act still held without a worker' 'held map_next refusal did not name the locked id'
+ case "$1" in
+ :
++ grep -Fc 'ready --file' /var/folders/p3/95t2_00n2jl3r2cn79bfn18h0000gp/T//fm-turnend-guard.IpXS2c/hook-held-map-next/tasks-axi.log
+ '[' 4 -eq 4 ']'
++ grep -Fc -- --include-held /var/folders/p3/95t2_00n2jl3r2cn79bfn18h0000gp/T//fm-turnend-guard.IpXS2c/hook-held-map-next/tasks-axi.log
+ '[' 2 -eq 2 ']'
+ grep -q '^show ' /var/folders/p3/95t2_00n2jl3r2cn79bfn18h0000gp/T//fm-turnend-guard.IpXS2c/hook-held-map-next/tasks-axi.log
+ pass 'fm-turnend-guard: a held map_next ticket cannot end as a yes-ask'
+ printf 'ok - %s\n' 'fm-turnend-guard: a held map_next ticket cannot end as a yes-ask'
ok - fm-turnend-guard: a held map_next ticket cannot end as a yes-ask
+ test_hook_refuses_open_owner_node_after_later_captain
+ local dir out status transcript payload
++ make_primary_dir /var/folders/p3/95t2_00n2jl3r2cn79bfn18h0000gp/T//fm-turnend-guard.IpXS2c/hook-owner-node
++ local dir=/var/folders/p3/95t2_00n2jl3r2cn79bfn18h0000gp/T//fm-turnend-guard.IpXS2c/hook-owner-node
++ mkdir -p /var/folders/p3/95t2_00n2jl3r2cn79bfn18h0000gp/T//fm-turnend-guard.IpXS2c/hook-owner-node/state
++ git init -q /var/folders/p3/95t2_00n2jl3r2cn79bfn18h0000gp/T//fm-turnend-guard.IpXS2c/hook-owner-node
++ git -C /var/folders/p3/95t2_00n2jl3r2cn79bfn18h0000gp/T//fm-turnend-guard.IpXS2c/hook-owner-node commit -q --allow-empty -m init
++ :
++ install_guard_scripts /var/folders/p3/95t2_00n2jl3r2cn79bfn18h0000gp/T//fm-turnend-guard.IpXS2c/hook-owner-node
++ local dir=/var/folders/p3/95t2_00n2jl3r2cn79bfn18h0000gp/T//fm-turnend-guard.IpXS2c/hook-owner-node
++ mkdir -p /var/folders/p3/95t2_00n2jl3r2cn79bfn18h0000gp/T//fm-turnend-guard.IpXS2c/hook-owner-node/bin
++ cp /Users/AI/.no-mistakes/worktrees/edb446952c22/01M1EYV82B3ZA2ZEAH2A2NMK1R/bin/fm-turnend-guard.sh /var/folders/p3/95t2_00n2jl3r2cn79bfn18h0000gp/T//fm-turnend-guard.IpXS2c/hook-owner-node/bin/fm-turnend-guard.sh
++ cp /Users/AI/.no-mistakes/worktrees/edb446952c22/01M1EYV82B3ZA2ZEAH2A2NMK1R/bin/fm-turnend-guard-grok.sh /var/folders/p3/95t2_00n2jl3r2cn79bfn18h0000gp/T//fm-turnend-guard.IpXS2c/hook-owner-node/bin/fm-turnend-guard-grok.sh
++ cp /Users/AI/.no-mistakes/worktrees/edb446952c22/01M1EYV82B3ZA2ZEAH2A2NMK1R/bin/fm-operational-input.sh /var/folders/p3/95t2_00n2jl3r2cn79bfn18h0000gp/T//fm-turnend-guard.IpXS2c/hook-owner-node/bin/fm-operational-input.sh
++ cp /Users/AI/.no-mistakes/worktrees/edb446952c22/01M1EYV82B3ZA2ZEAH2A2NMK1R/bin/fm-supervision-instructions.sh /var/folders/p3/95t2_00n2jl3r2cn79bfn18h0000gp/T//fm-turnend-guard.IpXS2c/hook-owner-node/bin/fm-supervision-instructions.sh
++ cp /Users/AI/.no-mistakes/worktrees/edb446952c22/01M1EYV82B3ZA2ZEAH2A2NMK1R/bin/fm-harness.sh /var/folders/p3/95t2_00n2jl3r2cn79bfn18h0000gp/T//fm-turnend-guard.IpXS2c/hook-owner-node/bin/fm-harness.sh
++ cp /Users/AI/.no-mistakes/worktrees/edb446952c22/01M1EYV82B3ZA2ZEAH2A2NMK1R/bin/fm-primary-scope-lib.sh /var/folders/p3/95t2_00n2jl3r2cn79bfn18h0000gp/T//fm-turnend-guard.IpXS2c/hook-owner-node/bin/fm-primary-scope-lib.sh
++ cp /Users/AI/.no-mistakes/worktrees/edb446952c22/01M1EYV82B3ZA2ZEAH2A2NMK1R/bin/fm-supervision-lib.sh /var/folders/p3/95t2_00n2jl3r2cn79bfn18h0000gp/T//fm-turnend-guard.IpXS2c/hook-owner-node/bin/fm-supervision-lib.sh
++ cp /Users/AI/.no-mistakes/worktrees/edb446952c22/01M1EYV82B3ZA2ZEAH2A2NMK1R/bin/fm-wake-lib.sh /var/folders/p3/95t2_00n2jl3r2cn79bfn18h0000gp/T//fm-turnend-guard.IpXS2c/hook-owner-node/bin/fm-wake-lib.sh
++ cp /Users/AI/.no-mistakes/worktrees/edb446952c22/01M1EYV82B3ZA2ZEAH2A2NMK1R/bin/fm-hook-host-lib.sh /var/folders/p3/95t2_00n2jl3r2cn79bfn18h0000gp/T//fm-turnend-guard.IpXS2c/hook-owner-node/bin/fm-hook-host-lib.sh
++ cp /Users/AI/.no-mistakes/worktrees/edb446952c22/01M1EYV82B3ZA2ZEAH2A2NMK1R/bin/fm-timeout-lib.sh /var/folders/p3/95t2_00n2jl3r2cn79bfn18h0000gp/T//fm-turnend-guard.IpXS2c/hook-owner-node/bin/fm-timeout-lib.sh
++ cp /Users/AI/.no-mistakes/worktrees/edb446952c22/01M1EYV82B3ZA2ZEAH2A2NMK1R/bin/fm-owner-invoke-wait-check.sh /var/folders/p3/95t2_00n2jl3r2cn79bfn18h0000gp/T//fm-turnend-guard.IpXS2c/hook-owner-node/bin/fm-owner-invoke-wait-check.sh
++ mkdir -p /var/folders/p3/95t2_00n2jl3r2cn79bfn18h0000gp/T//fm-turnend-guard.IpXS2c/hook-owner-node/docs
++ cp -R /Users/AI/.no-mistakes/worktrees/edb446952c22/01M1EYV82B3ZA2ZEAH2A2NMK1R/docs/supervision-protocols /var/folders/p3/95t2_00n2jl3r2cn79bfn18h0000gp/T//fm-turnend-guard.IpXS2c/hook-owner-node/docs/supervision-protocols
++ chmod +x /var/folders/p3/95t2_00n2jl3r2cn79bfn18h0000gp/T//fm-turnend-guard.IpXS2c/hook-owner-node/bin/fm-turnend-guard.sh /var/folders/p3/95t2_00n2jl3r2cn79bfn18h0000gp/T//fm-turnend-guard.IpXS2c/hook-owner-node/bin/fm-turnend-guard-grok.sh /var/folders/p3/95t2_00n2jl3r2cn79bfn18h0000gp/T//fm-turnend-guard.IpXS2c/hook-owner-node/bin/fm-operational-input.sh /var/folders/p3/95t2_00n2jl3r2cn79bfn18h0000gp/T//fm-turnend-guard.IpXS2c/hook-owner-node/bin/fm-supervision-instructions.sh /var/folders/p3/95t2_00n2jl3r2cn79bfn18h0000gp/T//fm-turnend-guard.IpXS2c/hook-owner-node/bin/fm-harness.sh /var/folders/p3/95t2_00n2jl3r2cn79bfn18h0000gp/T//fm-turnend-guard.IpXS2c/hook-owner-node/bin/fm-owner-invoke-wait-check.sh
++ printf '%s\n' /var/folders/p3/95t2_00n2jl3r2cn79bfn18h0000gp/T//fm-turnend-guard.IpXS2c/hook-owner-node
+ dir=/var/folders/p3/95t2_00n2jl3r2cn79bfn18h0000gp/T//fm-turnend-guard.IpXS2c/hook-owner-node
+ mkdir -p /var/folders/p3/95t2_00n2jl3r2cn79bfn18h0000gp/T//fm-turnend-guard.IpXS2c/hook-owner-node/data
+ transcript=/var/folders/p3/95t2_00n2jl3r2cn79bfn18h0000gp/T//fm-turnend-guard.IpXS2c/hook-owner-node/transcript.jsonl
+ cat
++ printf '{"stop_hook_active":false,"transcript_path":"%s","cwd":"%s"}' /var/folders/p3/95t2_00n2jl3r2cn79bfn18h0000gp/T//fm-turnend-guard.IpXS2c/hook-owner-node/transcript.jsonl /var/folders/p3/95t2_00n2jl3r2cn79bfn18h0000gp/T//fm-turnend-guard.IpXS2c/hook-owner-node
+ payload='{"stop_hook_active":false,"transcript_path":"/var/folders/p3/95t2_00n2jl3r2cn79bfn18h0000gp/T//fm-turnend-guard.IpXS2c/hook-owner-node/transcript.jsonl","cwd":"/var/folders/p3/95t2_00n2jl3r2cn79bfn18h0000gp/T//fm-turnend-guard.IpXS2c/hook-owner-node"}'
++ printf %s '{"stop_hook_active":false,"transcript_path":"/var/folders/p3/95t2_00n2jl3r2cn79bfn18h0000gp/T//fm-turnend-guard.IpXS2c/hook-owner-node/transcript.jsonl","cwd":"/var/folders/p3/95t2_00n2jl3r2cn79bfn18h0000gp/T//fm-turnend-guard.IpXS2c/hook-owner-node"}'
++ CLAUDECODE=1
+++ cd /var/folders/p3/95t2_00n2jl3r2cn79bfn18h0000gp/T//fm-turnend-guard.IpXS2c/hook-owner-node
+++ pwd
++ FM_HOME=/var/folders/p3/95t2_00n2jl3r2cn79bfn18h0000gp/T/fm-turnend-guard.IpXS2c/hook-owner-node
++ bash /var/folders/p3/95t2_00n2jl3r2cn79bfn18h0000gp/T//fm-turnend-guard.IpXS2c/hook-owner-node/bin/fm-turnend-guard.sh
+ out='●━━━━━━━━━━━━━━━━━━━━━━━━━━━━━━━━━━━━━━━━━━━━━━━━━━━━━━━━━━━━━━━━━━━━━━━
●  OWNER-OWNED NEXT ACT WAS NOT STARTED
●  R-owner-node-open-waiting: /wayfinder node still open after the next captain message with no matching artifact
●  Start that act now. A yes-ask or omission is not done.
●━━━━━━━━━━━━━━━━━━━━━━━━━━━━━━━━━━━━━━━━━━━━━━━━━━━━━━━━━━━━━━━━━━━━━━━'
+ status=2
+ expect_code 2 2 'turn end must refuse an open wayfinder node after the next captain message'
+ local expected=2 actual=2 'label=turn end must refuse an open wayfinder node after the next captain message'
+ '[' 2 = 2 ']'
+ assert_contains '●━━━━━━━━━━━━━━━━━━━━━━━━━━━━━━━━━━━━━━━━━━━━━━━━━━━━━━━━━━━━━━━━━━━━━━━
●  OWNER-OWNED NEXT ACT WAS NOT STARTED
●  R-owner-node-open-waiting: /wayfinder node still open after the next captain message with no matching artifact
●  Start that act now. A yes-ask or omission is not done.
●━━━━━━━━━━━━━━━━━━━━━━━━━━━━━━━━━━━━━━━━━━━━━━━━━━━━━━━━━━━━━━━━━━━━━━━' R-owner-node-open-waiting 'owner-node refusal did not name the waiting node'
+ case "$1" in
+ :
+ pass 'fm-turnend-guard: open owner-invoke node after the next captain message is not done'
+ printf 'ok - %s\n' 'fm-turnend-guard: open owner-invoke node after the next captain message is not done'
ok - fm-turnend-guard: open owner-invoke node after the next captain message is not done
+ test_hook_blocks_when_fresh_beacon_has_no_live_lock
+ local dir out status
++ make_primary_dir /var/folders/p3/95t2_00n2jl3r2cn79bfn18h0000gp/T//fm-turnend-guard.IpXS2c/hook-fresh-no-lock
++ local dir=/var/folders/p3/95t2_00n2jl3r2cn79bfn18h0000gp/T//fm-turnend-guard.IpXS2c/hook-fresh-no-lock
++ mkdir -p /var/folders/p3/95t2_00n2jl3r2cn79bfn18h0000gp/T//fm-turnend-guard.IpXS2c/hook-fresh-no-lock/state
++ git init -q /var/folders/p3/95t2_00n2jl3r2cn79bfn18h0000gp/T//fm-turnend-guard.IpXS2c/hook-fresh-no-lock
++ git -C /var/folders/p3/95t2_00n2jl3r2cn79bfn18h0000gp/T//fm-turnend-guard.IpXS2c/hook-fresh-no-lock commit -q --allow-empty -m init
++ :
++ install_guard_scripts /var/folders/p3/95t2_00n2jl3r2cn79bfn18h0000gp/T//fm-turnend-guard.IpXS2c/hook-fresh-no-lock
++ local dir=/var/folders/p3/95t2_00n2jl3r2cn79bfn18h0000gp/T//fm-turnend-guard.IpXS2c/hook-fresh-no-lock
++ mkdir -p /var/folders/p3/95t2_00n2jl3r2cn79bfn18h0000gp/T//fm-turnend-guard.IpXS2c/hook-fresh-no-lock/bin
++ cp /Users/AI/.no-mistakes/worktrees/edb446952c22/01M1EYV82B3ZA2ZEAH2A2NMK1R/bin/fm-turnend-guard.sh /var/folders/p3/95t2_00n2jl3r2cn79bfn18h0000gp/T//fm-turnend-guard.IpXS2c/hook-fresh-no-lock/bin/fm-turnend-guard.sh
++ cp /Users/AI/.no-mistakes/worktrees/edb446952c22/01M1EYV82B3ZA2ZEAH2A2NMK1R/bin/fm-turnend-guard-grok.sh /var/folders/p3/95t2_00n2jl3r2cn79bfn18h0000gp/T//fm-turnend-guard.IpXS2c/hook-fresh-no-lock/bin/fm-turnend-guard-grok.sh
++ cp /Users/AI/.no-mistakes/worktrees/edb446952c22/01M1EYV82B3ZA2ZEAH2A2NMK1R/bin/fm-operational-input.sh /var/folders/p3/95t2_00n2jl3r2cn79bfn18h0000gp/T//fm-turnend-guard.IpXS2c/hook-fresh-no-lock/bin/fm-operational-input.sh
++ cp /Users/AI/.no-mistakes/worktrees/edb446952c22/01M1EYV82B3ZA2ZEAH2A2NMK1R/bin/fm-supervision-instructions.sh /var/folders/p3/95t2_00n2jl3r2cn79bfn18h0000gp/T//fm-turnend-guard.IpXS2c/hook-fresh-no-lock/bin/fm-supervision-instructions.sh
++ cp /Users/AI/.no-mistakes/worktrees/edb446952c22/01M1EYV82B3ZA2ZEAH2A2NMK1R/bin/fm-harness.sh /var/folders/p3/95t2_00n2jl3r2cn79bfn18h0000gp/T//fm-turnend-guard.IpXS2c/hook-fresh-no-lock/bin/fm-harness.sh
++ cp /Users/AI/.no-mistakes/worktrees/edb446952c22/01M1EYV82B3ZA2ZEAH2A2NMK1R/bin/fm-primary-scope-lib.sh /var/folders/p3/95t2_00n2jl3r2cn79bfn18h0000gp/T//fm-turnend-guard.IpXS2c/hook-fresh-no-lock/bin/fm-primary-scope-lib.sh
++ cp /Users/AI/.no-mistakes/worktrees/edb446952c22/01M1EYV82B3ZA2ZEAH2A2NMK1R/bin/fm-supervision-lib.sh /var/folders/p3/95t2_00n2jl3r2cn79bfn18h0000gp/T//fm-turnend-guard.IpXS2c/hook-fresh-no-lock/bin/fm-supervision-lib.sh
++ cp /Users/AI/.no-mistakes/worktrees/edb446952c22/01M1EYV82B3ZA2ZEAH2A2NMK1R/bin/fm-wake-lib.sh /var/folders/p3/95t2_00n2jl3r2cn79bfn18h0000gp/T//fm-turnend-guard.IpXS2c/hook-fresh-no-lock/bin/fm-wake-lib.sh
++ cp /Users/AI/.no-mistakes/worktrees/edb446952c22/01M1EYV82B3ZA2ZEAH2A2NMK1R/bin/fm-hook-host-lib.sh /var/folders/p3/95t2_00n2jl3r2cn79bfn18h0000gp/T//fm-turnend-guard.IpXS2c/hook-fresh-no-lock/bin/fm-hook-host-lib.sh
++ cp /Users/AI/.no-mistakes/worktrees/edb446952c22/01M1EYV82B3ZA2ZEAH2A2NMK1R/bin/fm-timeout-lib.sh /var/folders/p3/95t2_00n2jl3r2cn79bfn18h0000gp/T//fm-turnend-guard.IpXS2c/hook-fresh-no-lock/bin/fm-timeout-lib.sh
++ cp /Users/AI/.no-mistakes/worktrees/edb446952c22/01M1EYV82B3ZA2ZEAH2A2NMK1R/bin/fm-owner-invoke-wait-check.sh /var/folders/p3/95t2_00n2jl3r2cn79bfn18h0000gp/T//fm-turnend-guard.IpXS2c/hook-fresh-no-lock/bin/fm-owner-invoke-wait-check.sh
++ mkdir -p /var/folders/p3/95t2_00n2jl3r2cn79bfn18h0000gp/T//fm-turnend-guard.IpXS2c/hook-fresh-no-lock/docs
++ cp -R /Users/AI/.no-mistakes/worktrees/edb446952c22/01M1EYV82B3ZA2ZEAH2A2NMK1R/docs/supervision-protocols /var/folders/p3/95t2_00n2jl3r2cn79bfn18h0000gp/T//fm-turnend-guard.IpXS2c/hook-fresh-no-lock/docs/supervision-protocols
++ chmod +x /var/folders/p3/95t2_00n2jl3r2cn79bfn18h0000gp/T//fm-turnend-guard.IpXS2c/hook-fresh-no-lock/bin/fm-turnend-guard.sh /var/folders/p3/95t2_00n2jl3r2cn79bfn18h0000gp/T//fm-turnend-guard.IpXS2c/hook-fresh-no-lock/bin/fm-turnend-guard-grok.sh /var/folders/p3/95t2_00n2jl3r2cn79bfn18h0000gp/T//fm-turnend-guard.IpXS2c/hook-fresh-no-lock/bin/fm-operational-input.sh /var/folders/p3/95t2_00n2jl3r2cn79bfn18h0000gp/T//fm-turnend-guard.IpXS2c/hook-fresh-no-lock/bin/fm-supervision-instructions.sh /var/folders/p3/95t2_00n2jl3r2cn79bfn18h0000gp/T//fm-turnend-guard.IpXS2c/hook-fresh-no-lock/bin/fm-harness.sh /var/folders/p3/95t2_00n2jl3r2cn79bfn18h0000gp/T//fm-turnend-guard.IpXS2c/hook-fresh-no-lock/bin/fm-owner-invoke-wait-check.sh
++ printf '%s\n' /var/folders/p3/95t2_00n2jl3r2cn79bfn18h0000gp/T//fm-turnend-guard.IpXS2c/hook-fresh-no-lock
+ dir=/var/folders/p3/95t2_00n2jl3r2cn79bfn18h0000gp/T//fm-turnend-guard.IpXS2c/hook-fresh-no-lock
+ :
+ touch /var/folders/p3/95t2_00n2jl3r2cn79bfn18h0000gp/T//fm-turnend-guard.IpXS2c/hook-fresh-no-lock/state/.last-watcher-beat
++ run_hook /var/folders/p3/95t2_00n2jl3r2cn79bfn18h0000gp/T//fm-turnend-guard.IpXS2c/hook-fresh-no-lock false
++ local dir=/var/folders/p3/95t2_00n2jl3r2cn79bfn18h0000gp/T//fm-turnend-guard.IpXS2c/hook-fresh-no-lock stop_active=false home
+++ cd /var/folders/p3/95t2_00n2jl3r2cn79bfn18h0000gp/T//fm-turnend-guard.IpXS2c/hook-fresh-no-lock
+++ pwd
++ home=/var/folders/p3/95t2_00n2jl3r2cn79bfn18h0000gp/T/fm-turnend-guard.IpXS2c/hook-fresh-no-lock
++ printf '{"stop_hook_active":%s}' false
++ CLAUDECODE=1
++ FM_HOME=/var/folders/p3/95t2_00n2jl3r2cn79bfn18h0000gp/T/fm-turnend-guard.IpXS2c/hook-fresh-no-lock
++ bash /var/folders/p3/95t2_00n2jl3r2cn79bfn18h0000gp/T//fm-turnend-guard.IpXS2c/hook-fresh-no-lock/bin/fm-turnend-guard.sh
+ out='●━━━━━━━━━━━━━━━━━━━━━━━━━━━━━━━━━━━━━━━━━━━━━━━━━━━━━━━━━━━━━━━━━━━━━━━
●  TURN WOULD END BLIND - SUPERVISION IS OFF
●  1 task(s) in flight, but no live watcher holds this home lock (last beat: 0s ago).
●  watcher supervision needs Stop-owned automatic recovery; inspect the hook registration and startup status before ending the turn.
●━━━━━━━━━━━━━━━━━━━━━━━━━━━━━━━━━━━━━━━━━━━━━━━━━━━━━━━━━━━━━━━━━━━━━━━'
+ status=2
+ expect_code 2 2 'hook must block when a fresh beacon has no live watcher lock'
+ local expected=2 actual=2 'label=hook must block when a fresh beacon has no live watcher lock'
+ '[' 2 = 2 ']'
+ assert_contains '●━━━━━━━━━━━━━━━━━━━━━━━━━━━━━━━━━━━━━━━━━━━━━━━━━━━━━━━━━━━━━━━━━━━━━━━
●  TURN WOULD END BLIND - SUPERVISION IS OFF
●  1 task(s) in flight, but no live watcher holds this home lock (last beat: 0s ago).
●  watcher supervision needs Stop-owned automatic recovery; inspect the hook registration and startup status before ending the turn.
●━━━━━━━━━━━━━━━━━━━━━━━━━━━━━━━━━━━━━━━━━━━━━━━━━━━━━━━━━━━━━━━━━━━━━━━' 'watcher supervision needs Stop-owned automatic recovery; inspect the hook registration and startup status before ending the turn' 'block reason must contain the exact required instruction'
+ case "$1" in
+ :
+ pass 'fm-turnend-guard: blocks when a fresh beacon has no live watcher lock'
+ printf 'ok - %s\n' 'fm-turnend-guard: blocks when a fresh beacon has no live watcher lock'
ok - fm-turnend-guard: blocks when a fresh beacon has no live watcher lock
+ test_hook_blocks_source_only_home
+ local dir out status
++ make_primary_dir /var/folders/p3/95t2_00n2jl3r2cn79bfn18h0000gp/T//fm-turnend-guard.IpXS2c/hook-source-only
++ local dir=/var/folders/p3/95t2_00n2jl3r2cn79bfn18h0000gp/T//fm-turnend-guard.IpXS2c/hook-source-only
++ mkdir -p /var/folders/p3/95t2_00n2jl3r2cn79bfn18h0000gp/T//fm-turnend-guard.IpXS2c/hook-source-only/state
++ git init -q /var/folders/p3/95t2_00n2jl3r2cn79bfn18h0000gp/T//fm-turnend-guard.IpXS2c/hook-source-only
++ git -C /var/folders/p3/95t2_00n2jl3r2cn79bfn18h0000gp/T//fm-turnend-guard.IpXS2c/hook-source-only commit -q --allow-empty -m init
++ :
++ install_guard_scripts /var/folders/p3/95t2_00n2jl3r2cn79bfn18h0000gp/T//fm-turnend-guard.IpXS2c/hook-source-only
++ local dir=/var/folders/p3/95t2_00n2jl3r2cn79bfn18h0000gp/T//fm-turnend-guard.IpXS2c/hook-source-only
++ mkdir -p /var/folders/p3/95t2_00n2jl3r2cn79bfn18h0000gp/T//fm-turnend-guard.IpXS2c/hook-source-only/bin
++ cp /Users/AI/.no-mistakes/worktrees/edb446952c22/01M1EYV82B3ZA2ZEAH2A2NMK1R/bin/fm-turnend-guard.sh /var/folders/p3/95t2_00n2jl3r2cn79bfn18h0000gp/T//fm-turnend-guard.IpXS2c/hook-source-only/bin/fm-turnend-guard.sh
++ cp /Users/AI/.no-mistakes/worktrees/edb446952c22/01M1EYV82B3ZA2ZEAH2A2NMK1R/bin/fm-turnend-guard-grok.sh /var/folders/p3/95t2_00n2jl3r2cn79bfn18h0000gp/T//fm-turnend-guard.IpXS2c/hook-source-only/bin/fm-turnend-guard-grok.sh
++ cp /Users/AI/.no-mistakes/worktrees/edb446952c22/01M1EYV82B3ZA2ZEAH2A2NMK1R/bin/fm-operational-input.sh /var/folders/p3/95t2_00n2jl3r2cn79bfn18h0000gp/T//fm-turnend-guard.IpXS2c/hook-source-only/bin/fm-operational-input.sh
++ cp /Users/AI/.no-mistakes/worktrees/edb446952c22/01M1EYV82B3ZA2ZEAH2A2NMK1R/bin/fm-supervision-instructions.sh /var/folders/p3/95t2_00n2jl3r2cn79bfn18h0000gp/T//fm-turnend-guard.IpXS2c/hook-source-only/bin/fm-supervision-instructions.sh
++ cp /Users/AI/.no-mistakes/worktrees/edb446952c22/01M1EYV82B3ZA2ZEAH2A2NMK1R/bin/fm-harness.sh /var/folders/p3/95t2_00n2jl3r2cn79bfn18h0000gp/T//fm-turnend-guard.IpXS2c/hook-source-only/bin/fm-harness.sh
++ cp /Users/AI/.no-mistakes/worktrees/edb446952c22/01M1EYV82B3ZA2ZEAH2A2NMK1R/bin/fm-primary-scope-lib.sh /var/folders/p3/95t2_00n2jl3r2cn79bfn18h0000gp/T//fm-turnend-guard.IpXS2c/hook-source-only/bin/fm-primary-scope-lib.sh
++ cp /Users/AI/.no-mistakes/worktrees/edb446952c22/01M1EYV82B3ZA2ZEAH2A2NMK1R/bin/fm-supervision-lib.sh /var/folders/p3/95t2_00n2jl3r2cn79bfn18h0000gp/T//fm-turnend-guard.IpXS2c/hook-source-only/bin/fm-supervision-lib.sh
++ cp /Users/AI/.no-mistakes/worktrees/edb446952c22/01M1EYV82B3ZA2ZEAH2A2NMK1R/bin/fm-wake-lib.sh /var/folders/p3/95t2_00n2jl3r2cn79bfn18h0000gp/T//fm-turnend-guard.IpXS2c/hook-source-only/bin/fm-wake-lib.sh
++ cp /Users/AI/.no-mistakes/worktrees/edb446952c22/01M1EYV82B3ZA2ZEAH2A2NMK1R/bin/fm-hook-host-lib.sh /var/folders/p3/95t2_00n2jl3r2cn79bfn18h0000gp/T//fm-turnend-guard.IpXS2c/hook-source-only/bin/fm-hook-host-lib.sh
++ cp /Users/AI/.no-mistakes/worktrees/edb446952c22/01M1EYV82B3ZA2ZEAH2A2NMK1R/bin/fm-timeout-lib.sh /var/folders/p3/95t2_00n2jl3r2cn79bfn18h0000gp/T//fm-turnend-guard.IpXS2c/hook-source-only/bin/fm-timeout-lib.sh
++ cp /Users/AI/.no-mistakes/worktrees/edb446952c22/01M1EYV82B3ZA2ZEAH2A2NMK1R/bin/fm-owner-invoke-wait-check.sh /var/folders/p3/95t2_00n2jl3r2cn79bfn18h0000gp/T//fm-turnend-guard.IpXS2c/hook-source-only/bin/fm-owner-invoke-wait-check.sh
++ mkdir -p /var/folders/p3/95t2_00n2jl3r2cn79bfn18h0000gp/T//fm-turnend-guard.IpXS2c/hook-source-only/docs
++ cp -R /Users/AI/.no-mistakes/worktrees/edb446952c22/01M1EYV82B3ZA2ZEAH2A2NMK1R/docs/supervision-protocols /var/folders/p3/95t2_00n2jl3r2cn79bfn18h0000gp/T//fm-turnend-guard.IpXS2c/hook-source-only/docs/supervision-protocols
++ chmod +x /var/folders/p3/95t2_00n2jl3r2cn79bfn18h0000gp/T//fm-turnend-guard.IpXS2c/hook-source-only/bin/fm-turnend-guard.sh /var/folders/p3/95t2_00n2jl3r2cn79bfn18h0000gp/T//fm-turnend-guard.IpXS2c/hook-source-only/bin/fm-turnend-guard-grok.sh /var/folders/p3/95t2_00n2jl3r2cn79bfn18h0000gp/T//fm-turnend-guard.IpXS2c/hook-source-only/bin/fm-operational-input.sh /var/folders/p3/95t2_00n2jl3r2cn79bfn18h0000gp/T//fm-turnend-guard.IpXS2c/hook-source-only/bin/fm-supervision-instructions.sh /var/folders/p3/95t2_00n2jl3r2cn79bfn18h0000gp/T//fm-turnend-guard.IpXS2c/hook-source-only/bin/fm-harness.sh /var/folders/p3/95t2_00n2jl3r2cn79bfn18h0000gp/T//fm-turnend-guard.IpXS2c/hook-source-only/bin/fm-owner-invoke-wait-check.sh
++ printf '%s\n' /var/folders/p3/95t2_00n2jl3r2cn79bfn18h0000gp/T//fm-turnend-guard.IpXS2c/hook-source-only
+ dir=/var/folders/p3/95t2_00n2jl3r2cn79bfn18h0000gp/T//fm-turnend-guard.IpXS2c/hook-source-only
+ mkdir -p /var/folders/p3/95t2_00n2jl3r2cn79bfn18h0000gp/T//fm-turnend-guard.IpXS2c/hook-source-only/state/procevent
+ :
++ run_hook /var/folders/p3/95t2_00n2jl3r2cn79bfn18h0000gp/T//fm-turnend-guard.IpXS2c/hook-source-only false
++ local dir=/var/folders/p3/95t2_00n2jl3r2cn79bfn18h0000gp/T//fm-turnend-guard.IpXS2c/hook-source-only stop_active=false home
+++ cd /var/folders/p3/95t2_00n2jl3r2cn79bfn18h0000gp/T//fm-turnend-guard.IpXS2c/hook-source-only
+++ pwd
++ home=/var/folders/p3/95t2_00n2jl3r2cn79bfn18h0000gp/T/fm-turnend-guard.IpXS2c/hook-source-only
++ printf '{"stop_hook_active":%s}' false
++ CLAUDECODE=1
++ FM_HOME=/var/folders/p3/95t2_00n2jl3r2cn79bfn18h0000gp/T/fm-turnend-guard.IpXS2c/hook-source-only
++ bash /var/folders/p3/95t2_00n2jl3r2cn79bfn18h0000gp/T//fm-turnend-guard.IpXS2c/hook-source-only/bin/fm-turnend-guard.sh
+ out='●━━━━━━━━━━━━━━━━━━━━━━━━━━━━━━━━━━━━━━━━━━━━━━━━━━━━━━━━━━━━━━━━━━━━━━━
●  TURN WOULD END BLIND - SUPERVISION IS OFF
●  1 process-event source(s) registered, but no live watcher holds this home lock (last beat: never).
●  watcher supervision needs Stop-owned automatic recovery; inspect the hook registration and startup status before ending the turn.
●━━━━━━━━━━━━━━━━━━━━━━━━━━━━━━━━━━━━━━━━━━━━━━━━━━━━━━━━━━━━━━━━━━━━━━━'
+ status=2
+ expect_code 2 2 'non-Claude hook must block when a source-only home has no watcher'
+ local expected=2 actual=2 'label=non-Claude hook must block when a source-only home has no watcher'
+ '[' 2 = 2 ']'
+ assert_contains '●━━━━━━━━━━━━━━━━━━━━━━━━━━━━━━━━━━━━━━━━━━━━━━━━━━━━━━━━━━━━━━━━━━━━━━━
●  TURN WOULD END BLIND - SUPERVISION IS OFF
●  1 process-event source(s) registered, but no live watcher holds this home lock (last beat: never).
●  watcher supervision needs Stop-owned automatic recovery; inspect the hook registration and startup status before ending the turn.
●━━━━━━━━━━━━━━━━━━━━━━━━━━━━━━━━━━━━━━━━━━━━━━━━━━━━━━━━━━━━━━━━━━━━━━━' '1 process-event source(s) registered' 'block reason must identify the source-only supervision need'
+ case "$1" in
+ :
+ pass 'fm-turnend-guard: non-Claude path blocks a source-only home'
+ printf 'ok - %s\n' 'fm-turnend-guard: non-Claude path blocks a source-only home'
ok - fm-turnend-guard: non-Claude path blocks a source-only home
+ test_hook_blocks_when_dead_lock_has_fresh_beacon
+ local dir dead out status
++ make_primary_dir /var/folders/p3/95t2_00n2jl3r2cn79bfn18h0000gp/T//fm-turnend-guard.IpXS2c/hook-dead-lock-fresh
++ local dir=/var/folders/p3/95t2_00n2jl3r2cn79bfn18h0000gp/T//fm-turnend-guard.IpXS2c/hook-dead-lock-fresh
++ mkdir -p /var/folders/p3/95t2_00n2jl3r2cn79bfn18h0000gp/T//fm-turnend-guard.IpXS2c/hook-dead-lock-fresh/state
++ git init -q /var/folders/p3/95t2_00n2jl3r2cn79bfn18h0000gp/T//fm-turnend-guard.IpXS2c/hook-dead-lock-fresh
++ git -C /var/folders/p3/95t2_00n2jl3r2cn79bfn18h0000gp/T//fm-turnend-guard.IpXS2c/hook-dead-lock-fresh commit -q --allow-empty -m init
++ :
++ install_guard_scripts /var/folders/p3/95t2_00n2jl3r2cn79bfn18h0000gp/T//fm-turnend-guard.IpXS2c/hook-dead-lock-fresh
++ local dir=/var/folders/p3/95t2_00n2jl3r2cn79bfn18h0000gp/T//fm-turnend-guard.IpXS2c/hook-dead-lock-fresh
++ mkdir -p /var/folders/p3/95t2_00n2jl3r2cn79bfn18h0000gp/T//fm-turnend-guard.IpXS2c/hook-dead-lock-fresh/bin
++ cp /Users/AI/.no-mistakes/worktrees/edb446952c22/01M1EYV82B3ZA2ZEAH2A2NMK1R/bin/fm-turnend-guard.sh /var/folders/p3/95t2_00n2jl3r2cn79bfn18h0000gp/T//fm-turnend-guard.IpXS2c/hook-dead-lock-fresh/bin/fm-turnend-guard.sh
++ cp /Users/AI/.no-mistakes/worktrees/edb446952c22/01M1EYV82B3ZA2ZEAH2A2NMK1R/bin/fm-turnend-guard-grok.sh /var/folders/p3/95t2_00n2jl3r2cn79bfn18h0000gp/T//fm-turnend-guard.IpXS2c/hook-dead-lock-fresh/bin/fm-turnend-guard-grok.sh
++ cp /Users/AI/.no-mistakes/worktrees/edb446952c22/01M1EYV82B3ZA2ZEAH2A2NMK1R/bin/fm-operational-input.sh /var/folders/p3/95t2_00n2jl3r2cn79bfn18h0000gp/T//fm-turnend-guard.IpXS2c/hook-dead-lock-fresh/bin/fm-operational-input.sh
++ cp /Users/AI/.no-mistakes/worktrees/edb446952c22/01M1EYV82B3ZA2ZEAH2A2NMK1R/bin/fm-supervision-instructions.sh /var/folders/p3/95t2_00n2jl3r2cn79bfn18h0000gp/T//fm-turnend-guard.IpXS2c/hook-dead-lock-fresh/bin/fm-supervision-instructions.sh
++ cp /Users/AI/.no-mistakes/worktrees/edb446952c22/01M1EYV82B3ZA2ZEAH2A2NMK1R/bin/fm-harness.sh /var/folders/p3/95t2_00n2jl3r2cn79bfn18h0000gp/T//fm-turnend-guard.IpXS2c/hook-dead-lock-fresh/bin/fm-harness.sh
++ cp /Users/AI/.no-mistakes/worktrees/edb446952c22/01M1EYV82B3ZA2ZEAH2A2NMK1R/bin/fm-primary-scope-lib.sh /var/folders/p3/95t2_00n2jl3r2cn79bfn18h0000gp/T//fm-turnend-guard.IpXS2c/hook-dead-lock-fresh/bin/fm-primary-scope-lib.sh
++ cp /Users/AI/.no-mistakes/worktrees/edb446952c22/01M1EYV82B3ZA2ZEAH2A2NMK1R/bin/fm-supervision-lib.sh /var/folders/p3/95t2_00n2jl3r2cn79bfn18h0000gp/T//fm-turnend-guard.IpXS2c/hook-dead-lock-fresh/bin/fm-supervision-lib.sh
++ cp /Users/AI/.no-mistakes/worktrees/edb446952c22/01M1EYV82B3ZA2ZEAH2A2NMK1R/bin/fm-wake-lib.sh /var/folders/p3/95t2_00n2jl3r2cn79bfn18h0000gp/T//fm-turnend-guard.IpXS2c/hook-dead-lock-fresh/bin/fm-wake-lib.sh
++ cp /Users/AI/.no-mistakes/worktrees/edb446952c22/01M1EYV82B3ZA2ZEAH2A2NMK1R/bin/fm-hook-host-lib.sh /var/folders/p3/95t2_00n2jl3r2cn79bfn18h0000gp/T//fm-turnend-guard.IpXS2c/hook-dead-lock-fresh/bin/fm-hook-host-lib.sh
++ cp /Users/AI/.no-mistakes/worktrees/edb446952c22/01M1EYV82B3ZA2ZEAH2A2NMK1R/bin/fm-timeout-lib.sh /var/folders/p3/95t2_00n2jl3r2cn79bfn18h0000gp/T//fm-turnend-guard.IpXS2c/hook-dead-lock-fresh/bin/fm-timeout-lib.sh
++ cp /Users/AI/.no-mistakes/worktrees/edb446952c22/01M1EYV82B3ZA2ZEAH2A2NMK1R/bin/fm-owner-invoke-wait-check.sh /var/folders/p3/95t2_00n2jl3r2cn79bfn18h0000gp/T//fm-turnend-guard.IpXS2c/hook-dead-lock-fresh/bin/fm-owner-invoke-wait-check.sh
++ mkdir -p /var/folders/p3/95t2_00n2jl3r2cn79bfn18h0000gp/T//fm-turnend-guard.IpXS2c/hook-dead-lock-fresh/docs
++ cp -R /Users/AI/.no-mistakes/worktrees/edb446952c22/01M1EYV82B3ZA2ZEAH2A2NMK1R/docs/supervision-protocols /var/folders/p3/95t2_00n2jl3r2cn79bfn18h0000gp/T//fm-turnend-guard.IpXS2c/hook-dead-lock-fresh/docs/supervision-protocols
++ chmod +x /var/folders/p3/95t2_00n2jl3r2cn79bfn18h0000gp/T//fm-turnend-guard.IpXS2c/hook-dead-lock-fresh/bin/fm-turnend-guard.sh /var/folders/p3/95t2_00n2jl3r2cn79bfn18h0000gp/T//fm-turnend-guard.IpXS2c/hook-dead-lock-fresh/bin/fm-turnend-guard-grok.sh /var/folders/p3/95t2_00n2jl3r2cn79bfn18h0000gp/T//fm-turnend-guard.IpXS2c/hook-dead-lock-fresh/bin/fm-operational-input.sh /var/folders/p3/95t2_00n2jl3r2cn79bfn18h0000gp/T//fm-turnend-guard.IpXS2c/hook-dead-lock-fresh/bin/fm-supervision-instructions.sh /var/folders/p3/95t2_00n2jl3r2cn79bfn18h0000gp/T//fm-turnend-guard.IpXS2c/hook-dead-lock-fresh/bin/fm-harness.sh /var/folders/p3/95t2_00n2jl3r2cn79bfn18h0000gp/T//fm-turnend-guard.IpXS2c/hook-dead-lock-fresh/bin/fm-owner-invoke-wait-check.sh
++ printf '%s\n' /var/folders/p3/95t2_00n2jl3r2cn79bfn18h0000gp/T//fm-turnend-guard.IpXS2c/hook-dead-lock-fresh
+ dir=/var/folders/p3/95t2_00n2jl3r2cn79bfn18h0000gp/T//fm-turnend-guard.IpXS2c/hook-dead-lock-fresh
++ nonexistent_pid
++ local pid=999999
++ kill -0 999999
++ printf '%s\n' 999999
+ dead=999999
+ :
+ record_watcher_lock /var/folders/p3/95t2_00n2jl3r2cn79bfn18h0000gp/T//fm-turnend-guard.IpXS2c/hook-dead-lock-fresh 999999 'dead watcher identity'
+ local dir=/var/folders/p3/95t2_00n2jl3r2cn79bfn18h0000gp/T//fm-turnend-guard.IpXS2c/hook-dead-lock-fresh pid=999999 'identity=dead watcher identity' root bin_dir
++ cd /var/folders/p3/95t2_00n2jl3r2cn79bfn18h0000gp/T//fm-turnend-guard.IpXS2c/hook-dead-lock-fresh
++ pwd
+ root=/var/folders/p3/95t2_00n2jl3r2cn79bfn18h0000gp/T/fm-turnend-guard.IpXS2c/hook-dead-lock-fresh
++ cd /var/folders/p3/95t2_00n2jl3r2cn79bfn18h0000gp/T//fm-turnend-guard.IpXS2c/hook-dead-lock-fresh/bin
++ pwd
+ bin_dir=/var/folders/p3/95t2_00n2jl3r2cn79bfn18h0000gp/T/fm-turnend-guard.IpXS2c/hook-dead-lock-fresh/bin
+ mkdir -p /var/folders/p3/95t2_00n2jl3r2cn79bfn18h0000gp/T//fm-turnend-guard.IpXS2c/hook-dead-lock-fresh/state/.watch.lock
+ printf '%s\n' 999999
+ printf '%s\n' /var/folders/p3/95t2_00n2jl3r2cn79bfn18h0000gp/T/fm-turnend-guard.IpXS2c/hook-dead-lock-fresh
+ printf '%s\n' /var/folders/p3/95t2_00n2jl3r2cn79bfn18h0000gp/T/fm-turnend-guard.IpXS2c/hook-dead-lock-fresh/bin/fm-watch.sh
+ printf '%s\n' 'dead watcher identity'
+ touch /var/folders/p3/95t2_00n2jl3r2cn79bfn18h0000gp/T//fm-turnend-guard.IpXS2c/hook-dead-lock-fresh/state/.last-watcher-beat
++ run_hook /var/folders/p3/95t2_00n2jl3r2cn79bfn18h0000gp/T//fm-turnend-guard.IpXS2c/hook-dead-lock-fresh false
++ local dir=/var/folders/p3/95t2_00n2jl3r2cn79bfn18h0000gp/T//fm-turnend-guard.IpXS2c/hook-dead-lock-fresh stop_active=false home
+++ cd /var/folders/p3/95t2_00n2jl3r2cn79bfn18h0000gp/T//fm-turnend-guard.IpXS2c/hook-dead-lock-fresh
+++ pwd
++ home=/var/folders/p3/95t2_00n2jl3r2cn79bfn18h0000gp/T/fm-turnend-guard.IpXS2c/hook-dead-lock-fresh
++ printf '{"stop_hook_active":%s}' false
++ CLAUDECODE=1
++ FM_HOME=/var/folders/p3/95t2_00n2jl3r2cn79bfn18h0000gp/T/fm-turnend-guard.IpXS2c/hook-dead-lock-fresh
++ bash /var/folders/p3/95t2_00n2jl3r2cn79bfn18h0000gp/T//fm-turnend-guard.IpXS2c/hook-dead-lock-fresh/bin/fm-turnend-guard.sh
+ out='●━━━━━━━━━━━━━━━━━━━━━━━━━━━━━━━━━━━━━━━━━━━━━━━━━━━━━━━━━━━━━━━━━━━━━━━
●  TURN WOULD END BLIND - SUPERVISION IS OFF
●  1 task(s) in flight, but no live watcher holds this home lock (last beat: 0s ago).
●  watcher supervision needs Stop-owned automatic recovery; inspect the hook registration and startup status before ending the turn.
●━━━━━━━━━━━━━━━━━━━━━━━━━━━━━━━━━━━━━━━━━━━━━━━━━━━━━━━━━━━━━━━━━━━━━━━'
+ status=2
+ expect_code 2 2 'hook must block when the watcher lock pid is dead despite a fresh beacon'
+ local expected=2 actual=2 'label=hook must block when the watcher lock pid is dead despite a fresh beacon'
+ '[' 2 = 2 ']'
+ assert_contains '●━━━━━━━━━━━━━━━━━━━━━━━━━━━━━━━━━━━━━━━━━━━━━━━━━━━━━━━━━━━━━━━━━━━━━━━
●  TURN WOULD END BLIND - SUPERVISION IS OFF
●  1 task(s) in flight, but no live watcher holds this home lock (last beat: 0s ago).
●  watcher supervision needs Stop-owned automatic recovery; inspect the hook registration and startup status before ending the turn.
●━━━━━━━━━━━━━━━━━━━━━━━━━━━━━━━━━━━━━━━━━━━━━━━━━━━━━━━━━━━━━━━━━━━━━━━' 'watcher supervision needs Stop-owned automatic recovery; inspect the hook registration and startup status before ending the turn' 'block reason must contain the exact required instruction'
+ case "$1" in
+ :
+ pass 'fm-turnend-guard: blocks on a dead watcher lock even when the beacon is fresh'
+ printf 'ok - %s\n' 'fm-turnend-guard: blocks on a dead watcher lock even when the beacon is fresh'
ok - fm-turnend-guard: blocks on a dead watcher lock even when the beacon is fresh
+ test_hook_silent_with_live_lock_and_fresh_beacon
+ local dir pid identity out status
++ make_primary_dir /var/folders/p3/95t2_00n2jl3r2cn79bfn18h0000gp/T//fm-turnend-guard.IpXS2c/hook-live-lock-fresh
++ local dir=/var/folders/p3/95t2_00n2jl3r2cn79bfn18h0000gp/T//fm-turnend-guard.IpXS2c/hook-live-lock-fresh
++ mkdir -p /var/folders/p3/95t2_00n2jl3r2cn79bfn18h0000gp/T//fm-turnend-guard.IpXS2c/hook-live-lock-fresh/state
++ git init -q /var/folders/p3/95t2_00n2jl3r2cn79bfn18h0000gp/T//fm-turnend-guard.IpXS2c/hook-live-lock-fresh
++ git -C /var/folders/p3/95t2_00n2jl3r2cn79bfn18h0000gp/T//fm-turnend-guard.IpXS2c/hook-live-lock-fresh commit -q --allow-empty -m init
++ :
++ install_guard_scripts /var/folders/p3/95t2_00n2jl3r2cn79bfn18h0000gp/T//fm-turnend-guard.IpXS2c/hook-live-lock-fresh
++ local dir=/var/folders/p3/95t2_00n2jl3r2cn79bfn18h0000gp/T//fm-turnend-guard.IpXS2c/hook-live-lock-fresh
++ mkdir -p /var/folders/p3/95t2_00n2jl3r2cn79bfn18h0000gp/T//fm-turnend-guard.IpXS2c/hook-live-lock-fresh/bin
++ cp /Users/AI/.no-mistakes/worktrees/edb446952c22/01M1EYV82B3ZA2ZEAH2A2NMK1R/bin/fm-turnend-guard.sh /var/folders/p3/95t2_00n2jl3r2cn79bfn18h0000gp/T//fm-turnend-guard.IpXS2c/hook-live-lock-fresh/bin/fm-turnend-guard.sh
++ cp /Users/AI/.no-mistakes/worktrees/edb446952c22/01M1EYV82B3ZA2ZEAH2A2NMK1R/bin/fm-turnend-guard-grok.sh /var/folders/p3/95t2_00n2jl3r2cn79bfn18h0000gp/T//fm-turnend-guard.IpXS2c/hook-live-lock-fresh/bin/fm-turnend-guard-grok.sh
++ cp /Users/AI/.no-mistakes/worktrees/edb446952c22/01M1EYV82B3ZA2ZEAH2A2NMK1R/bin/fm-operational-input.sh /var/folders/p3/95t2_00n2jl3r2cn79bfn18h0000gp/T//fm-turnend-guard.IpXS2c/hook-live-lock-fresh/bin/fm-operational-input.sh
++ cp /Users/AI/.no-mistakes/worktrees/edb446952c22/01M1EYV82B3ZA2ZEAH2A2NMK1R/bin/fm-supervision-instructions.sh /var/folders/p3/95t2_00n2jl3r2cn79bfn18h0000gp/T//fm-turnend-guard.IpXS2c/hook-live-lock-fresh/bin/fm-supervision-instructions.sh
++ cp /Users/AI/.no-mistakes/worktrees/edb446952c22/01M1EYV82B3ZA2ZEAH2A2NMK1R/bin/fm-harness.sh /var/folders/p3/95t2_00n2jl3r2cn79bfn18h0000gp/T//fm-turnend-guard.IpXS2c/hook-live-lock-fresh/bin/fm-harness.sh
++ cp /Users/AI/.no-mistakes/worktrees/edb446952c22/01M1EYV82B3ZA2ZEAH2A2NMK1R/bin/fm-primary-scope-lib.sh /var/folders/p3/95t2_00n2jl3r2cn79bfn18h0000gp/T//fm-turnend-guard.IpXS2c/hook-live-lock-fresh/bin/fm-primary-scope-lib.sh
++ cp /Users/AI/.no-mistakes/worktrees/edb446952c22/01M1EYV82B3ZA2ZEAH2A2NMK1R/bin/fm-supervision-lib.sh /var/folders/p3/95t2_00n2jl3r2cn79bfn18h0000gp/T//fm-turnend-guard.IpXS2c/hook-live-lock-fresh/bin/fm-supervision-lib.sh
++ cp /Users/AI/.no-mistakes/worktrees/edb446952c22/01M1EYV82B3ZA2ZEAH2A2NMK1R/bin/fm-wake-lib.sh /var/folders/p3/95t2_00n2jl3r2cn79bfn18h0000gp/T//fm-turnend-guard.IpXS2c/hook-live-lock-fresh/bin/fm-wake-lib.sh
++ cp /Users/AI/.no-mistakes/worktrees/edb446952c22/01M1EYV82B3ZA2ZEAH2A2NMK1R/bin/fm-hook-host-lib.sh /var/folders/p3/95t2_00n2jl3r2cn79bfn18h0000gp/T//fm-turnend-guard.IpXS2c/hook-live-lock-fresh/bin/fm-hook-host-lib.sh
++ cp /Users/AI/.no-mistakes/worktrees/edb446952c22/01M1EYV82B3ZA2ZEAH2A2NMK1R/bin/fm-timeout-lib.sh /var/folders/p3/95t2_00n2jl3r2cn79bfn18h0000gp/T//fm-turnend-guard.IpXS2c/hook-live-lock-fresh/bin/fm-timeout-lib.sh
++ cp /Users/AI/.no-mistakes/worktrees/edb446952c22/01M1EYV82B3ZA2ZEAH2A2NMK1R/bin/fm-owner-invoke-wait-check.sh /var/folders/p3/95t2_00n2jl3r2cn79bfn18h0000gp/T//fm-turnend-guard.IpXS2c/hook-live-lock-fresh/bin/fm-owner-invoke-wait-check.sh
++ mkdir -p /var/folders/p3/95t2_00n2jl3r2cn79bfn18h0000gp/T//fm-turnend-guard.IpXS2c/hook-live-lock-fresh/docs
++ cp -R /Users/AI/.no-mistakes/worktrees/edb446952c22/01M1EYV82B3ZA2ZEAH2A2NMK1R/docs/supervision-protocols /var/folders/p3/95t2_00n2jl3r2cn79bfn18h0000gp/T//fm-turnend-guard.IpXS2c/hook-live-lock-fresh/docs/supervision-protocols
++ chmod +x /var/folders/p3/95t2_00n2jl3r2cn79bfn18h0000gp/T//fm-turnend-guard.IpXS2c/hook-live-lock-fresh/bin/fm-turnend-guard.sh /var/folders/p3/95t2_00n2jl3r2cn79bfn18h0000gp/T//fm-turnend-guard.IpXS2c/hook-live-lock-fresh/bin/fm-turnend-guard-grok.sh /var/folders/p3/95t2_00n2jl3r2cn79bfn18h0000gp/T//fm-turnend-guard.IpXS2c/hook-live-lock-fresh/bin/fm-operational-input.sh /var/folders/p3/95t2_00n2jl3r2cn79bfn18h0000gp/T//fm-turnend-guard.IpXS2c/hook-live-lock-fresh/bin/fm-supervision-instructions.sh /var/folders/p3/95t2_00n2jl3r2cn79bfn18h0000gp/T//fm-turnend-guard.IpXS2c/hook-live-lock-fresh/bin/fm-harness.sh /var/folders/p3/95t2_00n2jl3r2cn79bfn18h0000gp/T//fm-turnend-guard.IpXS2c/hook-live-lock-fresh/bin/fm-owner-invoke-wait-check.sh
++ printf '%s\n' /var/folders/p3/95t2_00n2jl3r2cn79bfn18h0000gp/T//fm-turnend-guard.IpXS2c/hook-live-lock-fresh
+ dir=/var/folders/p3/95t2_00n2jl3r2cn79bfn18h0000gp/T//fm-turnend-guard.IpXS2c/hook-live-lock-fresh
+ :
+ pid=5553
+ sleep 60
++ watcher_identity /var/folders/p3/95t2_00n2jl3r2cn79bfn18h0000gp/T//fm-turnend-guard.IpXS2c/hook-live-lock-fresh 5553
++ local dir=/var/folders/p3/95t2_00n2jl3r2cn79bfn18h0000gp/T//fm-turnend-guard.IpXS2c/hook-live-lock-fresh pid=5553
++ FM_STATE_OVERRIDE=/var/folders/p3/95t2_00n2jl3r2cn79bfn18h0000gp/T//fm-turnend-guard.IpXS2c/hook-live-lock-fresh/state
++ bash -c '. "$1"; fm_pid_identity "$2"' _ /var/folders/p3/95t2_00n2jl3r2cn79bfn18h0000gp/T//fm-turnend-guard.IpXS2c/hook-live-lock-fresh/bin/fm-wake-lib.sh 5553
+ identity='Wed Sep  2 01:11:13 2026     sleep 60'
+ record_watcher_lock /var/folders/p3/95t2_00n2jl3r2cn79bfn18h0000gp/T//fm-turnend-guard.IpXS2c/hook-live-lock-fresh 5553 'Wed Sep  2 01:11:13 2026     sleep 60'
+ local dir=/var/folders/p3/95t2_00n2jl3r2cn79bfn18h0000gp/T//fm-turnend-guard.IpXS2c/hook-live-lock-fresh pid=5553 'identity=Wed Sep  2 01:11:13 2026     sleep 60' root bin_dir
++ cd /var/folders/p3/95t2_00n2jl3r2cn79bfn18h0000gp/T//fm-turnend-guard.IpXS2c/hook-live-lock-fresh
++ pwd
+ root=/var/folders/p3/95t2_00n2jl3r2cn79bfn18h0000gp/T/fm-turnend-guard.IpXS2c/hook-live-lock-fresh
++ cd /var/folders/p3/95t2_00n2jl3r2cn79bfn18h0000gp/T//fm-turnend-guard.IpXS2c/hook-live-lock-fresh/bin
++ pwd
+ bin_dir=/var/folders/p3/95t2_00n2jl3r2cn79bfn18h0000gp/T/fm-turnend-guard.IpXS2c/hook-live-lock-fresh/bin
+ mkdir -p /var/folders/p3/95t2_00n2jl3r2cn79bfn18h0000gp/T//fm-turnend-guard.IpXS2c/hook-live-lock-fresh/state/.watch.lock
+ printf '%s\n' 5553
+ printf '%s\n' /var/folders/p3/95t2_00n2jl3r2cn79bfn18h0000gp/T/fm-turnend-guard.IpXS2c/hook-live-lock-fresh
+ printf '%s\n' /var/folders/p3/95t2_00n2jl3r2cn79bfn18h0000gp/T/fm-turnend-guard.IpXS2c/hook-live-lock-fresh/bin/fm-watch.sh
+ printf '%s\n' 'Wed Sep  2 01:11:13 2026     sleep 60'
+ touch /var/folders/p3/95t2_00n2jl3r2cn79bfn18h0000gp/T//fm-turnend-guard.IpXS2c/hook-live-lock-fresh/state/.last-watcher-beat
++ run_hook /var/folders/p3/95t2_00n2jl3r2cn79bfn18h0000gp/T//fm-turnend-guard.IpXS2c/hook-live-lock-fresh false
++ local dir=/var/folders/p3/95t2_00n2jl3r2cn79bfn18h0000gp/T//fm-turnend-guard.IpXS2c/hook-live-lock-fresh stop_active=false home
+++ cd /var/folders/p3/95t2_00n2jl3r2cn79bfn18h0000gp/T//fm-turnend-guard.IpXS2c/hook-live-lock-fresh
+++ pwd
++ home=/var/folders/p3/95t2_00n2jl3r2cn79bfn18h0000gp/T/fm-turnend-guard.IpXS2c/hook-live-lock-fresh
++ printf '{"stop_hook_active":%s}' false
++ CLAUDECODE=1
++ FM_HOME=/var/folders/p3/95t2_00n2jl3r2cn79bfn18h0000gp/T/fm-turnend-guard.IpXS2c/hook-live-lock-fresh
++ bash /var/folders/p3/95t2_00n2jl3r2cn79bfn18h0000gp/T//fm-turnend-guard.IpXS2c/hook-live-lock-fresh/bin/fm-turnend-guard.sh
+ out=
+ status=0
+ kill 5553
+ wait 5553
+ true
+ expect_code 0 0 'hook must exit 0 with a live identity-matched watcher lock and fresh beacon'
+ local expected=0 actual=0 'label=hook must exit 0 with a live identity-matched watcher lock and fresh beacon'
+ '[' 0 = 0 ']'
+ '[' -z '' ']'
+ pass 'fm-turnend-guard: silent no-op with a live watcher lock and fresh beacon'
+ printf 'ok - %s\n' 'fm-turnend-guard: silent no-op with a live watcher lock and fresh beacon'
ok - fm-turnend-guard: silent no-op with a live watcher lock and fresh beacon
+ test_hook_non_claude_health_ignores_claude_budget_contention
+ local dir home pid identity holder harness payload out status
++ make_primary_dir /var/folders/p3/95t2_00n2jl3r2cn79bfn18h0000gp/T//fm-turnend-guard.IpXS2c/hook-non-claude-budget-contention
++ local dir=/var/folders/p3/95t2_00n2jl3r2cn79bfn18h0000gp/T//fm-turnend-guard.IpXS2c/hook-non-claude-budget-contention
++ mkdir -p /var/folders/p3/95t2_00n2jl3r2cn79bfn18h0000gp/T//fm-turnend-guard.IpXS2c/hook-non-claude-budget-contention/state
++ git init -q /var/folders/p3/95t2_00n2jl3r2cn79bfn18h0000gp/T//fm-turnend-guard.IpXS2c/hook-non-claude-budget-contention
++ git -C /var/folders/p3/95t2_00n2jl3r2cn79bfn18h0000gp/T//fm-turnend-guard.IpXS2c/hook-non-claude-budget-contention commit -q --allow-empty -m init
++ :
++ install_guard_scripts /var/folders/p3/95t2_00n2jl3r2cn79bfn18h0000gp/T//fm-turnend-guard.IpXS2c/hook-non-claude-budget-contention
++ local dir=/var/folders/p3/95t2_00n2jl3r2cn79bfn18h0000gp/T//fm-turnend-guard.IpXS2c/hook-non-claude-budget-contention
++ mkdir -p /var/folders/p3/95t2_00n2jl3r2cn79bfn18h0000gp/T//fm-turnend-guard.IpXS2c/hook-non-claude-budget-contention/bin
++ cp /Users/AI/.no-mistakes/worktrees/edb446952c22/01M1EYV82B3ZA2ZEAH2A2NMK1R/bin/fm-turnend-guard.sh /var/folders/p3/95t2_00n2jl3r2cn79bfn18h0000gp/T//fm-turnend-guard.IpXS2c/hook-non-claude-budget-contention/bin/fm-turnend-guard.sh
++ cp /Users/AI/.no-mistakes/worktrees/edb446952c22/01M1EYV82B3ZA2ZEAH2A2NMK1R/bin/fm-turnend-guard-grok.sh /var/folders/p3/95t2_00n2jl3r2cn79bfn18h0000gp/T//fm-turnend-guard.IpXS2c/hook-non-claude-budget-contention/bin/fm-turnend-guard-grok.sh
++ cp /Users/AI/.no-mistakes/worktrees/edb446952c22/01M1EYV82B3ZA2ZEAH2A2NMK1R/bin/fm-operational-input.sh /var/folders/p3/95t2_00n2jl3r2cn79bfn18h0000gp/T//fm-turnend-guard.IpXS2c/hook-non-claude-budget-contention/bin/fm-operational-input.sh
++ cp /Users/AI/.no-mistakes/worktrees/edb446952c22/01M1EYV82B3ZA2ZEAH2A2NMK1R/bin/fm-supervision-instructions.sh /var/folders/p3/95t2_00n2jl3r2cn79bfn18h0000gp/T//fm-turnend-guard.IpXS2c/hook-non-claude-budget-contention/bin/fm-supervision-instructions.sh
++ cp /Users/AI/.no-mistakes/worktrees/edb446952c22/01M1EYV82B3ZA2ZEAH2A2NMK1R/bin/fm-harness.sh /var/folders/p3/95t2_00n2jl3r2cn79bfn18h0000gp/T//fm-turnend-guard.IpXS2c/hook-non-claude-budget-contention/bin/fm-harness.sh
++ cp /Users/AI/.no-mistakes/worktrees/edb446952c22/01M1EYV82B3ZA2ZEAH2A2NMK1R/bin/fm-primary-scope-lib.sh /var/folders/p3/95t2_00n2jl3r2cn79bfn18h0000gp/T//fm-turnend-guard.IpXS2c/hook-non-claude-budget-contention/bin/fm-primary-scope-lib.sh
++ cp /Users/AI/.no-mistakes/worktrees/edb446952c22/01M1EYV82B3ZA2ZEAH2A2NMK1R/bin/fm-supervision-lib.sh /var/folders/p3/95t2_00n2jl3r2cn79bfn18h0000gp/T//fm-turnend-guard.IpXS2c/hook-non-claude-budget-contention/bin/fm-supervision-lib.sh
++ cp /Users/AI/.no-mistakes/worktrees/edb446952c22/01M1EYV82B3ZA2ZEAH2A2NMK1R/bin/fm-wake-lib.sh /var/folders/p3/95t2_00n2jl3r2cn79bfn18h0000gp/T//fm-turnend-guard.IpXS2c/hook-non-claude-budget-contention/bin/fm-wake-lib.sh
++ cp /Users/AI/.no-mistakes/worktrees/edb446952c22/01M1EYV82B3ZA2ZEAH2A2NMK1R/bin/fm-hook-host-lib.sh /var/folders/p3/95t2_00n2jl3r2cn79bfn18h0000gp/T//fm-turnend-guard.IpXS2c/hook-non-claude-budget-contention/bin/fm-hook-host-lib.sh
++ cp /Users/AI/.no-mistakes/worktrees/edb446952c22/01M1EYV82B3ZA2ZEAH2A2NMK1R/bin/fm-timeout-lib.sh /var/folders/p3/95t2_00n2jl3r2cn79bfn18h0000gp/T//fm-turnend-guard.IpXS2c/hook-non-claude-budget-contention/bin/fm-timeout-lib.sh
++ cp /Users/AI/.no-mistakes/worktrees/edb446952c22/01M1EYV82B3ZA2ZEAH2A2NMK1R/bin/fm-owner-invoke-wait-check.sh /var/folders/p3/95t2_00n2jl3r2cn79bfn18h0000gp/T//fm-turnend-guard.IpXS2c/hook-non-claude-budget-contention/bin/fm-owner-invoke-wait-check.sh
++ mkdir -p /var/folders/p3/95t2_00n2jl3r2cn79bfn18h0000gp/T//fm-turnend-guard.IpXS2c/hook-non-claude-budget-contention/docs
++ cp -R /Users/AI/.no-mistakes/worktrees/edb446952c22/01M1EYV82B3ZA2ZEAH2A2NMK1R/docs/supervision-protocols /var/folders/p3/95t2_00n2jl3r2cn79bfn18h0000gp/T//fm-turnend-guard.IpXS2c/hook-non-claude-budget-contention/docs/supervision-protocols
++ chmod +x /var/folders/p3/95t2_00n2jl3r2cn79bfn18h0000gp/T//fm-turnend-guard.IpXS2c/hook-non-claude-budget-contention/bin/fm-turnend-guard.sh /var/folders/p3/95t2_00n2jl3r2cn79bfn18h0000gp/T//fm-turnend-guard.IpXS2c/hook-non-claude-budget-contention/bin/fm-turnend-guard-grok.sh /var/folders/p3/95t2_00n2jl3r2cn79bfn18h0000gp/T//fm-turnend-guard.IpXS2c/hook-non-claude-budget-contention/bin/fm-operational-input.sh /var/folders/p3/95t2_00n2jl3r2cn79bfn18h0000gp/T//fm-turnend-guard.IpXS2c/hook-non-claude-budget-contention/bin/fm-supervision-instructions.sh /var/folders/p3/95t2_00n2jl3r2cn79bfn18h0000gp/T//fm-turnend-guard.IpXS2c/hook-non-claude-budget-contention/bin/fm-harness.sh /var/folders/p3/95t2_00n2jl3r2cn79bfn18h0000gp/T//fm-turnend-guard.IpXS2c/hook-non-claude-budget-contention/bin/fm-owner-invoke-wait-check.sh
++ printf '%s\n' /var/folders/p3/95t2_00n2jl3r2cn79bfn18h0000gp/T//fm-turnend-guard.IpXS2c/hook-non-claude-budget-contention
+ dir=/var/folders/p3/95t2_00n2jl3r2cn79bfn18h0000gp/T//fm-turnend-guard.IpXS2c/hook-non-claude-budget-contention
++ cd /var/folders/p3/95t2_00n2jl3r2cn79bfn18h0000gp/T//fm-turnend-guard.IpXS2c/hook-non-claude-budget-contention
++ pwd
+ home=/var/folders/p3/95t2_00n2jl3r2cn79bfn18h0000gp/T/fm-turnend-guard.IpXS2c/hook-non-claude-budget-contention
+ :
+ pid=6790
+ sleep 60
++ watcher_identity /var/folders/p3/95t2_00n2jl3r2cn79bfn18h0000gp/T//fm-turnend-guard.IpXS2c/hook-non-claude-budget-contention 6790
++ local dir=/var/folders/p3/95t2_00n2jl3r2cn79bfn18h0000gp/T//fm-turnend-guard.IpXS2c/hook-non-claude-budget-contention pid=6790
++ FM_STATE_OVERRIDE=/var/folders/p3/95t2_00n2jl3r2cn79bfn18h0000gp/T//fm-turnend-guard.IpXS2c/hook-non-claude-budget-contention/state
++ bash -c '. "$1"; fm_pid_identity "$2"' _ /var/folders/p3/95t2_00n2jl3r2cn79bfn18h0000gp/T//fm-turnend-guard.IpXS2c/hook-non-claude-budget-contention/bin/fm-wake-lib.sh 6790
+ identity='Wed Sep  2 01:11:13 2026     sleep 60'
+ record_watcher_lock /var/folders/p3/95t2_00n2jl3r2cn79bfn18h0000gp/T//fm-turnend-guard.IpXS2c/hook-non-claude-budget-contention 6790 'Wed Sep  2 01:11:13 2026     sleep 60'
+ local dir=/var/folders/p3/95t2_00n2jl3r2cn79bfn18h0000gp/T//fm-turnend-guard.IpXS2c/hook-non-claude-budget-contention pid=6790 'identity=Wed Sep  2 01:11:13 2026     sleep 60' root bin_dir
++ cd /var/folders/p3/95t2_00n2jl3r2cn79bfn18h0000gp/T//fm-turnend-guard.IpXS2c/hook-non-claude-budget-contention
++ pwd
+ root=/var/folders/p3/95t2_00n2jl3r2cn79bfn18h0000gp/T/fm-turnend-guard.IpXS2c/hook-non-claude-budget-contention
++ cd /var/folders/p3/95t2_00n2jl3r2cn79bfn18h0000gp/T//fm-turnend-guard.IpXS2c/hook-non-claude-budget-contention/bin
++ pwd
+ bin_dir=/var/folders/p3/95t2_00n2jl3r2cn79bfn18h0000gp/T/fm-turnend-guard.IpXS2c/hook-non-claude-budget-contention/bin
+ mkdir -p /var/folders/p3/95t2_00n2jl3r2cn79bfn18h0000gp/T//fm-turnend-guard.IpXS2c/hook-non-claude-budget-contention/state/.watch.lock
+ printf '%s\n' 6790
+ printf '%s\n' /var/folders/p3/95t2_00n2jl3r2cn79bfn18h0000gp/T/fm-turnend-guard.IpXS2c/hook-non-claude-budget-contention
+ printf '%s\n' /var/folders/p3/95t2_00n2jl3r2cn79bfn18h0000gp/T/fm-turnend-guard.IpXS2c/hook-non-claude-budget-contention/bin/fm-watch.sh
+ printf '%s\n' 'Wed Sep  2 01:11:13 2026     sleep 60'
+ touch /var/folders/p3/95t2_00n2jl3r2cn79bfn18h0000gp/T//fm-turnend-guard.IpXS2c/hook-non-claude-budget-contention/state/.last-watcher-beat
+ printf 'session=claude-episode\ncount=3\nepoch=9\n'
+ printf 'notice-state\n'
+ printf 'alarm-state\n'
+ sleep 60
+ holder=6845
+ mkdir -p /var/folders/p3/95t2_00n2jl3r2cn79bfn18h0000gp/T//fm-turnend-guard.IpXS2c/hook-non-claude-budget-contention/state/.turnend-claude-blocks.lock
+ printf '%s\n' 6845
+ IFS='|'
+ read -r harness payload
++ printf %s '{"stop_hook_active":false}'
++ FM_HOME=/var/folders/p3/95t2_00n2jl3r2cn79bfn18h0000gp/T/fm-turnend-guard.IpXS2c/hook-non-claude-budget-contention
++ bash /var/folders/p3/95t2_00n2jl3r2cn79bfn18h0000gp/T//fm-turnend-guard.IpXS2c/hook-non-claude-budget-contention/bin/fm-turnend-guard.sh
+ out=
+ status=0
+ expect_code 0 0 'default healthy path must ignore Claude budget-lock contention'
+ local expected=0 actual=0 'label=default healthy path must ignore Claude budget-lock contention'
+ '[' 0 = 0 ']'
+ '[' -z '' ']'
++ cat /var/folders/p3/95t2_00n2jl3r2cn79bfn18h0000gp/T//fm-turnend-guard.IpXS2c/hook-non-claude-budget-contention/state/.turnend-claude-blocks
+ '[' 'session=claude-episode
count=3
epoch=9' = 'session=claude-episode
count=3
epoch=9' ']'
++ cat /var/folders/p3/95t2_00n2jl3r2cn79bfn18h0000gp/T//fm-turnend-guard.IpXS2c/hook-non-claude-budget-contention/state/.claude-autoarm-failure-notified
+ '[' notice-state = notice-state ']'
++ cat /var/folders/p3/95t2_00n2jl3r2cn79bfn18h0000gp/T//fm-turnend-guard.IpXS2c/hook-non-claude-budget-contention/state/.claude-autoarm-failure-alarmed
+ '[' alarm-state = alarm-state ']'
++ cat /var/folders/p3/95t2_00n2jl3r2cn79bfn18h0000gp/T//fm-turnend-guard.IpXS2c/hook-non-claude-budget-contention/state/.turnend-claude-blocks.lock/pid
+ '[' 6845 = 6845 ']'
+ IFS='|'
+ read -r harness payload
++ printf %s '{"cwd":"/var/folders/p3/95t2_00n2jl3r2cn79bfn18h0000gp/T//fm-turnend-guard.IpXS2c/hook-non-claude-budget-contention","stop_hook_active":false}'
++ FM_HOME=/var/folders/p3/95t2_00n2jl3r2cn79bfn18h0000gp/T/fm-turnend-guard.IpXS2c/hook-non-claude-budget-contention
++ bash /var/folders/p3/95t2_00n2jl3r2cn79bfn18h0000gp/T//fm-turnend-guard.IpXS2c/hook-non-claude-budget-contention/bin/fm-turnend-guard.sh
+ out=
+ status=0
+ expect_code 0 0 'Codex healthy path must ignore Claude budget-lock contention'
+ local expected=0 actual=0 'label=Codex healthy path must ignore Claude budget-lock contention'
+ '[' 0 = 0 ']'
+ '[' -z '' ']'
++ cat /var/folders/p3/95t2_00n2jl3r2cn79bfn18h0000gp/T//fm-turnend-guard.IpXS2c/hook-non-claude-budget-contention/state/.turnend-claude-blocks
+ '[' 'session=claude-episode
count=3
epoch=9' = 'session=claude-episode
count=3
epoch=9' ']'
++ cat /var/folders/p3/95t2_00n2jl3r2cn79bfn18h0000gp/T//fm-turnend-guard.IpXS2c/hook-non-claude-budget-contention/state/.claude-autoarm-failure-notified
+ '[' notice-state = notice-state ']'
++ cat /var/folders/p3/95t2_00n2jl3r2cn79bfn18h0000gp/T//fm-turnend-guard.IpXS2c/hook-non-claude-budget-contention/state/.claude-autoarm-failure-alarmed
+ '[' alarm-state = alarm-state ']'
++ cat /var/folders/p3/95t2_00n2jl3r2cn79bfn18h0000gp/T//fm-turnend-guard.IpXS2c/hook-non-claude-budget-contention/state/.turnend-claude-blocks.lock/pid
+ '[' 6845 = 6845 ']'
+ IFS='|'
+ read -r harness payload
++ printf %s '{"stop_hook_active":false}'
++ FM_HOME=/var/folders/p3/95t2_00n2jl3r2cn79bfn18h0000gp/T/fm-turnend-guard.IpXS2c/hook-non-claude-budget-contention
++ bash /var/folders/p3/95t2_00n2jl3r2cn79bfn18h0000gp/T//fm-turnend-guard.IpXS2c/hook-non-claude-budget-contention/bin/fm-turnend-guard.sh
+ out=
+ status=0
+ expect_code 0 0 'OpenCode healthy path must ignore Claude budget-lock contention'
+ local expected=0 actual=0 'label=OpenCode healthy path must ignore Claude budget-lock contention'
+ '[' 0 = 0 ']'
+ '[' -z '' ']'
++ cat /var/folders/p3/95t2_00n2jl3r2cn79bfn18h0000gp/T//fm-turnend-guard.IpXS2c/hook-non-claude-budget-contention/state/.turnend-claude-blocks
+ '[' 'session=claude-episode
count=3
epoch=9' = 'session=claude-episode
count=3
epoch=9' ']'
++ cat /var/folders/p3/95t2_00n2jl3r2cn79bfn18h0000gp/T//fm-turnend-guard.IpXS2c/hook-non-claude-budget-contention/state/.claude-autoarm-failure-notified
+ '[' notice-state = notice-state ']'
++ cat /var/folders/p3/95t2_00n2jl3r2cn79bfn18h0000gp/T//fm-turnend-guard.IpXS2c/hook-non-claude-budget-contention/state/.claude-autoarm-failure-alarmed
+ '[' alarm-state = alarm-state ']'
++ cat /var/folders/p3/95t2_00n2jl3r2cn79bfn18h0000gp/T//fm-turnend-guard.IpXS2c/hook-non-claude-budget-contention/state/.turnend-claude-blocks.lock/pid
+ '[' 6845 = 6845 ']'
+ IFS='|'
+ read -r harness payload
++ printf %s '{"stop_hook_active":false}'
++ FM_HOME=/var/folders/p3/95t2_00n2jl3r2cn79bfn18h0000gp/T/fm-turnend-guard.IpXS2c/hook-non-claude-budget-contention
++ bash /var/folders/p3/95t2_00n2jl3r2cn79bfn18h0000gp/T//fm-turnend-guard.IpXS2c/hook-non-claude-budget-contention/bin/fm-turnend-guard.sh
+ out=
+ status=0
+ expect_code 0 0 'Pi healthy path must ignore Claude budget-lock contention'
+ local expected=0 actual=0 'label=Pi healthy path must ignore Claude budget-lock contention'
+ '[' 0 = 0 ']'
+ '[' -z '' ']'
++ cat /var/folders/p3/95t2_00n2jl3r2cn79bfn18h0000gp/T//fm-turnend-guard.IpXS2c/hook-non-claude-budget-contention/state/.turnend-claude-blocks
+ '[' 'session=claude-episode
count=3
epoch=9' = 'session=claude-episode
count=3
epoch=9' ']'
++ cat /var/folders/p3/95t2_00n2jl3r2cn79bfn18h0000gp/T//fm-turnend-guard.IpXS2c/hook-non-claude-budget-contention/state/.claude-autoarm-failure-notified
+ '[' notice-state = notice-state ']'
++ cat /var/folders/p3/95t2_00n2jl3r2cn79bfn18h0000gp/T//fm-turnend-guard.IpXS2c/hook-non-claude-budget-contention/state/.claude-autoarm-failure-alarmed
+ '[' alarm-state = alarm-state ']'
++ cat /var/folders/p3/95t2_00n2jl3r2cn79bfn18h0000gp/T//fm-turnend-guard.IpXS2c/hook-non-claude-budget-contention/state/.turnend-claude-blocks.lock/pid
+ '[' 6845 = 6845 ']'
+ IFS='|'
+ read -r harness payload
++ printf %s '{"stop_hook_active":false}'
++ FM_HOME=/var/folders/p3/95t2_00n2jl3r2cn79bfn18h0000gp/T/fm-turnend-guard.IpXS2c/hook-non-claude-budget-contention
++ bash /var/folders/p3/95t2_00n2jl3r2cn79bfn18h0000gp/T//fm-turnend-guard.IpXS2c/hook-non-claude-budget-contention/bin/fm-turnend-guard.sh
+ out=
+ status=0
+ expect_code 0 0 'pi-signed healthy path must ignore Claude budget-lock contention'
+ local expected=0 actual=0 'label=pi-signed healthy path must ignore Claude budget-lock contention'
+ '[' 0 = 0 ']'
+ '[' -z '' ']'
++ cat /var/folders/p3/95t2_00n2jl3r2cn79bfn18h0000gp/T//fm-turnend-guard.IpXS2c/hook-non-claude-budget-contention/state/.turnend-claude-blocks
+ '[' 'session=claude-episode
count=3
epoch=9' = 'session=claude-episode
count=3
epoch=9' ']'
++ cat /var/folders/p3/95t2_00n2jl3r2cn79bfn18h0000gp/T//fm-turnend-guard.IpXS2c/hook-non-claude-budget-contention/state/.claude-autoarm-failure-notified
+ '[' notice-state = notice-state ']'
++ cat /var/folders/p3/95t2_00n2jl3r2cn79bfn18h0000gp/T//fm-turnend-guard.IpXS2c/hook-non-claude-budget-contention/state/.claude-autoarm-failure-alarmed
+ '[' alarm-state = alarm-state ']'
++ cat /var/folders/p3/95t2_00n2jl3r2cn79bfn18h0000gp/T//fm-turnend-guard.IpXS2c/hook-non-claude-budget-contention/state/.turnend-claude-blocks.lock/pid
+ '[' 6845 = 6845 ']'
+ IFS='|'
+ read -r harness payload
++ printf %s '{"sessionId":"grok-session","stopHookActive":false}'
++ FM_HOME=/var/folders/p3/95t2_00n2jl3r2cn79bfn18h0000gp/T/fm-turnend-guard.IpXS2c/hook-non-claude-budget-contention
++ bash /var/folders/p3/95t2_00n2jl3r2cn79bfn18h0000gp/T//fm-turnend-guard.IpXS2c/hook-non-claude-budget-contention/bin/fm-turnend-guard.sh
+ out=
+ status=0
+ expect_code 0 0 'Grok healthy path must ignore Claude budget-lock contention'
+ local expected=0 actual=0 'label=Grok healthy path must ignore Claude budget-lock contention'
+ '[' 0 = 0 ']'
+ '[' -z '' ']'
++ cat /var/folders/p3/95t2_00n2jl3r2cn79bfn18h0000gp/T//fm-turnend-guard.IpXS2c/hook-non-claude-budget-contention/state/.turnend-claude-blocks
+ '[' 'session=claude-episode
count=3
epoch=9' = 'session=claude-episode
count=3
epoch=9' ']'
++ cat /var/folders/p3/95t2_00n2jl3r2cn79bfn18h0000gp/T//fm-turnend-guard.IpXS2c/hook-non-claude-budget-contention/state/.claude-autoarm-failure-notified
+ '[' notice-state = notice-state ']'
++ cat /var/folders/p3/95t2_00n2jl3r2cn79bfn18h0000gp/T//fm-turnend-guard.IpXS2c/hook-non-claude-budget-contention/state/.claude-autoarm-failure-alarmed
+ '[' alarm-state = alarm-state ']'
++ cat /var/folders/p3/95t2_00n2jl3r2cn79bfn18h0000gp/T//fm-turnend-guard.IpXS2c/hook-non-claude-budget-contention/state/.turnend-claude-blocks.lock/pid
+ '[' 6845 = 6845 ']'
+ IFS='|'
+ read -r harness payload
++ printf %s '{"stop_hook_active":false}'
++ FM_HOME=/var/folders/p3/95t2_00n2jl3r2cn79bfn18h0000gp/T/fm-turnend-guard.IpXS2c/hook-non-claude-budget-contention
++ bash /var/folders/p3/95t2_00n2jl3r2cn79bfn18h0000gp/T//fm-turnend-guard.IpXS2c/hook-non-claude-budget-contention/bin/fm-turnend-guard.sh
+ out=
+ status=0
+ expect_code 0 0 'Kimi healthy path must ignore Claude budget-lock contention'
+ local expected=0 actual=0 'label=Kimi healthy path must ignore Claude budget-lock contention'
+ '[' 0 = 0 ']'
+ '[' -z '' ']'
++ cat /var/folders/p3/95t2_00n2jl3r2cn79bfn18h0000gp/T//fm-turnend-guard.IpXS2c/hook-non-claude-budget-contention/state/.turnend-claude-blocks
+ '[' 'session=claude-episode
count=3
epoch=9' = 'session=claude-episode
count=3
epoch=9' ']'
++ cat /var/folders/p3/95t2_00n2jl3r2cn79bfn18h0000gp/T//fm-turnend-guard.IpXS2c/hook-non-claude-budget-contention/state/.claude-autoarm-failure-notified
+ '[' notice-state = notice-state ']'
++ cat /var/folders/p3/95t2_00n2jl3r2cn79bfn18h0000gp/T//fm-turnend-guard.IpXS2c/hook-non-claude-budget-contention/state/.claude-autoarm-failure-alarmed
+ '[' alarm-state = alarm-state ']'
++ cat /var/folders/p3/95t2_00n2jl3r2cn79bfn18h0000gp/T//fm-turnend-guard.IpXS2c/hook-non-claude-budget-contention/state/.turnend-claude-blocks.lock/pid
+ '[' 6845 = 6845 ']'
+ IFS='|'
+ read -r harness payload
+ kill 6845 6790
+ wait 6845 6790
+ true
+ pass 'fm-turnend-guard: healthy non-Claude harness paths ignore Claude episode contention'
+ printf 'ok - %s\n' 'fm-turnend-guard: healthy non-Claude harness paths ignore Claude episode contention'
ok - fm-turnend-guard: healthy non-Claude harness paths ignore Claude episode contention
+ test_hook_blocks_with_live_lock_and_stale_beacon
+ local dir pid identity out status
++ make_primary_dir /var/folders/p3/95t2_00n2jl3r2cn79bfn18h0000gp/T//fm-turnend-guard.IpXS2c/hook-live-lock-stale
++ local dir=/var/folders/p3/95t2_00n2jl3r2cn79bfn18h0000gp/T//fm-turnend-guard.IpXS2c/hook-live-lock-stale
++ mkdir -p /var/folders/p3/95t2_00n2jl3r2cn79bfn18h0000gp/T//fm-turnend-guard.IpXS2c/hook-live-lock-stale/state
++ git init -q /var/folders/p3/95t2_00n2jl3r2cn79bfn18h0000gp/T//fm-turnend-guard.IpXS2c/hook-live-lock-stale
++ git -C /var/folders/p3/95t2_00n2jl3r2cn79bfn18h0000gp/T//fm-turnend-guard.IpXS2c/hook-live-lock-stale commit -q --allow-empty -m init
++ :
++ install_guard_scripts /var/folders/p3/95t2_00n2jl3r2cn79bfn18h0000gp/T//fm-turnend-guard.IpXS2c/hook-live-lock-stale
++ local dir=/var/folders/p3/95t2_00n2jl3r2cn79bfn18h0000gp/T//fm-turnend-guard.IpXS2c/hook-live-lock-stale
++ mkdir -p /var/folders/p3/95t2_00n2jl3r2cn79bfn18h0000gp/T//fm-turnend-guard.IpXS2c/hook-live-lock-stale/bin
++ cp /Users/AI/.no-mistakes/worktrees/edb446952c22/01M1EYV82B3ZA2ZEAH2A2NMK1R/bin/fm-turnend-guard.sh /var/folders/p3/95t2_00n2jl3r2cn79bfn18h0000gp/T//fm-turnend-guard.IpXS2c/hook-live-lock-stale/bin/fm-turnend-guard.sh
++ cp /Users/AI/.no-mistakes/worktrees/edb446952c22/01M1EYV82B3ZA2ZEAH2A2NMK1R/bin/fm-turnend-guard-grok.sh /var/folders/p3/95t2_00n2jl3r2cn79bfn18h0000gp/T//fm-turnend-guard.IpXS2c/hook-live-lock-stale/bin/fm-turnend-guard-grok.sh
++ cp /Users/AI/.no-mistakes/worktrees/edb446952c22/01M1EYV82B3ZA2ZEAH2A2NMK1R/bin/fm-operational-input.sh /var/folders/p3/95t2_00n2jl3r2cn79bfn18h0000gp/T//fm-turnend-guard.IpXS2c/hook-live-lock-stale/bin/fm-operational-input.sh
++ cp /Users/AI/.no-mistakes/worktrees/edb446952c22/01M1EYV82B3ZA2ZEAH2A2NMK1R/bin/fm-supervision-instructions.sh /var/folders/p3/95t2_00n2jl3r2cn79bfn18h0000gp/T//fm-turnend-guard.IpXS2c/hook-live-lock-stale/bin/fm-supervision-instructions.sh
++ cp /Users/AI/.no-mistakes/worktrees/edb446952c22/01M1EYV82B3ZA2ZEAH2A2NMK1R/bin/fm-harness.sh /var/folders/p3/95t2_00n2jl3r2cn79bfn18h0000gp/T//fm-turnend-guard.IpXS2c/hook-live-lock-stale/bin/fm-harness.sh
++ cp /Users/AI/.no-mistakes/worktrees/edb446952c22/01M1EYV82B3ZA2ZEAH2A2NMK1R/bin/fm-primary-scope-lib.sh /var/folders/p3/95t2_00n2jl3r2cn79bfn18h0000gp/T//fm-turnend-guard.IpXS2c/hook-live-lock-stale/bin/fm-primary-scope-lib.sh
++ cp /Users/AI/.no-mistakes/worktrees/edb446952c22/01M1EYV82B3ZA2ZEAH2A2NMK1R/bin/fm-supervision-lib.sh /var/folders/p3/95t2_00n2jl3r2cn79bfn18h0000gp/T//fm-turnend-guard.IpXS2c/hook-live-lock-stale/bin/fm-supervision-lib.sh
++ cp /Users/AI/.no-mistakes/worktrees/edb446952c22/01M1EYV82B3ZA2ZEAH2A2NMK1R/bin/fm-wake-lib.sh /var/folders/p3/95t2_00n2jl3r2cn79bfn18h0000gp/T//fm-turnend-guard.IpXS2c/hook-live-lock-stale/bin/fm-wake-lib.sh
++ cp /Users/AI/.no-mistakes/worktrees/edb446952c22/01M1EYV82B3ZA2ZEAH2A2NMK1R/bin/fm-hook-host-lib.sh /var/folders/p3/95t2_00n2jl3r2cn79bfn18h0000gp/T//fm-turnend-guard.IpXS2c/hook-live-lock-stale/bin/fm-hook-host-lib.sh
++ cp /Users/AI/.no-mistakes/worktrees/edb446952c22/01M1EYV82B3ZA2ZEAH2A2NMK1R/bin/fm-timeout-lib.sh /var/folders/p3/95t2_00n2jl3r2cn79bfn18h0000gp/T//fm-turnend-guard.IpXS2c/hook-live-lock-stale/bin/fm-timeout-lib.sh
++ cp /Users/AI/.no-mistakes/worktrees/edb446952c22/01M1EYV82B3ZA2ZEAH2A2NMK1R/bin/fm-owner-invoke-wait-check.sh /var/folders/p3/95t2_00n2jl3r2cn79bfn18h0000gp/T//fm-turnend-guard.IpXS2c/hook-live-lock-stale/bin/fm-owner-invoke-wait-check.sh
++ mkdir -p /var/folders/p3/95t2_00n2jl3r2cn79bfn18h0000gp/T//fm-turnend-guard.IpXS2c/hook-live-lock-stale/docs
++ cp -R /Users/AI/.no-mistakes/worktrees/edb446952c22/01M1EYV82B3ZA2ZEAH2A2NMK1R/docs/supervision-protocols /var/folders/p3/95t2_00n2jl3r2cn79bfn18h0000gp/T//fm-turnend-guard.IpXS2c/hook-live-lock-stale/docs/supervision-protocols
++ chmod +x /var/folders/p3/95t2_00n2jl3r2cn79bfn18h0000gp/T//fm-turnend-guard.IpXS2c/hook-live-lock-stale/bin/fm-turnend-guard.sh /var/folders/p3/95t2_00n2jl3r2cn79bfn18h0000gp/T//fm-turnend-guard.IpXS2c/hook-live-lock-stale/bin/fm-turnend-guard-grok.sh /var/folders/p3/95t2_00n2jl3r2cn79bfn18h0000gp/T//fm-turnend-guard.IpXS2c/hook-live-lock-stale/bin/fm-operational-input.sh /var/folders/p3/95t2_00n2jl3r2cn79bfn18h0000gp/T//fm-turnend-guard.IpXS2c/hook-live-lock-stale/bin/fm-supervision-instructions.sh /var/folders/p3/95t2_00n2jl3r2cn79bfn18h0000gp/T//fm-turnend-guard.IpXS2c/hook-live-lock-stale/bin/fm-harness.sh /var/folders/p3/95t2_00n2jl3r2cn79bfn18h0000gp/T//fm-turnend-guard.IpXS2c/hook-live-lock-stale/bin/fm-owner-invoke-wait-check.sh
++ printf '%s\n' /var/folders/p3/95t2_00n2jl3r2cn79bfn18h0000gp/T//fm-turnend-guard.IpXS2c/hook-live-lock-stale
+ dir=/var/folders/p3/95t2_00n2jl3r2cn79bfn18h0000gp/T//fm-turnend-guard.IpXS2c/hook-live-lock-stale
+ :
+ pid=11230
+ sleep 60
++ watcher_identity /var/folders/p3/95t2_00n2jl3r2cn79bfn18h0000gp/T//fm-turnend-guard.IpXS2c/hook-live-lock-stale 11230
++ local dir=/var/folders/p3/95t2_00n2jl3r2cn79bfn18h0000gp/T//fm-turnend-guard.IpXS2c/hook-live-lock-stale pid=11230
++ FM_STATE_OVERRIDE=/var/folders/p3/95t2_00n2jl3r2cn79bfn18h0000gp/T//fm-turnend-guard.IpXS2c/hook-live-lock-stale/state
++ bash -c '. "$1"; fm_pid_identity "$2"' _ /var/folders/p3/95t2_00n2jl3r2cn79bfn18h0000gp/T//fm-turnend-guard.IpXS2c/hook-live-lock-stale/bin/fm-wake-lib.sh 11230
+ identity='Wed Sep  2 01:11:15 2026     sleep 60'
+ record_watcher_lock /var/folders/p3/95t2_00n2jl3r2cn79bfn18h0000gp/T//fm-turnend-guard.IpXS2c/hook-live-lock-stale 11230 'Wed Sep  2 01:11:15 2026     sleep 60'
+ local dir=/var/folders/p3/95t2_00n2jl3r2cn79bfn18h0000gp/T//fm-turnend-guard.IpXS2c/hook-live-lock-stale pid=11230 'identity=Wed Sep  2 01:11:15 2026     sleep 60' root bin_dir
++ cd /var/folders/p3/95t2_00n2jl3r2cn79bfn18h0000gp/T//fm-turnend-guard.IpXS2c/hook-live-lock-stale
++ pwd
+ root=/var/folders/p3/95t2_00n2jl3r2cn79bfn18h0000gp/T/fm-turnend-guard.IpXS2c/hook-live-lock-stale
++ cd /var/folders/p3/95t2_00n2jl3r2cn79bfn18h0000gp/T//fm-turnend-guard.IpXS2c/hook-live-lock-stale/bin
++ pwd
+ bin_dir=/var/folders/p3/95t2_00n2jl3r2cn79bfn18h0000gp/T/fm-turnend-guard.IpXS2c/hook-live-lock-stale/bin
+ mkdir -p /var/folders/p3/95t2_00n2jl3r2cn79bfn18h0000gp/T//fm-turnend-guard.IpXS2c/hook-live-lock-stale/state/.watch.lock
+ printf '%s\n' 11230
+ printf '%s\n' /var/folders/p3/95t2_00n2jl3r2cn79bfn18h0000gp/T/fm-turnend-guard.IpXS2c/hook-live-lock-stale
+ printf '%s\n' /var/folders/p3/95t2_00n2jl3r2cn79bfn18h0000gp/T/fm-turnend-guard.IpXS2c/hook-live-lock-stale/bin/fm-watch.sh
+ printf '%s\n' 'Wed Sep  2 01:11:15 2026     sleep 60'
+ touch -t 202001010000 /var/folders/p3/95t2_00n2jl3r2cn79bfn18h0000gp/T//fm-turnend-guard.IpXS2c/hook-live-lock-stale/state/.last-watcher-beat
++ run_hook /var/folders/p3/95t2_00n2jl3r2cn79bfn18h0000gp/T//fm-turnend-guard.IpXS2c/hook-live-lock-stale false
++ local dir=/var/folders/p3/95t2_00n2jl3r2cn79bfn18h0000gp/T//fm-turnend-guard.IpXS2c/hook-live-lock-stale stop_active=false home
+++ cd /var/folders/p3/95t2_00n2jl3r2cn79bfn18h0000gp/T//fm-turnend-guard.IpXS2c/hook-live-lock-stale
+++ pwd
++ home=/var/folders/p3/95t2_00n2jl3r2cn79bfn18h0000gp/T/fm-turnend-guard.IpXS2c/hook-live-lock-stale
++ printf '{"stop_hook_active":%s}' false
++ CLAUDECODE=1
++ FM_HOME=/var/folders/p3/95t2_00n2jl3r2cn79bfn18h0000gp/T/fm-turnend-guard.IpXS2c/hook-live-lock-stale
++ bash /var/folders/p3/95t2_00n2jl3r2cn79bfn18h0000gp/T//fm-turnend-guard.IpXS2c/hook-live-lock-stale/bin/fm-turnend-guard.sh
+ out='●━━━━━━━━━━━━━━━━━━━━━━━━━━━━━━━━━━━━━━━━━━━━━━━━━━━━━━━━━━━━━━━━━━━━━━━
●  TURN WOULD END BLIND - SUPERVISION IS OFF
●  1 task(s) in flight, but no live watcher holds this home lock (last beat: 210474675s ago).
●  watcher supervision needs Stop-owned automatic recovery; inspect the hook registration and startup status before ending the turn.
●━━━━━━━━━━━━━━━━━━━━━━━━━━━━━━━━━━━━━━━━━━━━━━━━━━━━━━━━━━━━━━━━━━━━━━━'
+ status=2
+ kill 11230
+ wait 11230
+ true
+ expect_code 2 2 'hook must block when a live watcher lock has an ancient beacon'
+ local expected=2 actual=2 'label=hook must block when a live watcher lock has an ancient beacon'
+ '[' 2 = 2 ']'
+ assert_contains '●━━━━━━━━━━━━━━━━━━━━━━━━━━━━━━━━━━━━━━━━━━━━━━━━━━━━━━━━━━━━━━━━━━━━━━━
●  TURN WOULD END BLIND - SUPERVISION IS OFF
●  1 task(s) in flight, but no live watcher holds this home lock (last beat: 210474675s ago).
●  watcher supervision needs Stop-owned automatic recovery; inspect the hook registration and startup status before ending the turn.
●━━━━━━━━━━━━━━━━━━━━━━━━━━━━━━━━━━━━━━━━━━━━━━━━━━━━━━━━━━━━━━━━━━━━━━━' 'watcher supervision needs Stop-owned automatic recovery; inspect the hook registration and startup status before ending the turn' 'block reason must contain the exact required instruction'
+ case "$1" in
+ :
+ pass 'fm-turnend-guard: blocks on a live watcher lock with an ancient beacon'
+ printf 'ok - %s\n' 'fm-turnend-guard: blocks on a live watcher lock with an ancient beacon'
ok - fm-turnend-guard: blocks on a live watcher lock with an ancient beacon
+ test_hook_blocks_when_unhealthy_in_primary
+ local dir out status
++ make_primary_dir /var/folders/p3/95t2_00n2jl3r2cn79bfn18h0000gp/T//fm-turnend-guard.IpXS2c/hook-block
++ local dir=/var/folders/p3/95t2_00n2jl3r2cn79bfn18h0000gp/T//fm-turnend-guard.IpXS2c/hook-block
++ mkdir -p /var/folders/p3/95t2_00n2jl3r2cn79bfn18h0000gp/T//fm-turnend-guard.IpXS2c/hook-block/state
++ git init -q /var/folders/p3/95t2_00n2jl3r2cn79bfn18h0000gp/T//fm-turnend-guard.IpXS2c/hook-block
++ git -C /var/folders/p3/95t2_00n2jl3r2cn79bfn18h0000gp/T//fm-turnend-guard.IpXS2c/hook-block commit -q --allow-empty -m init
++ :
++ install_guard_scripts /var/folders/p3/95t2_00n2jl3r2cn79bfn18h0000gp/T//fm-turnend-guard.IpXS2c/hook-block
++ local dir=/var/folders/p3/95t2_00n2jl3r2cn79bfn18h0000gp/T//fm-turnend-guard.IpXS2c/hook-block
++ mkdir -p /var/folders/p3/95t2_00n2jl3r2cn79bfn18h0000gp/T//fm-turnend-guard.IpXS2c/hook-block/bin
++ cp /Users/AI/.no-mistakes/worktrees/edb446952c22/01M1EYV82B3ZA2ZEAH2A2NMK1R/bin/fm-turnend-guard.sh /var/folders/p3/95t2_00n2jl3r2cn79bfn18h0000gp/T//fm-turnend-guard.IpXS2c/hook-block/bin/fm-turnend-guard.sh
++ cp /Users/AI/.no-mistakes/worktrees/edb446952c22/01M1EYV82B3ZA2ZEAH2A2NMK1R/bin/fm-turnend-guard-grok.sh /var/folders/p3/95t2_00n2jl3r2cn79bfn18h0000gp/T//fm-turnend-guard.IpXS2c/hook-block/bin/fm-turnend-guard-grok.sh
++ cp /Users/AI/.no-mistakes/worktrees/edb446952c22/01M1EYV82B3ZA2ZEAH2A2NMK1R/bin/fm-operational-input.sh /var/folders/p3/95t2_00n2jl3r2cn79bfn18h0000gp/T//fm-turnend-guard.IpXS2c/hook-block/bin/fm-operational-input.sh
++ cp /Users/AI/.no-mistakes/worktrees/edb446952c22/01M1EYV82B3ZA2ZEAH2A2NMK1R/bin/fm-supervision-instructions.sh /var/folders/p3/95t2_00n2jl3r2cn79bfn18h0000gp/T//fm-turnend-guard.IpXS2c/hook-block/bin/fm-supervision-instructions.sh
++ cp /Users/AI/.no-mistakes/worktrees/edb446952c22/01M1EYV82B3ZA2ZEAH2A2NMK1R/bin/fm-harness.sh /var/folders/p3/95t2_00n2jl3r2cn79bfn18h0000gp/T//fm-turnend-guard.IpXS2c/hook-block/bin/fm-harness.sh
++ cp /Users/AI/.no-mistakes/worktrees/edb446952c22/01M1EYV82B3ZA2ZEAH2A2NMK1R/bin/fm-primary-scope-lib.sh /var/folders/p3/95t2_00n2jl3r2cn79bfn18h0000gp/T//fm-turnend-guard.IpXS2c/hook-block/bin/fm-primary-scope-lib.sh
++ cp /Users/AI/.no-mistakes/worktrees/edb446952c22/01M1EYV82B3ZA2ZEAH2A2NMK1R/bin/fm-supervision-lib.sh /var/folders/p3/95t2_00n2jl3r2cn79bfn18h0000gp/T//fm-turnend-guard.IpXS2c/hook-block/bin/fm-supervision-lib.sh
++ cp /Users/AI/.no-mistakes/worktrees/edb446952c22/01M1EYV82B3ZA2ZEAH2A2NMK1R/bin/fm-wake-lib.sh /var/folders/p3/95t2_00n2jl3r2cn79bfn18h0000gp/T//fm-turnend-guard.IpXS2c/hook-block/bin/fm-wake-lib.sh
++ cp /Users/AI/.no-mistakes/worktrees/edb446952c22/01M1EYV82B3ZA2ZEAH2A2NMK1R/bin/fm-hook-host-lib.sh /var/folders/p3/95t2_00n2jl3r2cn79bfn18h0000gp/T//fm-turnend-guard.IpXS2c/hook-block/bin/fm-hook-host-lib.sh
++ cp /Users/AI/.no-mistakes/worktrees/edb446952c22/01M1EYV82B3ZA2ZEAH2A2NMK1R/bin/fm-timeout-lib.sh /var/folders/p3/95t2_00n2jl3r2cn79bfn18h0000gp/T//fm-turnend-guard.IpXS2c/hook-block/bin/fm-timeout-lib.sh
++ cp /Users/AI/.no-mistakes/worktrees/edb446952c22/01M1EYV82B3ZA2ZEAH2A2NMK1R/bin/fm-owner-invoke-wait-check.sh /var/folders/p3/95t2_00n2jl3r2cn79bfn18h0000gp/T//fm-turnend-guard.IpXS2c/hook-block/bin/fm-owner-invoke-wait-check.sh
++ mkdir -p /var/folders/p3/95t2_00n2jl3r2cn79bfn18h0000gp/T//fm-turnend-guard.IpXS2c/hook-block/docs
++ cp -R /Users/AI/.no-mistakes/worktrees/edb446952c22/01M1EYV82B3ZA2ZEAH2A2NMK1R/docs/supervision-protocols /var/folders/p3/95t2_00n2jl3r2cn79bfn18h0000gp/T//fm-turnend-guard.IpXS2c/hook-block/docs/supervision-protocols
++ chmod +x /var/folders/p3/95t2_00n2jl3r2cn79bfn18h0000gp/T//fm-turnend-guard.IpXS2c/hook-block/bin/fm-turnend-guard.sh /var/folders/p3/95t2_00n2jl3r2cn79bfn18h0000gp/T//fm-turnend-guard.IpXS2c/hook-block/bin/fm-turnend-guard-grok.sh /var/folders/p3/95t2_00n2jl3r2cn79bfn18h0000gp/T//fm-turnend-guard.IpXS2c/hook-block/bin/fm-operational-input.sh /var/folders/p3/95t2_00n2jl3r2cn79bfn18h0000gp/T//fm-turnend-guard.IpXS2c/hook-block/bin/fm-supervision-instructions.sh /var/folders/p3/95t2_00n2jl3r2cn79bfn18h0000gp/T//fm-turnend-guard.IpXS2c/hook-block/bin/fm-harness.sh /var/folders/p3/95t2_00n2jl3r2cn79bfn18h0000gp/T//fm-turnend-guard.IpXS2c/hook-block/bin/fm-owner-invoke-wait-check.sh
++ printf '%s\n' /var/folders/p3/95t2_00n2jl3r2cn79bfn18h0000gp/T//fm-turnend-guard.IpXS2c/hook-block
+ dir=/var/folders/p3/95t2_00n2jl3r2cn79bfn18h0000gp/T//fm-turnend-guard.IpXS2c/hook-block
+ :
++ run_hook /var/folders/p3/95t2_00n2jl3r2cn79bfn18h0000gp/T//fm-turnend-guard.IpXS2c/hook-block false
++ local dir=/var/folders/p3/95t2_00n2jl3r2cn79bfn18h0000gp/T//fm-turnend-guard.IpXS2c/hook-block stop_active=false home
+++ cd /var/folders/p3/95t2_00n2jl3r2cn79bfn18h0000gp/T//fm-turnend-guard.IpXS2c/hook-block
+++ pwd
++ home=/var/folders/p3/95t2_00n2jl3r2cn79bfn18h0000gp/T/fm-turnend-guard.IpXS2c/hook-block
++ printf '{"stop_hook_active":%s}' false
++ CLAUDECODE=1
++ FM_HOME=/var/folders/p3/95t2_00n2jl3r2cn79bfn18h0000gp/T/fm-turnend-guard.IpXS2c/hook-block
++ bash /var/folders/p3/95t2_00n2jl3r2cn79bfn18h0000gp/T//fm-turnend-guard.IpXS2c/hook-block/bin/fm-turnend-guard.sh
+ out='●━━━━━━━━━━━━━━━━━━━━━━━━━━━━━━━━━━━━━━━━━━━━━━━━━━━━━━━━━━━━━━━━━━━━━━━
●  TURN WOULD END BLIND - SUPERVISION IS OFF
●  1 task(s) in flight, but no live watcher holds this home lock (last beat: never).
●  watcher supervision needs Stop-owned automatic recovery; inspect the hook registration and startup status before ending the turn.
●━━━━━━━━━━━━━━━━━━━━━━━━━━━━━━━━━━━━━━━━━━━━━━━━━━━━━━━━━━━━━━━━━━━━━━━'
+ status=2
+ expect_code 2 2 'hook must block (exit 2) when in-flight work has no live watcher'
+ local expected=2 actual=2 'label=hook must block (exit 2) when in-flight work has no live watcher'
+ '[' 2 = 2 ']'
+ assert_contains '●━━━━━━━━━━━━━━━━━━━━━━━━━━━━━━━━━━━━━━━━━━━━━━━━━━━━━━━━━━━━━━━━━━━━━━━
●  TURN WOULD END BLIND - SUPERVISION IS OFF
●  1 task(s) in flight, but no live watcher holds this home lock (last beat: never).
●  watcher supervision needs Stop-owned automatic recovery; inspect the hook registration and startup status before ending the turn.
●━━━━━━━━━━━━━━━━━━━━━━━━━━━━━━━━━━━━━━━━━━━━━━━━━━━━━━━━━━━━━━━━━━━━━━━' 'watcher supervision needs Stop-owned automatic recovery; inspect the hook registration and startup status before ending the turn' 'block reason must contain the exact required instruction'
+ case "$1" in
+ :
+ assert_contains '●━━━━━━━━━━━━━━━━━━━━━━━━━━━━━━━━━━━━━━━━━━━━━━━━━━━━━━━━━━━━━━━━━━━━━━━
●  TURN WOULD END BLIND - SUPERVISION IS OFF
●  1 task(s) in flight, but no live watcher holds this home lock (last beat: never).
●  watcher supervision needs Stop-owned automatic recovery; inspect the hook registration and startup status before ending the turn.
●━━━━━━━━━━━━━━━━━━━━━━━━━━━━━━━━━━━━━━━━━━━━━━━━━━━━━━━━━━━━━━━━━━━━━━━' 'TURN WOULD END BLIND' 'block banner must read as an alarm'
+ case "$1" in
+ :
+ pass 'fm-turnend-guard: blocks with the exact required reason in the primary when unhealthy'
+ printf 'ok - %s\n' 'fm-turnend-guard: blocks with the exact required reason in the primary when unhealthy'
ok - fm-turnend-guard: blocks with the exact required reason in the primary when unhealthy
+ test_hook_blocks_from_fm_home_state
+ local dir home out status
++ make_primary_dir /var/folders/p3/95t2_00n2jl3r2cn79bfn18h0000gp/T//fm-turnend-guard.IpXS2c/hook-fm-home
++ local dir=/var/folders/p3/95t2_00n2jl3r2cn79bfn18h0000gp/T//fm-turnend-guard.IpXS2c/hook-fm-home
++ mkdir -p /var/folders/p3/95t2_00n2jl3r2cn79bfn18h0000gp/T//fm-turnend-guard.IpXS2c/hook-fm-home/state
++ git init -q /var/folders/p3/95t2_00n2jl3r2cn79bfn18h0000gp/T//fm-turnend-guard.IpXS2c/hook-fm-home
++ git -C /var/folders/p3/95t2_00n2jl3r2cn79bfn18h0000gp/T//fm-turnend-guard.IpXS2c/hook-fm-home commit -q --allow-empty -m init
++ :
++ install_guard_scripts /var/folders/p3/95t2_00n2jl3r2cn79bfn18h0000gp/T//fm-turnend-guard.IpXS2c/hook-fm-home
++ local dir=/var/folders/p3/95t2_00n2jl3r2cn79bfn18h0000gp/T//fm-turnend-guard.IpXS2c/hook-fm-home
++ mkdir -p /var/folders/p3/95t2_00n2jl3r2cn79bfn18h0000gp/T//fm-turnend-guard.IpXS2c/hook-fm-home/bin
++ cp /Users/AI/.no-mistakes/worktrees/edb446952c22/01M1EYV82B3ZA2ZEAH2A2NMK1R/bin/fm-turnend-guard.sh /var/folders/p3/95t2_00n2jl3r2cn79bfn18h0000gp/T//fm-turnend-guard.IpXS2c/hook-fm-home/bin/fm-turnend-guard.sh
++ cp /Users/AI/.no-mistakes/worktrees/edb446952c22/01M1EYV82B3ZA2ZEAH2A2NMK1R/bin/fm-turnend-guard-grok.sh /var/folders/p3/95t2_00n2jl3r2cn79bfn18h0000gp/T//fm-turnend-guard.IpXS2c/hook-fm-home/bin/fm-turnend-guard-grok.sh
++ cp /Users/AI/.no-mistakes/worktrees/edb446952c22/01M1EYV82B3ZA2ZEAH2A2NMK1R/bin/fm-operational-input.sh /var/folders/p3/95t2_00n2jl3r2cn79bfn18h0000gp/T//fm-turnend-guard.IpXS2c/hook-fm-home/bin/fm-operational-input.sh
++ cp /Users/AI/.no-mistakes/worktrees/edb446952c22/01M1EYV82B3ZA2ZEAH2A2NMK1R/bin/fm-supervision-instructions.sh /var/folders/p3/95t2_00n2jl3r2cn79bfn18h0000gp/T//fm-turnend-guard.IpXS2c/hook-fm-home/bin/fm-supervision-instructions.sh
++ cp /Users/AI/.no-mistakes/worktrees/edb446952c22/01M1EYV82B3ZA2ZEAH2A2NMK1R/bin/fm-harness.sh /var/folders/p3/95t2_00n2jl3r2cn79bfn18h0000gp/T//fm-turnend-guard.IpXS2c/hook-fm-home/bin/fm-harness.sh
++ cp /Users/AI/.no-mistakes/worktrees/edb446952c22/01M1EYV82B3ZA2ZEAH2A2NMK1R/bin/fm-primary-scope-lib.sh /var/folders/p3/95t2_00n2jl3r2cn79bfn18h0000gp/T//fm-turnend-guard.IpXS2c/hook-fm-home/bin/fm-primary-scope-lib.sh
++ cp /Users/AI/.no-mistakes/worktrees/edb446952c22/01M1EYV82B3ZA2ZEAH2A2NMK1R/bin/fm-supervision-lib.sh /var/folders/p3/95t2_00n2jl3r2cn79bfn18h0000gp/T//fm-turnend-guard.IpXS2c/hook-fm-home/bin/fm-supervision-lib.sh
++ cp /Users/AI/.no-mistakes/worktrees/edb446952c22/01M1EYV82B3ZA2ZEAH2A2NMK1R/bin/fm-wake-lib.sh /var/folders/p3/95t2_00n2jl3r2cn79bfn18h0000gp/T//fm-turnend-guard.IpXS2c/hook-fm-home/bin/fm-wake-lib.sh
++ cp /Users/AI/.no-mistakes/worktrees/edb446952c22/01M1EYV82B3ZA2ZEAH2A2NMK1R/bin/fm-hook-host-lib.sh /var/folders/p3/95t2_00n2jl3r2cn79bfn18h0000gp/T//fm-turnend-guard.IpXS2c/hook-fm-home/bin/fm-hook-host-lib.sh
++ cp /Users/AI/.no-mistakes/worktrees/edb446952c22/01M1EYV82B3ZA2ZEAH2A2NMK1R/bin/fm-timeout-lib.sh /var/folders/p3/95t2_00n2jl3r2cn79bfn18h0000gp/T//fm-turnend-guard.IpXS2c/hook-fm-home/bin/fm-timeout-lib.sh
++ cp /Users/AI/.no-mistakes/worktrees/edb446952c22/01M1EYV82B3ZA2ZEAH2A2NMK1R/bin/fm-owner-invoke-wait-check.sh /var/folders/p3/95t2_00n2jl3r2cn79bfn18h0000gp/T//fm-turnend-guard.IpXS2c/hook-fm-home/bin/fm-owner-invoke-wait-check.sh
++ mkdir -p /var/folders/p3/95t2_00n2jl3r2cn79bfn18h0000gp/T//fm-turnend-guard.IpXS2c/hook-fm-home/docs
++ cp -R /Users/AI/.no-mistakes/worktrees/edb446952c22/01M1EYV82B3ZA2ZEAH2A2NMK1R/docs/supervision-protocols /var/folders/p3/95t2_00n2jl3r2cn79bfn18h0000gp/T//fm-turnend-guard.IpXS2c/hook-fm-home/docs/supervision-protocols
++ chmod +x /var/folders/p3/95t2_00n2jl3r2cn79bfn18h0000gp/T//fm-turnend-guard.IpXS2c/hook-fm-home/bin/fm-turnend-guard.sh /var/folders/p3/95t2_00n2jl3r2cn79bfn18h0000gp/T//fm-turnend-guard.IpXS2c/hook-fm-home/bin/fm-turnend-guard-grok.sh /var/folders/p3/95t2_00n2jl3r2cn79bfn18h0000gp/T//fm-turnend-guard.IpXS2c/hook-fm-home/bin/fm-operational-input.sh /var/folders/p3/95t2_00n2jl3r2cn79bfn18h0000gp/T//fm-turnend-guard.IpXS2c/hook-fm-home/bin/fm-supervision-instructions.sh /var/folders/p3/95t2_00n2jl3r2cn79bfn18h0000gp/T//fm-turnend-guard.IpXS2c/hook-fm-home/bin/fm-harness.sh /var/folders/p3/95t2_00n2jl3r2cn79bfn18h0000gp/T//fm-turnend-guard.IpXS2c/hook-fm-home/bin/fm-owner-invoke-wait-check.sh
++ printf '%s\n' /var/folders/p3/95t2_00n2jl3r2cn79bfn18h0000gp/T//fm-turnend-guard.IpXS2c/hook-fm-home
+ dir=/var/folders/p3/95t2_00n2jl3r2cn79bfn18h0000gp/T//fm-turnend-guard.IpXS2c/hook-fm-home
+ home=/var/folders/p3/95t2_00n2jl3r2cn79bfn18h0000gp/T//fm-turnend-guard.IpXS2c/hook-fm-home-op
+ mkdir -p /var/folders/p3/95t2_00n2jl3r2cn79bfn18h0000gp/T//fm-turnend-guard.IpXS2c/hook-fm-home-op/state
+ :
++ printf '{"stop_hook_active":false}'
++ CLAUDECODE=1
++ FM_HOME=/var/folders/p3/95t2_00n2jl3r2cn79bfn18h0000gp/T//fm-turnend-guard.IpXS2c/hook-fm-home-op
++ bash /var/folders/p3/95t2_00n2jl3r2cn79bfn18h0000gp/T//fm-turnend-guard.IpXS2c/hook-fm-home/bin/fm-turnend-guard.sh
+ out='●━━━━━━━━━━━━━━━━━━━━━━━━━━━━━━━━━━━━━━━━━━━━━━━━━━━━━━━━━━━━━━━━━━━━━━━
●  TURN WOULD END BLIND - SUPERVISION IS OFF
●  1 task(s) in flight, but no live watcher holds this home lock (last beat: never).
●  watcher supervision needs Stop-owned automatic recovery; inspect the hook registration and startup status before ending the turn.
●━━━━━━━━━━━━━━━━━━━━━━━━━━━━━━━━━━━━━━━━━━━━━━━━━━━━━━━━━━━━━━━━━━━━━━━'
+ status=2
+ expect_code 2 2 'hook must inspect the active FM_HOME state dir'
+ local expected=2 actual=2 'label=hook must inspect the active FM_HOME state dir'
+ '[' 2 = 2 ']'
+ assert_contains '●━━━━━━━━━━━━━━━━━━━━━━━━━━━━━━━━━━━━━━━━━━━━━━━━━━━━━━━━━━━━━━━━━━━━━━━
●  TURN WOULD END BLIND - SUPERVISION IS OFF
●  1 task(s) in flight, but no live watcher holds this home lock (last beat: never).
●  watcher supervision needs Stop-owned automatic recovery; inspect the hook registration and startup status before ending the turn.
●━━━━━━━━━━━━━━━━━━━━━━━━━━━━━━━━━━━━━━━━━━━━━━━━━━━━━━━━━━━━━━━━━━━━━━━' 'watcher supervision needs Stop-owned automatic recovery; inspect the hook registration and startup status before ending the turn' 'block reason must contain the exact required instruction'
+ case "$1" in
+ :
+ pass 'fm-turnend-guard: blocks from active FM_HOME state, not only repo-root state'
+ printf 'ok - %s\n' 'fm-turnend-guard: blocks from active FM_HOME state, not only repo-root state'
ok - fm-turnend-guard: blocks from active FM_HOME state, not only repo-root state
+ test_hook_x_mode_reason_sources_cadence
+ local dir home out status
++ make_primary_dir /var/folders/p3/95t2_00n2jl3r2cn79bfn18h0000gp/T//fm-turnend-guard.IpXS2c/hook-x-mode
++ local dir=/var/folders/p3/95t2_00n2jl3r2cn79bfn18h0000gp/T//fm-turnend-guard.IpXS2c/hook-x-mode
++ mkdir -p /var/folders/p3/95t2_00n2jl3r2cn79bfn18h0000gp/T//fm-turnend-guard.IpXS2c/hook-x-mode/state
++ git init -q /var/folders/p3/95t2_00n2jl3r2cn79bfn18h0000gp/T//fm-turnend-guard.IpXS2c/hook-x-mode
++ git -C /var/folders/p3/95t2_00n2jl3r2cn79bfn18h0000gp/T//fm-turnend-guard.IpXS2c/hook-x-mode commit -q --allow-empty -m init
++ :
++ install_guard_scripts /var/folders/p3/95t2_00n2jl3r2cn79bfn18h0000gp/T//fm-turnend-guard.IpXS2c/hook-x-mode
++ local dir=/var/folders/p3/95t2_00n2jl3r2cn79bfn18h0000gp/T//fm-turnend-guard.IpXS2c/hook-x-mode
++ mkdir -p /var/folders/p3/95t2_00n2jl3r2cn79bfn18h0000gp/T//fm-turnend-guard.IpXS2c/hook-x-mode/bin
++ cp /Users/AI/.no-mistakes/worktrees/edb446952c22/01M1EYV82B3ZA2ZEAH2A2NMK1R/bin/fm-turnend-guard.sh /var/folders/p3/95t2_00n2jl3r2cn79bfn18h0000gp/T//fm-turnend-guard.IpXS2c/hook-x-mode/bin/fm-turnend-guard.sh
++ cp /Users/AI/.no-mistakes/worktrees/edb446952c22/01M1EYV82B3ZA2ZEAH2A2NMK1R/bin/fm-turnend-guard-grok.sh /var/folders/p3/95t2_00n2jl3r2cn79bfn18h0000gp/T//fm-turnend-guard.IpXS2c/hook-x-mode/bin/fm-turnend-guard-grok.sh
++ cp /Users/AI/.no-mistakes/worktrees/edb446952c22/01M1EYV82B3ZA2ZEAH2A2NMK1R/bin/fm-operational-input.sh /var/folders/p3/95t2_00n2jl3r2cn79bfn18h0000gp/T//fm-turnend-guard.IpXS2c/hook-x-mode/bin/fm-operational-input.sh
++ cp /Users/AI/.no-mistakes/worktrees/edb446952c22/01M1EYV82B3ZA2ZEAH2A2NMK1R/bin/fm-supervision-instructions.sh /var/folders/p3/95t2_00n2jl3r2cn79bfn18h0000gp/T//fm-turnend-guard.IpXS2c/hook-x-mode/bin/fm-supervision-instructions.sh
++ cp /Users/AI/.no-mistakes/worktrees/edb446952c22/01M1EYV82B3ZA2ZEAH2A2NMK1R/bin/fm-harness.sh /var/folders/p3/95t2_00n2jl3r2cn79bfn18h0000gp/T//fm-turnend-guard.IpXS2c/hook-x-mode/bin/fm-harness.sh
++ cp /Users/AI/.no-mistakes/worktrees/edb446952c22/01M1EYV82B3ZA2ZEAH2A2NMK1R/bin/fm-primary-scope-lib.sh /var/folders/p3/95t2_00n2jl3r2cn79bfn18h0000gp/T//fm-turnend-guard.IpXS2c/hook-x-mode/bin/fm-primary-scope-lib.sh
++ cp /Users/AI/.no-mistakes/worktrees/edb446952c22/01M1EYV82B3ZA2ZEAH2A2NMK1R/bin/fm-supervision-lib.sh /var/folders/p3/95t2_00n2jl3r2cn79bfn18h0000gp/T//fm-turnend-guard.IpXS2c/hook-x-mode/bin/fm-supervision-lib.sh
++ cp /Users/AI/.no-mistakes/worktrees/edb446952c22/01M1EYV82B3ZA2ZEAH2A2NMK1R/bin/fm-wake-lib.sh /var/folders/p3/95t2_00n2jl3r2cn79bfn18h0000gp/T//fm-turnend-guard.IpXS2c/hook-x-mode/bin/fm-wake-lib.sh
++ cp /Users/AI/.no-mistakes/worktrees/edb446952c22/01M1EYV82B3ZA2ZEAH2A2NMK1R/bin/fm-hook-host-lib.sh /var/folders/p3/95t2_00n2jl3r2cn79bfn18h0000gp/T//fm-turnend-guard.IpXS2c/hook-x-mode/bin/fm-hook-host-lib.sh
++ cp /Users/AI/.no-mistakes/worktrees/edb446952c22/01M1EYV82B3ZA2ZEAH2A2NMK1R/bin/fm-timeout-lib.sh /var/folders/p3/95t2_00n2jl3r2cn79bfn18h0000gp/T//fm-turnend-guard.IpXS2c/hook-x-mode/bin/fm-timeout-lib.sh
++ cp /Users/AI/.no-mistakes/worktrees/edb446952c22/01M1EYV82B3ZA2ZEAH2A2NMK1R/bin/fm-owner-invoke-wait-check.sh /var/folders/p3/95t2_00n2jl3r2cn79bfn18h0000gp/T//fm-turnend-guard.IpXS2c/hook-x-mode/bin/fm-owner-invoke-wait-check.sh
++ mkdir -p /var/folders/p3/95t2_00n2jl3r2cn79bfn18h0000gp/T//fm-turnend-guard.IpXS2c/hook-x-mode/docs
++ cp -R /Users/AI/.no-mistakes/worktrees/edb446952c22/01M1EYV82B3ZA2ZEAH2A2NMK1R/docs/supervision-protocols /var/folders/p3/95t2_00n2jl3r2cn79bfn18h0000gp/T//fm-turnend-guard.IpXS2c/hook-x-mode/docs/supervision-protocols
++ chmod +x /var/folders/p3/95t2_00n2jl3r2cn79bfn18h0000gp/T//fm-turnend-guard.IpXS2c/hook-x-mode/bin/fm-turnend-guard.sh /var/folders/p3/95t2_00n2jl3r2cn79bfn18h0000gp/T//fm-turnend-guard.IpXS2c/hook-x-mode/bin/fm-turnend-guard-grok.sh /var/folders/p3/95t2_00n2jl3r2cn79bfn18h0000gp/T//fm-turnend-guard.IpXS2c/hook-x-mode/bin/fm-operational-input.sh /var/folders/p3/95t2_00n2jl3r2cn79bfn18h0000gp/T//fm-turnend-guard.IpXS2c/hook-x-mode/bin/fm-supervision-instructions.sh /var/folders/p3/95t2_00n2jl3r2cn79bfn18h0000gp/T//fm-turnend-guard.IpXS2c/hook-x-mode/bin/fm-harness.sh /var/folders/p3/95t2_00n2jl3r2cn79bfn18h0000gp/T//fm-turnend-guard.IpXS2c/hook-x-mode/bin/fm-owner-invoke-wait-check.sh
++ printf '%s\n' /var/folders/p3/95t2_00n2jl3r2cn79bfn18h0000gp/T//fm-turnend-guard.IpXS2c/hook-x-mode
+ dir=/var/folders/p3/95t2_00n2jl3r2cn79bfn18h0000gp/T//fm-turnend-guard.IpXS2c/hook-x-mode
++ cd /var/folders/p3/95t2_00n2jl3r2cn79bfn18h0000gp/T//fm-turnend-guard.IpXS2c/hook-x-mode
++ pwd
+ home=/var/folders/p3/95t2_00n2jl3r2cn79bfn18h0000gp/T/fm-turnend-guard.IpXS2c/hook-x-mode
+ mkdir -p /var/folders/p3/95t2_00n2jl3r2cn79bfn18h0000gp/T//fm-turnend-guard.IpXS2c/hook-x-mode/config
+ :
+ :
++ run_hook /var/folders/p3/95t2_00n2jl3r2cn79bfn18h0000gp/T//fm-turnend-guard.IpXS2c/hook-x-mode false
++ local dir=/var/folders/p3/95t2_00n2jl3r2cn79bfn18h0000gp/T//fm-turnend-guard.IpXS2c/hook-x-mode stop_active=false home
+++ cd /var/folders/p3/95t2_00n2jl3r2cn79bfn18h0000gp/T//fm-turnend-guard.IpXS2c/hook-x-mode
+++ pwd
++ home=/var/folders/p3/95t2_00n2jl3r2cn79bfn18h0000gp/T/fm-turnend-guard.IpXS2c/hook-x-mode
++ printf '{"stop_hook_active":%s}' false
++ CLAUDECODE=1
++ FM_HOME=/var/folders/p3/95t2_00n2jl3r2cn79bfn18h0000gp/T/fm-turnend-guard.IpXS2c/hook-x-mode
++ bash /var/folders/p3/95t2_00n2jl3r2cn79bfn18h0000gp/T//fm-turnend-guard.IpXS2c/hook-x-mode/bin/fm-turnend-guard.sh
+ out='●━━━━━━━━━━━━━━━━━━━━━━━━━━━━━━━━━━━━━━━━━━━━━━━━━━━━━━━━━━━━━━━━━━━━━━━
●  TURN WOULD END BLIND - SUPERVISION IS OFF
●  1 task(s) in flight, but no live watcher holds this home lock (last beat: never).
●  source '\''/var/folders/p3/95t2_00n2jl3r2cn79bfn18h0000gp/T/fm-turnend-guard.IpXS2c/hook-x-mode/config/x-mode.env'\'' first, then watcher supervision needs Stop-owned automatic recovery; inspect the hook registration and startup status before ending the turn.
●━━━━━━━━━━━━━━━━━━━━━━━━━━━━━━━━━━━━━━━━━━━━━━━━━━━━━━━━━━━━━━━━━━━━━━━'
+ status=2
+ expect_code 2 2 'hook must block when in-flight X-mode work has no live watcher'
+ local expected=2 actual=2 'label=hook must block when in-flight X-mode work has no live watcher'
+ '[' 2 = 2 ']'
+ assert_contains '●━━━━━━━━━━━━━━━━━━━━━━━━━━━━━━━━━━━━━━━━━━━━━━━━━━━━━━━━━━━━━━━━━━━━━━━
●  TURN WOULD END BLIND - SUPERVISION IS OFF
●  1 task(s) in flight, but no live watcher holds this home lock (last beat: never).
●  source '\''/var/folders/p3/95t2_00n2jl3r2cn79bfn18h0000gp/T/fm-turnend-guard.IpXS2c/hook-x-mode/config/x-mode.env'\'' first, then watcher supervision needs Stop-owned automatic recovery; inspect the hook registration and startup status before ending the turn.
●━━━━━━━━━━━━━━━━━━━━━━━━━━━━━━━━━━━━━━━━━━━━━━━━━━━━━━━━━━━━━━━━━━━━━━━' 'source '\''/var/folders/p3/95t2_00n2jl3r2cn79bfn18h0000gp/T/fm-turnend-guard.IpXS2c/hook-x-mode/config/x-mode.env'\'' first' 'block reason must source the effective X-mode cadence'
+ case "$1" in
+ :
+ pass 'fm-turnend-guard: X-mode repair reason sources the cadence config'
+ printf 'ok - %s\n' 'fm-turnend-guard: X-mode repair reason sources the cadence config'
ok - fm-turnend-guard: X-mode repair reason sources the cadence config
+ test_hook_x_mode_only_blocks_in_default_mode
+ local dir out status
++ make_primary_dir /var/folders/p3/95t2_00n2jl3r2cn79bfn18h0000gp/T//fm-turnend-guard.IpXS2c/hook-x-mode-only
++ local dir=/var/folders/p3/95t2_00n2jl3r2cn79bfn18h0000gp/T//fm-turnend-guard.IpXS2c/hook-x-mode-only
++ mkdir -p /var/folders/p3/95t2_00n2jl3r2cn79bfn18h0000gp/T//fm-turnend-guard.IpXS2c/hook-x-mode-only/state
++ git init -q /var/folders/p3/95t2_00n2jl3r2cn79bfn18h0000gp/T//fm-turnend-guard.IpXS2c/hook-x-mode-only
++ git -C /var/folders/p3/95t2_00n2jl3r2cn79bfn18h0000gp/T//fm-turnend-guard.IpXS2c/hook-x-mode-only commit -q --allow-empty -m init
++ :
++ install_guard_scripts /var/folders/p3/95t2_00n2jl3r2cn79bfn18h0000gp/T//fm-turnend-guard.IpXS2c/hook-x-mode-only
++ local dir=/var/folders/p3/95t2_00n2jl3r2cn79bfn18h0000gp/T//fm-turnend-guard.IpXS2c/hook-x-mode-only
++ mkdir -p /var/folders/p3/95t2_00n2jl3r2cn79bfn18h0000gp/T//fm-turnend-guard.IpXS2c/hook-x-mode-only/bin
++ cp /Users/AI/.no-mistakes/worktrees/edb446952c22/01M1EYV82B3ZA2ZEAH2A2NMK1R/bin/fm-turnend-guard.sh /var/folders/p3/95t2_00n2jl3r2cn79bfn18h0000gp/T//fm-turnend-guard.IpXS2c/hook-x-mode-only/bin/fm-turnend-guard.sh
++ cp /Users/AI/.no-mistakes/worktrees/edb446952c22/01M1EYV82B3ZA2ZEAH2A2NMK1R/bin/fm-turnend-guard-grok.sh /var/folders/p3/95t2_00n2jl3r2cn79bfn18h0000gp/T//fm-turnend-guard.IpXS2c/hook-x-mode-only/bin/fm-turnend-guard-grok.sh
++ cp /Users/AI/.no-mistakes/worktrees/edb446952c22/01M1EYV82B3ZA2ZEAH2A2NMK1R/bin/fm-operational-input.sh /var/folders/p3/95t2_00n2jl3r2cn79bfn18h0000gp/T//fm-turnend-guard.IpXS2c/hook-x-mode-only/bin/fm-operational-input.sh
++ cp /Users/AI/.no-mistakes/worktrees/edb446952c22/01M1EYV82B3ZA2ZEAH2A2NMK1R/bin/fm-supervision-instructions.sh /var/folders/p3/95t2_00n2jl3r2cn79bfn18h0000gp/T//fm-turnend-guard.IpXS2c/hook-x-mode-only/bin/fm-supervision-instructions.sh
++ cp /Users/AI/.no-mistakes/worktrees/edb446952c22/01M1EYV82B3ZA2ZEAH2A2NMK1R/bin/fm-harness.sh /var/folders/p3/95t2_00n2jl3r2cn79bfn18h0000gp/T//fm-turnend-guard.IpXS2c/hook-x-mode-only/bin/fm-harness.sh
++ cp /Users/AI/.no-mistakes/worktrees/edb446952c22/01M1EYV82B3ZA2ZEAH2A2NMK1R/bin/fm-primary-scope-lib.sh /var/folders/p3/95t2_00n2jl3r2cn79bfn18h0000gp/T//fm-turnend-guard.IpXS2c/hook-x-mode-only/bin/fm-primary-scope-lib.sh
++ cp /Users/AI/.no-mistakes/worktrees/edb446952c22/01M1EYV82B3ZA2ZEAH2A2NMK1R/bin/fm-supervision-lib.sh /var/folders/p3/95t2_00n2jl3r2cn79bfn18h0000gp/T//fm-turnend-guard.IpXS2c/hook-x-mode-only/bin/fm-supervision-lib.sh
++ cp /Users/AI/.no-mistakes/worktrees/edb446952c22/01M1EYV82B3ZA2ZEAH2A2NMK1R/bin/fm-wake-lib.sh /var/folders/p3/95t2_00n2jl3r2cn79bfn18h0000gp/T//fm-turnend-guard.IpXS2c/hook-x-mode-only/bin/fm-wake-lib.sh
++ cp /Users/AI/.no-mistakes/worktrees/edb446952c22/01M1EYV82B3ZA2ZEAH2A2NMK1R/bin/fm-hook-host-lib.sh /var/folders/p3/95t2_00n2jl3r2cn79bfn18h0000gp/T//fm-turnend-guard.IpXS2c/hook-x-mode-only/bin/fm-hook-host-lib.sh
++ cp /Users/AI/.no-mistakes/worktrees/edb446952c22/01M1EYV82B3ZA2ZEAH2A2NMK1R/bin/fm-timeout-lib.sh /var/folders/p3/95t2_00n2jl3r2cn79bfn18h0000gp/T//fm-turnend-guard.IpXS2c/hook-x-mode-only/bin/fm-timeout-lib.sh
++ cp /Users/AI/.no-mistakes/worktrees/edb446952c22/01M1EYV82B3ZA2ZEAH2A2NMK1R/bin/fm-owner-invoke-wait-check.sh /var/folders/p3/95t2_00n2jl3r2cn79bfn18h0000gp/T//fm-turnend-guard.IpXS2c/hook-x-mode-only/bin/fm-owner-invoke-wait-check.sh
++ mkdir -p /var/folders/p3/95t2_00n2jl3r2cn79bfn18h0000gp/T//fm-turnend-guard.IpXS2c/hook-x-mode-only/docs
++ cp -R /Users/AI/.no-mistakes/worktrees/edb446952c22/01M1EYV82B3ZA2ZEAH2A2NMK1R/docs/supervision-protocols /var/folders/p3/95t2_00n2jl3r2cn79bfn18h0000gp/T//fm-turnend-guard.IpXS2c/hook-x-mode-only/docs/supervision-protocols
++ chmod +x /var/folders/p3/95t2_00n2jl3r2cn79bfn18h0000gp/T//fm-turnend-guard.IpXS2c/hook-x-mode-only/bin/fm-turnend-guard.sh /var/folders/p3/95t2_00n2jl3r2cn79bfn18h0000gp/T//fm-turnend-guard.IpXS2c/hook-x-mode-only/bin/fm-turnend-guard-grok.sh /var/folders/p3/95t2_00n2jl3r2cn79bfn18h0000gp/T//fm-turnend-guard.IpXS2c/hook-x-mode-only/bin/fm-operational-input.sh /var/folders/p3/95t2_00n2jl3r2cn79bfn18h0000gp/T//fm-turnend-guard.IpXS2c/hook-x-mode-only/bin/fm-supervision-instructions.sh /var/folders/p3/95t2_00n2jl3r2cn79bfn18h0000gp/T//fm-turnend-guard.IpXS2c/hook-x-mode-only/bin/fm-harness.sh /var/folders/p3/95t2_00n2jl3r2cn79bfn18h0000gp/T//fm-turnend-guard.IpXS2c/hook-x-mode-only/bin/fm-owner-invoke-wait-check.sh
++ printf '%s\n' /var/folders/p3/95t2_00n2jl3r2cn79bfn18h0000gp/T//fm-turnend-guard.IpXS2c/hook-x-mode-only
+ dir=/var/folders/p3/95t2_00n2jl3r2cn79bfn18h0000gp/T//fm-turnend-guard.IpXS2c/hook-x-mode-only
+ :
++ run_hook /var/folders/p3/95t2_00n2jl3r2cn79bfn18h0000gp/T//fm-turnend-guard.IpXS2c/hook-x-mode-only false
++ local dir=/var/folders/p3/95t2_00n2jl3r2cn79bfn18h0000gp/T//fm-turnend-guard.IpXS2c/hook-x-mode-only stop_active=false home
+++ cd /var/folders/p3/95t2_00n2jl3r2cn79bfn18h0000gp/T//fm-turnend-guard.IpXS2c/hook-x-mode-only
+++ pwd
++ home=/var/folders/p3/95t2_00n2jl3r2cn79bfn18h0000gp/T/fm-turnend-guard.IpXS2c/hook-x-mode-only
++ printf '{"stop_hook_active":%s}' false
++ CLAUDECODE=1
++ FM_HOME=/var/folders/p3/95t2_00n2jl3r2cn79bfn18h0000gp/T/fm-turnend-guard.IpXS2c/hook-x-mode-only
++ bash /var/folders/p3/95t2_00n2jl3r2cn79bfn18h0000gp/T//fm-turnend-guard.IpXS2c/hook-x-mode-only/bin/fm-turnend-guard.sh
+ out='●━━━━━━━━━━━━━━━━━━━━━━━━━━━━━━━━━━━━━━━━━━━━━━━━━━━━━━━━━━━━━━━━━━━━━━━
●  TURN WOULD END BLIND - SUPERVISION IS OFF
●  X-mode relay polling needs supervision, but no live watcher holds this home lock (last beat: never).
●  watcher supervision needs Stop-owned automatic recovery; inspect the hook registration and startup status before ending the turn.
●━━━━━━━━━━━━━━━━━━━━━━━━━━━━━━━━━━━━━━━━━━━━━━━━━━━━━━━━━━━━━━━━━━━━━━━'
+ status=2
+ expect_code 2 2 'default hook mode must block an X-mode-only blind turn'
+ local expected=2 actual=2 'label=default hook mode must block an X-mode-only blind turn'
+ '[' 2 = 2 ']'
+ assert_contains '●━━━━━━━━━━━━━━━━━━━━━━━━━━━━━━━━━━━━━━━━━━━━━━━━━━━━━━━━━━━━━━━━━━━━━━━
●  TURN WOULD END BLIND - SUPERVISION IS OFF
●  X-mode relay polling needs supervision, but no live watcher holds this home lock (last beat: never).
●  watcher supervision needs Stop-owned automatic recovery; inspect the hook registration and startup status before ending the turn.
●━━━━━━━━━━━━━━━━━━━━━━━━━━━━━━━━━━━━━━━━━━━━━━━━━━━━━━━━━━━━━━━━━━━━━━━' 'X-mode relay polling needs supervision' 'X-mode-only blind stop must identify its supervision need'
+ case "$1" in
+ :
+ pass 'fm-turnend-guard: X-mode-only supervision remains guarded in default mode'
+ printf 'ok - %s\n' 'fm-turnend-guard: X-mode-only supervision remains guarded in default mode'
ok - fm-turnend-guard: X-mode-only supervision remains guarded in default mode
+ test_hook_ignores_repo_state_when_fm_home_set
+ local dir home out status
++ make_primary_dir /var/folders/p3/95t2_00n2jl3r2cn79bfn18h0000gp/T//fm-turnend-guard.IpXS2c/hook-fm-home-ignore-root
++ local dir=/var/folders/p3/95t2_00n2jl3r2cn79bfn18h0000gp/T//fm-turnend-guard.IpXS2c/hook-fm-home-ignore-root
++ mkdir -p /var/folders/p3/95t2_00n2jl3r2cn79bfn18h0000gp/T//fm-turnend-guard.IpXS2c/hook-fm-home-ignore-root/state
++ git init -q /var/folders/p3/95t2_00n2jl3r2cn79bfn18h0000gp/T//fm-turnend-guard.IpXS2c/hook-fm-home-ignore-root
++ git -C /var/folders/p3/95t2_00n2jl3r2cn79bfn18h0000gp/T//fm-turnend-guard.IpXS2c/hook-fm-home-ignore-root commit -q --allow-empty -m init
++ :
++ install_guard_scripts /var/folders/p3/95t2_00n2jl3r2cn79bfn18h0000gp/T//fm-turnend-guard.IpXS2c/hook-fm-home-ignore-root
++ local dir=/var/folders/p3/95t2_00n2jl3r2cn79bfn18h0000gp/T//fm-turnend-guard.IpXS2c/hook-fm-home-ignore-root
++ mkdir -p /var/folders/p3/95t2_00n2jl3r2cn79bfn18h0000gp/T//fm-turnend-guard.IpXS2c/hook-fm-home-ignore-root/bin
++ cp /Users/AI/.no-mistakes/worktrees/edb446952c22/01M1EYV82B3ZA2ZEAH2A2NMK1R/bin/fm-turnend-guard.sh /var/folders/p3/95t2_00n2jl3r2cn79bfn18h0000gp/T//fm-turnend-guard.IpXS2c/hook-fm-home-ignore-root/bin/fm-turnend-guard.sh
++ cp /Users/AI/.no-mistakes/worktrees/edb446952c22/01M1EYV82B3ZA2ZEAH2A2NMK1R/bin/fm-turnend-guard-grok.sh /var/folders/p3/95t2_00n2jl3r2cn79bfn18h0000gp/T//fm-turnend-guard.IpXS2c/hook-fm-home-ignore-root/bin/fm-turnend-guard-grok.sh
++ cp /Users/AI/.no-mistakes/worktrees/edb446952c22/01M1EYV82B3ZA2ZEAH2A2NMK1R/bin/fm-operational-input.sh /var/folders/p3/95t2_00n2jl3r2cn79bfn18h0000gp/T//fm-turnend-guard.IpXS2c/hook-fm-home-ignore-root/bin/fm-operational-input.sh
++ cp /Users/AI/.no-mistakes/worktrees/edb446952c22/01M1EYV82B3ZA2ZEAH2A2NMK1R/bin/fm-supervision-instructions.sh /var/folders/p3/95t2_00n2jl3r2cn79bfn18h0000gp/T//fm-turnend-guard.IpXS2c/hook-fm-home-ignore-root/bin/fm-supervision-instructions.sh
++ cp /Users/AI/.no-mistakes/worktrees/edb446952c22/01M1EYV82B3ZA2ZEAH2A2NMK1R/bin/fm-harness.sh /var/folders/p3/95t2_00n2jl3r2cn79bfn18h0000gp/T//fm-turnend-guard.IpXS2c/hook-fm-home-ignore-root/bin/fm-harness.sh
++ cp /Users/AI/.no-mistakes/worktrees/edb446952c22/01M1EYV82B3ZA2ZEAH2A2NMK1R/bin/fm-primary-scope-lib.sh /var/folders/p3/95t2_00n2jl3r2cn79bfn18h0000gp/T//fm-turnend-guard.IpXS2c/hook-fm-home-ignore-root/bin/fm-primary-scope-lib.sh
++ cp /Users/AI/.no-mistakes/worktrees/edb446952c22/01M1EYV82B3ZA2ZEAH2A2NMK1R/bin/fm-supervision-lib.sh /var/folders/p3/95t2_00n2jl3r2cn79bfn18h0000gp/T//fm-turnend-guard.IpXS2c/hook-fm-home-ignore-root/bin/fm-supervision-lib.sh
++ cp /Users/AI/.no-mistakes/worktrees/edb446952c22/01M1EYV82B3ZA2ZEAH2A2NMK1R/bin/fm-wake-lib.sh /var/folders/p3/95t2_00n2jl3r2cn79bfn18h0000gp/T//fm-turnend-guard.IpXS2c/hook-fm-home-ignore-root/bin/fm-wake-lib.sh
++ cp /Users/AI/.no-mistakes/worktrees/edb446952c22/01M1EYV82B3ZA2ZEAH2A2NMK1R/bin/fm-hook-host-lib.sh /var/folders/p3/95t2_00n2jl3r2cn79bfn18h0000gp/T//fm-turnend-guard.IpXS2c/hook-fm-home-ignore-root/bin/fm-hook-host-lib.sh
++ cp /Users/AI/.no-mistakes/worktrees/edb446952c22/01M1EYV82B3ZA2ZEAH2A2NMK1R/bin/fm-timeout-lib.sh /var/folders/p3/95t2_00n2jl3r2cn79bfn18h0000gp/T//fm-turnend-guard.IpXS2c/hook-fm-home-ignore-root/bin/fm-timeout-lib.sh
++ cp /Users/AI/.no-mistakes/worktrees/edb446952c22/01M1EYV82B3ZA2ZEAH2A2NMK1R/bin/fm-owner-invoke-wait-check.sh /var/folders/p3/95t2_00n2jl3r2cn79bfn18h0000gp/T//fm-turnend-guard.IpXS2c/hook-fm-home-ignore-root/bin/fm-owner-invoke-wait-check.sh
++ mkdir -p /var/folders/p3/95t2_00n2jl3r2cn79bfn18h0000gp/T//fm-turnend-guard.IpXS2c/hook-fm-home-ignore-root/docs
++ cp -R /Users/AI/.no-mistakes/worktrees/edb446952c22/01M1EYV82B3ZA2ZEAH2A2NMK1R/docs/supervision-protocols /var/folders/p3/95t2_00n2jl3r2cn79bfn18h0000gp/T//fm-turnend-guard.IpXS2c/hook-fm-home-ignore-root/docs/supervision-protocols
++ chmod +x /var/folders/p3/95t2_00n2jl3r2cn79bfn18h0000gp/T//fm-turnend-guard.IpXS2c/hook-fm-home-ignore-root/bin/fm-turnend-guard.sh /var/folders/p3/95t2_00n2jl3r2cn79bfn18h0000gp/T//fm-turnend-guard.IpXS2c/hook-fm-home-ignore-root/bin/fm-turnend-guard-grok.sh /var/folders/p3/95t2_00n2jl3r2cn79bfn18h0000gp/T//fm-turnend-guard.IpXS2c/hook-fm-home-ignore-root/bin/fm-operational-input.sh /var/folders/p3/95t2_00n2jl3r2cn79bfn18h0000gp/T//fm-turnend-guard.IpXS2c/hook-fm-home-ignore-root/bin/fm-supervision-instructions.sh /var/folders/p3/95t2_00n2jl3r2cn79bfn18h0000gp/T//fm-turnend-guard.IpXS2c/hook-fm-home-ignore-root/bin/fm-harness.sh /var/folders/p3/95t2_00n2jl3r2cn79bfn18h0000gp/T//fm-turnend-guard.IpXS2c/hook-fm-home-ignore-root/bin/fm-owner-invoke-wait-check.sh
++ printf '%s\n' /var/folders/p3/95t2_00n2jl3r2cn79bfn18h0000gp/T//fm-turnend-guard.IpXS2c/hook-fm-home-ignore-root
+ dir=/var/folders/p3/95t2_00n2jl3r2cn79bfn18h0000gp/T//fm-turnend-guard.IpXS2c/hook-fm-home-ignore-root
+ home=/var/folders/p3/95t2_00n2jl3r2cn79bfn18h0000gp/T//fm-turnend-guard.IpXS2c/hook-fm-home-quiet
+ mkdir -p /var/folders/p3/95t2_00n2jl3r2cn79bfn18h0000gp/T//fm-turnend-guard.IpXS2c/hook-fm-home-quiet/state
+ :
++ printf '{"stop_hook_active":false}'
++ FM_HOME=/var/folders/p3/95t2_00n2jl3r2cn79bfn18h0000gp/T//fm-turnend-guard.IpXS2c/hook-fm-home-quiet
++ bash /var/folders/p3/95t2_00n2jl3r2cn79bfn18h0000gp/T//fm-turnend-guard.IpXS2c/hook-fm-home-ignore-root/bin/fm-turnend-guard.sh
+ out=
+ status=0
+ expect_code 0 0 'hook must ignore repo-root state when FM_HOME selects another state dir'
+ local expected=0 actual=0 'label=hook must ignore repo-root state when FM_HOME selects another state dir'
+ '[' 0 = 0 ']'
+ '[' -z '' ']'
+ pass 'fm-turnend-guard: ignores stale repo-root state when FM_HOME is set'
+ printf 'ok - %s\n' 'fm-turnend-guard: ignores stale repo-root state when FM_HOME is set'
ok - fm-turnend-guard: ignores stale repo-root state when FM_HOME is set
+ test_hook_uses_state_override
+ local dir home state out status
++ make_primary_dir /var/folders/p3/95t2_00n2jl3r2cn79bfn18h0000gp/T//fm-turnend-guard.IpXS2c/hook-state-override
++ local dir=/var/folders/p3/95t2_00n2jl3r2cn79bfn18h0000gp/T//fm-turnend-guard.IpXS2c/hook-state-override
++ mkdir -p /var/folders/p3/95t2_00n2jl3r2cn79bfn18h0000gp/T//fm-turnend-guard.IpXS2c/hook-state-override/state
++ git init -q /var/folders/p3/95t2_00n2jl3r2cn79bfn18h0000gp/T//fm-turnend-guard.IpXS2c/hook-state-override
++ git -C /var/folders/p3/95t2_00n2jl3r2cn79bfn18h0000gp/T//fm-turnend-guard.IpXS2c/hook-state-override commit -q --allow-empty -m init
++ :
++ install_guard_scripts /var/folders/p3/95t2_00n2jl3r2cn79bfn18h0000gp/T//fm-turnend-guard.IpXS2c/hook-state-override
++ local dir=/var/folders/p3/95t2_00n2jl3r2cn79bfn18h0000gp/T//fm-turnend-guard.IpXS2c/hook-state-override
++ mkdir -p /var/folders/p3/95t2_00n2jl3r2cn79bfn18h0000gp/T//fm-turnend-guard.IpXS2c/hook-state-override/bin
++ cp /Users/AI/.no-mistakes/worktrees/edb446952c22/01M1EYV82B3ZA2ZEAH2A2NMK1R/bin/fm-turnend-guard.sh /var/folders/p3/95t2_00n2jl3r2cn79bfn18h0000gp/T//fm-turnend-guard.IpXS2c/hook-state-override/bin/fm-turnend-guard.sh
++ cp /Users/AI/.no-mistakes/worktrees/edb446952c22/01M1EYV82B3ZA2ZEAH2A2NMK1R/bin/fm-turnend-guard-grok.sh /var/folders/p3/95t2_00n2jl3r2cn79bfn18h0000gp/T//fm-turnend-guard.IpXS2c/hook-state-override/bin/fm-turnend-guard-grok.sh
++ cp /Users/AI/.no-mistakes/worktrees/edb446952c22/01M1EYV82B3ZA2ZEAH2A2NMK1R/bin/fm-operational-input.sh /var/folders/p3/95t2_00n2jl3r2cn79bfn18h0000gp/T//fm-turnend-guard.IpXS2c/hook-state-override/bin/fm-operational-input.sh
++ cp /Users/AI/.no-mistakes/worktrees/edb446952c22/01M1EYV82B3ZA2ZEAH2A2NMK1R/bin/fm-supervision-instructions.sh /var/folders/p3/95t2_00n2jl3r2cn79bfn18h0000gp/T//fm-turnend-guard.IpXS2c/hook-state-override/bin/fm-supervision-instructions.sh
++ cp /Users/AI/.no-mistakes/worktrees/edb446952c22/01M1EYV82B3ZA2ZEAH2A2NMK1R/bin/fm-harness.sh /var/folders/p3/95t2_00n2jl3r2cn79bfn18h0000gp/T//fm-turnend-guard.IpXS2c/hook-state-override/bin/fm-harness.sh
++ cp /Users/AI/.no-mistakes/worktrees/edb446952c22/01M1EYV82B3ZA2ZEAH2A2NMK1R/bin/fm-primary-scope-lib.sh /var/folders/p3/95t2_00n2jl3r2cn79bfn18h0000gp/T//fm-turnend-guard.IpXS2c/hook-state-override/bin/fm-primary-scope-lib.sh
++ cp /Users/AI/.no-mistakes/worktrees/edb446952c22/01M1EYV82B3ZA2ZEAH2A2NMK1R/bin/fm-supervision-lib.sh /var/folders/p3/95t2_00n2jl3r2cn79bfn18h0000gp/T//fm-turnend-guard.IpXS2c/hook-state-override/bin/fm-supervision-lib.sh
++ cp /Users/AI/.no-mistakes/worktrees/edb446952c22/01M1EYV82B3ZA2ZEAH2A2NMK1R/bin/fm-wake-lib.sh /var/folders/p3/95t2_00n2jl3r2cn79bfn18h0000gp/T//fm-turnend-guard.IpXS2c/hook-state-override/bin/fm-wake-lib.sh
++ cp /Users/AI/.no-mistakes/worktrees/edb446952c22/01M1EYV82B3ZA2ZEAH2A2NMK1R/bin/fm-hook-host-lib.sh /var/folders/p3/95t2_00n2jl3r2cn79bfn18h0000gp/T//fm-turnend-guard.IpXS2c/hook-state-override/bin/fm-hook-host-lib.sh
++ cp /Users/AI/.no-mistakes/worktrees/edb446952c22/01M1EYV82B3ZA2ZEAH2A2NMK1R/bin/fm-timeout-lib.sh /var/folders/p3/95t2_00n2jl3r2cn79bfn18h0000gp/T//fm-turnend-guard.IpXS2c/hook-state-override/bin/fm-timeout-lib.sh
++ cp /Users/AI/.no-mistakes/worktrees/edb446952c22/01M1EYV82B3ZA2ZEAH2A2NMK1R/bin/fm-owner-invoke-wait-check.sh /var/folders/p3/95t2_00n2jl3r2cn79bfn18h0000gp/T//fm-turnend-guard.IpXS2c/hook-state-override/bin/fm-owner-invoke-wait-check.sh
++ mkdir -p /var/folders/p3/95t2_00n2jl3r2cn79bfn18h0000gp/T//fm-turnend-guard.IpXS2c/hook-state-override/docs
++ cp -R /Users/AI/.no-mistakes/worktrees/edb446952c22/01M1EYV82B3ZA2ZEAH2A2NMK1R/docs/supervision-protocols /var/folders/p3/95t2_00n2jl3r2cn79bfn18h0000gp/T//fm-turnend-guard.IpXS2c/hook-state-override/docs/supervision-protocols
++ chmod +x /var/folders/p3/95t2_00n2jl3r2cn79bfn18h0000gp/T//fm-turnend-guard.IpXS2c/hook-state-override/bin/fm-turnend-guard.sh /var/folders/p3/95t2_00n2jl3r2cn79bfn18h0000gp/T//fm-turnend-guard.IpXS2c/hook-state-override/bin/fm-turnend-guard-grok.sh /var/folders/p3/95t2_00n2jl3r2cn79bfn18h0000gp/T//fm-turnend-guard.IpXS2c/hook-state-override/bin/fm-operational-input.sh /var/folders/p3/95t2_00n2jl3r2cn79bfn18h0000gp/T//fm-turnend-guard.IpXS2c/hook-state-override/bin/fm-supervision-instructions.sh /var/folders/p3/95t2_00n2jl3r2cn79bfn18h0000gp/T//fm-turnend-guard.IpXS2c/hook-state-override/bin/fm-harness.sh /var/folders/p3/95t2_00n2jl3r2cn79bfn18h0000gp/T//fm-turnend-guard.IpXS2c/hook-state-override/bin/fm-owner-invoke-wait-check.sh
++ printf '%s\n' /var/folders/p3/95t2_00n2jl3r2cn79bfn18h0000gp/T//fm-turnend-guard.IpXS2c/hook-state-override
+ dir=/var/folders/p3/95t2_00n2jl3r2cn79bfn18h0000gp/T//fm-turnend-guard.IpXS2c/hook-state-override
+ home=/var/folders/p3/95t2_00n2jl3r2cn79bfn18h0000gp/T//fm-turnend-guard.IpXS2c/hook-state-override-home
+ state=/var/folders/p3/95t2_00n2jl3r2cn79bfn18h0000gp/T//fm-turnend-guard.IpXS2c/hook-state-override-active
+ mkdir -p /var/folders/p3/95t2_00n2jl3r2cn79bfn18h0000gp/T//fm-turnend-guard.IpXS2c/hook-state-override-home/state /var/folders/p3/95t2_00n2jl3r2cn79bfn18h0000gp/T//fm-turnend-guard.IpXS2c/hook-state-override-active
+ :
++ printf '{"stop_hook_active":false}'
++ CLAUDECODE=1
++ FM_HOME=/var/folders/p3/95t2_00n2jl3r2cn79bfn18h0000gp/T//fm-turnend-guard.IpXS2c/hook-state-override-home
++ FM_STATE_OVERRIDE=/var/folders/p3/95t2_00n2jl3r2cn79bfn18h0000gp/T//fm-turnend-guard.IpXS2c/hook-state-override-active
++ bash /var/folders/p3/95t2_00n2jl3r2cn79bfn18h0000gp/T//fm-turnend-guard.IpXS2c/hook-state-override/bin/fm-turnend-guard.sh
+ out='●━━━━━━━━━━━━━━━━━━━━━━━━━━━━━━━━━━━━━━━━━━━━━━━━━━━━━━━━━━━━━━━━━━━━━━━
●  TURN WOULD END BLIND - SUPERVISION IS OFF
●  1 task(s) in flight, but no live watcher holds this home lock (last beat: never).
●  watcher supervision needs Stop-owned automatic recovery; inspect the hook registration and startup status before ending the turn.
●━━━━━━━━━━━━━━━━━━━━━━━━━━━━━━━━━━━━━━━━━━━━━━━━━━━━━━━━━━━━━━━━━━━━━━━'
+ status=2
+ expect_code 2 2 'hook must let FM_STATE_OVERRIDE win over FM_HOME/state'
+ local expected=2 actual=2 'label=hook must let FM_STATE_OVERRIDE win over FM_HOME/state'
+ '[' 2 = 2 ']'
+ assert_contains '●━━━━━━━━━━━━━━━━━━━━━━━━━━━━━━━━━━━━━━━━━━━━━━━━━━━━━━━━━━━━━━━━━━━━━━━
●  TURN WOULD END BLIND - SUPERVISION IS OFF
●  1 task(s) in flight, but no live watcher holds this home lock (last beat: never).
●  watcher supervision needs Stop-owned automatic recovery; inspect the hook registration and startup status before ending the turn.
●━━━━━━━━━━━━━━━━━━━━━━━━━━━━━━━━━━━━━━━━━━━━━━━━━━━━━━━━━━━━━━━━━━━━━━━' 'watcher supervision needs Stop-owned automatic recovery; inspect the hook registration and startup status before ending the turn' 'block reason must contain the exact required instruction'
+ case "$1" in
+ :
+ pass 'fm-turnend-guard: uses FM_STATE_OVERRIDE ahead of FM_HOME/state'
+ printf 'ok - %s\n' 'fm-turnend-guard: uses FM_STATE_OVERRIDE ahead of FM_HOME/state'
ok - fm-turnend-guard: uses FM_STATE_OVERRIDE ahead of FM_HOME/state
+ test_hook_loop_guard_allows_retry
+ local dir out status
++ make_primary_dir /var/folders/p3/95t2_00n2jl3r2cn79bfn18h0000gp/T//fm-turnend-guard.IpXS2c/hook-loopguard
++ local dir=/var/folders/p3/95t2_00n2jl3r2cn79bfn18h0000gp/T//fm-turnend-guard.IpXS2c/hook-loopguard
++ mkdir -p /var/folders/p3/95t2_00n2jl3r2cn79bfn18h0000gp/T//fm-turnend-guard.IpXS2c/hook-loopguard/state
++ git init -q /var/folders/p3/95t2_00n2jl3r2cn79bfn18h0000gp/T//fm-turnend-guard.IpXS2c/hook-loopguard
++ git -C /var/folders/p3/95t2_00n2jl3r2cn79bfn18h0000gp/T//fm-turnend-guard.IpXS2c/hook-loopguard commit -q --allow-empty -m init
++ :
++ install_guard_scripts /var/folders/p3/95t2_00n2jl3r2cn79bfn18h0000gp/T//fm-turnend-guard.IpXS2c/hook-loopguard
++ local dir=/var/folders/p3/95t2_00n2jl3r2cn79bfn18h0000gp/T//fm-turnend-guard.IpXS2c/hook-loopguard
++ mkdir -p /var/folders/p3/95t2_00n2jl3r2cn79bfn18h0000gp/T//fm-turnend-guard.IpXS2c/hook-loopguard/bin
++ cp /Users/AI/.no-mistakes/worktrees/edb446952c22/01M1EYV82B3ZA2ZEAH2A2NMK1R/bin/fm-turnend-guard.sh /var/folders/p3/95t2_00n2jl3r2cn79bfn18h0000gp/T//fm-turnend-guard.IpXS2c/hook-loopguard/bin/fm-turnend-guard.sh
++ cp /Users/AI/.no-mistakes/worktrees/edb446952c22/01M1EYV82B3ZA2ZEAH2A2NMK1R/bin/fm-turnend-guard-grok.sh /var/folders/p3/95t2_00n2jl3r2cn79bfn18h0000gp/T//fm-turnend-guard.IpXS2c/hook-loopguard/bin/fm-turnend-guard-grok.sh
++ cp /Users/AI/.no-mistakes/worktrees/edb446952c22/01M1EYV82B3ZA2ZEAH2A2NMK1R/bin/fm-operational-input.sh /var/folders/p3/95t2_00n2jl3r2cn79bfn18h0000gp/T//fm-turnend-guard.IpXS2c/hook-loopguard/bin/fm-operational-input.sh
++ cp /Users/AI/.no-mistakes/worktrees/edb446952c22/01M1EYV82B3ZA2ZEAH2A2NMK1R/bin/fm-supervision-instructions.sh /var/folders/p3/95t2_00n2jl3r2cn79bfn18h0000gp/T//fm-turnend-guard.IpXS2c/hook-loopguard/bin/fm-supervision-instructions.sh
++ cp /Users/AI/.no-mistakes/worktrees/edb446952c22/01M1EYV82B3ZA2ZEAH2A2NMK1R/bin/fm-harness.sh /var/folders/p3/95t2_00n2jl3r2cn79bfn18h0000gp/T//fm-turnend-guard.IpXS2c/hook-loopguard/bin/fm-harness.sh
++ cp /Users/AI/.no-mistakes/worktrees/edb446952c22/01M1EYV82B3ZA2ZEAH2A2NMK1R/bin/fm-primary-scope-lib.sh /var/folders/p3/95t2_00n2jl3r2cn79bfn18h0000gp/T//fm-turnend-guard.IpXS2c/hook-loopguard/bin/fm-primary-scope-lib.sh
++ cp /Users/AI/.no-mistakes/worktrees/edb446952c22/01M1EYV82B3ZA2ZEAH2A2NMK1R/bin/fm-supervision-lib.sh /var/folders/p3/95t2_00n2jl3r2cn79bfn18h0000gp/T//fm-turnend-guard.IpXS2c/hook-loopguard/bin/fm-supervision-lib.sh
++ cp /Users/AI/.no-mistakes/worktrees/edb446952c22/01M1EYV82B3ZA2ZEAH2A2NMK1R/bin/fm-wake-lib.sh /var/folders/p3/95t2_00n2jl3r2cn79bfn18h0000gp/T//fm-turnend-guard.IpXS2c/hook-loopguard/bin/fm-wake-lib.sh
++ cp /Users/AI/.no-mistakes/worktrees/edb446952c22/01M1EYV82B3ZA2ZEAH2A2NMK1R/bin/fm-hook-host-lib.sh /var/folders/p3/95t2_00n2jl3r2cn79bfn18h0000gp/T//fm-turnend-guard.IpXS2c/hook-loopguard/bin/fm-hook-host-lib.sh
++ cp /Users/AI/.no-mistakes/worktrees/edb446952c22/01M1EYV82B3ZA2ZEAH2A2NMK1R/bin/fm-timeout-lib.sh /var/folders/p3/95t2_00n2jl3r2cn79bfn18h0000gp/T//fm-turnend-guard.IpXS2c/hook-loopguard/bin/fm-timeout-lib.sh
++ cp /Users/AI/.no-mistakes/worktrees/edb446952c22/01M1EYV82B3ZA2ZEAH2A2NMK1R/bin/fm-owner-invoke-wait-check.sh /var/folders/p3/95t2_00n2jl3r2cn79bfn18h0000gp/T//fm-turnend-guard.IpXS2c/hook-loopguard/bin/fm-owner-invoke-wait-check.sh
++ mkdir -p /var/folders/p3/95t2_00n2jl3r2cn79bfn18h0000gp/T//fm-turnend-guard.IpXS2c/hook-loopguard/docs
++ cp -R /Users/AI/.no-mistakes/worktrees/edb446952c22/01M1EYV82B3ZA2ZEAH2A2NMK1R/docs/supervision-protocols /var/folders/p3/95t2_00n2jl3r2cn79bfn18h0000gp/T//fm-turnend-guard.IpXS2c/hook-loopguard/docs/supervision-protocols
++ chmod +x /var/folders/p3/95t2_00n2jl3r2cn79bfn18h0000gp/T//fm-turnend-guard.IpXS2c/hook-loopguard/bin/fm-turnend-guard.sh /var/folders/p3/95t2_00n2jl3r2cn79bfn18h0000gp/T//fm-turnend-guard.IpXS2c/hook-loopguard/bin/fm-turnend-guard-grok.sh /var/folders/p3/95t2_00n2jl3r2cn79bfn18h0000gp/T//fm-turnend-guard.IpXS2c/hook-loopguard/bin/fm-operational-input.sh /var/folders/p3/95t2_00n2jl3r2cn79bfn18h0000gp/T//fm-turnend-guard.IpXS2c/hook-loopguard/bin/fm-supervision-instructions.sh /var/folders/p3/95t2_00n2jl3r2cn79bfn18h0000gp/T//fm-turnend-guard.IpXS2c/hook-loopguard/bin/fm-harness.sh /var/folders/p3/95t2_00n2jl3r2cn79bfn18h0000gp/T//fm-turnend-guard.IpXS2c/hook-loopguard/bin/fm-owner-invoke-wait-check.sh
++ printf '%s\n' /var/folders/p3/95t2_00n2jl3r2cn79bfn18h0000gp/T//fm-turnend-guard.IpXS2c/hook-loopguard
+ dir=/var/folders/p3/95t2_00n2jl3r2cn79bfn18h0000gp/T//fm-turnend-guard.IpXS2c/hook-loopguard
+ :
++ run_hook /var/folders/p3/95t2_00n2jl3r2cn79bfn18h0000gp/T//fm-turnend-guard.IpXS2c/hook-loopguard true
++ local dir=/var/folders/p3/95t2_00n2jl3r2cn79bfn18h0000gp/T//fm-turnend-guard.IpXS2c/hook-loopguard stop_active=true home
+++ cd /var/folders/p3/95t2_00n2jl3r2cn79bfn18h0000gp/T//fm-turnend-guard.IpXS2c/hook-loopguard
+++ pwd
++ home=/var/folders/p3/95t2_00n2jl3r2cn79bfn18h0000gp/T/fm-turnend-guard.IpXS2c/hook-loopguard
++ printf '{"stop_hook_active":%s}' true
++ CLAUDECODE=1
++ FM_HOME=/var/folders/p3/95t2_00n2jl3r2cn79bfn18h0000gp/T/fm-turnend-guard.IpXS2c/hook-loopguard
++ bash /var/folders/p3/95t2_00n2jl3r2cn79bfn18h0000gp/T//fm-turnend-guard.IpXS2c/hook-loopguard/bin/fm-turnend-guard.sh
+ out=
+ status=0
+ expect_code 0 0 'hook must allow the stop when stop_hook_active is already true'
+ local expected=0 actual=0 'label=hook must allow the stop when stop_hook_active is already true'
+ '[' 0 = 0 ']'
+ '[' -z '' ']'
+ pass 'fm-turnend-guard: stop_hook_active=true always allows the stop (never blocks twice in one turn)'
+ printf 'ok - %s\n' 'fm-turnend-guard: stop_hook_active=true always allows the stop (never blocks twice in one turn)'
ok - fm-turnend-guard: stop_hook_active=true always allows the stop (never blocks twice in one turn)
+ test_hook_blocks_in_secondmate_own_home
+ local dir out status
++ make_secondmate_dir /var/folders/p3/95t2_00n2jl3r2cn79bfn18h0000gp/T//fm-turnend-guard.IpXS2c/hook-secondmate
++ local dir=/var/folders/p3/95t2_00n2jl3r2cn79bfn18h0000gp/T//fm-turnend-guard.IpXS2c/hook-secondmate
++ make_primary_dir /var/folders/p3/95t2_00n2jl3r2cn79bfn18h0000gp/T//fm-turnend-guard.IpXS2c/hook-secondmate
++ local dir=/var/folders/p3/95t2_00n2jl3r2cn79bfn18h0000gp/T//fm-turnend-guard.IpXS2c/hook-secondmate
++ mkdir -p /var/folders/p3/95t2_00n2jl3r2cn79bfn18h0000gp/T//fm-turnend-guard.IpXS2c/hook-secondmate/state
++ git init -q /var/folders/p3/95t2_00n2jl3r2cn79bfn18h0000gp/T//fm-turnend-guard.IpXS2c/hook-secondmate
++ git -C /var/folders/p3/95t2_00n2jl3r2cn79bfn18h0000gp/T//fm-turnend-guard.IpXS2c/hook-secondmate commit -q --allow-empty -m init
++ :
++ install_guard_scripts /var/folders/p3/95t2_00n2jl3r2cn79bfn18h0000gp/T//fm-turnend-guard.IpXS2c/hook-secondmate
++ local dir=/var/folders/p3/95t2_00n2jl3r2cn79bfn18h0000gp/T//fm-turnend-guard.IpXS2c/hook-secondmate
++ mkdir -p /var/folders/p3/95t2_00n2jl3r2cn79bfn18h0000gp/T//fm-turnend-guard.IpXS2c/hook-secondmate/bin
++ cp /Users/AI/.no-mistakes/worktrees/edb446952c22/01M1EYV82B3ZA2ZEAH2A2NMK1R/bin/fm-turnend-guard.sh /var/folders/p3/95t2_00n2jl3r2cn79bfn18h0000gp/T//fm-turnend-guard.IpXS2c/hook-secondmate/bin/fm-turnend-guard.sh
++ cp /Users/AI/.no-mistakes/worktrees/edb446952c22/01M1EYV82B3ZA2ZEAH2A2NMK1R/bin/fm-turnend-guard-grok.sh /var/folders/p3/95t2_00n2jl3r2cn79bfn18h0000gp/T//fm-turnend-guard.IpXS2c/hook-secondmate/bin/fm-turnend-guard-grok.sh
++ cp /Users/AI/.no-mistakes/worktrees/edb446952c22/01M1EYV82B3ZA2ZEAH2A2NMK1R/bin/fm-operational-input.sh /var/folders/p3/95t2_00n2jl3r2cn79bfn18h0000gp/T//fm-turnend-guard.IpXS2c/hook-secondmate/bin/fm-operational-input.sh
++ cp /Users/AI/.no-mistakes/worktrees/edb446952c22/01M1EYV82B3ZA2ZEAH2A2NMK1R/bin/fm-supervision-instructions.sh /var/folders/p3/95t2_00n2jl3r2cn79bfn18h0000gp/T//fm-turnend-guard.IpXS2c/hook-secondmate/bin/fm-supervision-instructions.sh
++ cp /Users/AI/.no-mistakes/worktrees/edb446952c22/01M1EYV82B3ZA2ZEAH2A2NMK1R/bin/fm-harness.sh /var/folders/p3/95t2_00n2jl3r2cn79bfn18h0000gp/T//fm-turnend-guard.IpXS2c/hook-secondmate/bin/fm-harness.sh
++ cp /Users/AI/.no-mistakes/worktrees/edb446952c22/01M1EYV82B3ZA2ZEAH2A2NMK1R/bin/fm-primary-scope-lib.sh /var/folders/p3/95t2_00n2jl3r2cn79bfn18h0000gp/T//fm-turnend-guard.IpXS2c/hook-secondmate/bin/fm-primary-scope-lib.sh
++ cp /Users/AI/.no-mistakes/worktrees/edb446952c22/01M1EYV82B3ZA2ZEAH2A2NMK1R/bin/fm-supervision-lib.sh /var/folders/p3/95t2_00n2jl3r2cn79bfn18h0000gp/T//fm-turnend-guard.IpXS2c/hook-secondmate/bin/fm-supervision-lib.sh
++ cp /Users/AI/.no-mistakes/worktrees/edb446952c22/01M1EYV82B3ZA2ZEAH2A2NMK1R/bin/fm-wake-lib.sh /var/folders/p3/95t2_00n2jl3r2cn79bfn18h0000gp/T//fm-turnend-guard.IpXS2c/hook-secondmate/bin/fm-wake-lib.sh
++ cp /Users/AI/.no-mistakes/worktrees/edb446952c22/01M1EYV82B3ZA2ZEAH2A2NMK1R/bin/fm-hook-host-lib.sh /var/folders/p3/95t2_00n2jl3r2cn79bfn18h0000gp/T//fm-turnend-guard.IpXS2c/hook-secondmate/bin/fm-hook-host-lib.sh
++ cp /Users/AI/.no-mistakes/worktrees/edb446952c22/01M1EYV82B3ZA2ZEAH2A2NMK1R/bin/fm-timeout-lib.sh /var/folders/p3/95t2_00n2jl3r2cn79bfn18h0000gp/T//fm-turnend-guard.IpXS2c/hook-secondmate/bin/fm-timeout-lib.sh
++ cp /Users/AI/.no-mistakes/worktrees/edb446952c22/01M1EYV82B3ZA2ZEAH2A2NMK1R/bin/fm-owner-invoke-wait-check.sh /var/folders/p3/95t2_00n2jl3r2cn79bfn18h0000gp/T//fm-turnend-guard.IpXS2c/hook-secondmate/bin/fm-owner-invoke-wait-check.sh
++ mkdir -p /var/folders/p3/95t2_00n2jl3r2cn79bfn18h0000gp/T//fm-turnend-guard.IpXS2c/hook-secondmate/docs
++ cp -R /Users/AI/.no-mistakes/worktrees/edb446952c22/01M1EYV82B3ZA2ZEAH2A2NMK1R/docs/supervision-protocols /var/folders/p3/95t2_00n2jl3r2cn79bfn18h0000gp/T//fm-turnend-guard.IpXS2c/hook-secondmate/docs/supervision-protocols
++ chmod +x /var/folders/p3/95t2_00n2jl3r2cn79bfn18h0000gp/T//fm-turnend-guard.IpXS2c/hook-secondmate/bin/fm-turnend-guard.sh /var/folders/p3/95t2_00n2jl3r2cn79bfn18h0000gp/T//fm-turnend-guard.IpXS2c/hook-secondmate/bin/fm-turnend-guard-grok.sh /var/folders/p3/95t2_00n2jl3r2cn79bfn18h0000gp/T//fm-turnend-guard.IpXS2c/hook-secondmate/bin/fm-operational-input.sh /var/folders/p3/95t2_00n2jl3r2cn79bfn18h0000gp/T//fm-turnend-guard.IpXS2c/hook-secondmate/bin/fm-supervision-instructions.sh /var/folders/p3/95t2_00n2jl3r2cn79bfn18h0000gp/T//fm-turnend-guard.IpXS2c/hook-secondmate/bin/fm-harness.sh /var/folders/p3/95t2_00n2jl3r2cn79bfn18h0000gp/T//fm-turnend-guard.IpXS2c/hook-secondmate/bin/fm-owner-invoke-wait-check.sh
++ printf '%s\n' /var/folders/p3/95t2_00n2jl3r2cn79bfn18h0000gp/T//fm-turnend-guard.IpXS2c/hook-secondmate
++ printf 'sm-test-1\n'
++ printf '%s\n' /var/folders/p3/95t2_00n2jl3r2cn79bfn18h0000gp/T//fm-turnend-guard.IpXS2c/hook-secondmate
+ dir=/var/folders/p3/95t2_00n2jl3r2cn79bfn18h0000gp/T//fm-turnend-guard.IpXS2c/hook-secondmate
+ :
++ run_hook /var/folders/p3/95t2_00n2jl3r2cn79bfn18h0000gp/T//fm-turnend-guard.IpXS2c/hook-secondmate false
++ local dir=/var/folders/p3/95t2_00n2jl3r2cn79bfn18h0000gp/T//fm-turnend-guard.IpXS2c/hook-secondmate stop_active=false home
+++ cd /var/folders/p3/95t2_00n2jl3r2cn79bfn18h0000gp/T//fm-turnend-guard.IpXS2c/hook-secondmate
+++ pwd
++ home=/var/folders/p3/95t2_00n2jl3r2cn79bfn18h0000gp/T/fm-turnend-guard.IpXS2c/hook-secondmate
++ printf '{"stop_hook_active":%s}' false
++ CLAUDECODE=1
++ FM_HOME=/var/folders/p3/95t2_00n2jl3r2cn79bfn18h0000gp/T/fm-turnend-guard.IpXS2c/hook-secondmate
++ bash /var/folders/p3/95t2_00n2jl3r2cn79bfn18h0000gp/T//fm-turnend-guard.IpXS2c/hook-secondmate/bin/fm-turnend-guard.sh
+ out='●━━━━━━━━━━━━━━━━━━━━━━━━━━━━━━━━━━━━━━━━━━━━━━━━━━━━━━━━━━━━━━━━━━━━━━━
●  TURN WOULD END BLIND - SUPERVISION IS OFF
●  1 task(s) in flight, but no live watcher holds this home lock (last beat: never).
●  watcher supervision needs Stop-owned automatic recovery; inspect the hook registration and startup status before ending the turn.
●━━━━━━━━━━━━━━━━━━━━━━━━━━━━━━━━━━━━━━━━━━━━━━━━━━━━━━━━━━━━━━━━━━━━━━━'
+ status=2
+ expect_code 2 2 'hook must guard a secondmate'\''s own home like the main primary when unhealthy'
+ local expected=2 actual=2 'label=hook must guard a secondmate'\''s own home like the main primary when unhealthy'
+ '[' 2 = 2 ']'
+ assert_contains '●━━━━━━━━━━━━━━━━━━━━━━━━━━━━━━━━━━━━━━━━━━━━━━━━━━━━━━━━━━━━━━━━━━━━━━━
●  TURN WOULD END BLIND - SUPERVISION IS OFF
●  1 task(s) in flight, but no live watcher holds this home lock (last beat: never).
●  watcher supervision needs Stop-owned automatic recovery; inspect the hook registration and startup status before ending the turn.
●━━━━━━━━━━━━━━━━━━━━━━━━━━━━━━━━━━━━━━━━━━━━━━━━━━━━━━━━━━━━━━━━━━━━━━━' 'watcher supervision needs Stop-owned automatic recovery; inspect the hook registration and startup status before ending the turn' 'block reason must contain the exact required instruction'
+ case "$1" in
+ :
+ assert_contains '●━━━━━━━━━━━━━━━━━━━━━━━━━━━━━━━━━━━━━━━━━━━━━━━━━━━━━━━━━━━━━━━━━━━━━━━
●  TURN WOULD END BLIND - SUPERVISION IS OFF
●  1 task(s) in flight, but no live watcher holds this home lock (last beat: never).
●  watcher supervision needs Stop-owned automatic recovery; inspect the hook registration and startup status before ending the turn.
●━━━━━━━━━━━━━━━━━━━━━━━━━━━━━━━━━━━━━━━━━━━━━━━━━━━━━━━━━━━━━━━━━━━━━━━' 'TURN WOULD END BLIND' 'block banner must read as an alarm'
+ case "$1" in
+ :
+ pass 'fm-turnend-guard: blocks a blind turn end in a secondmate'\''s own home (.fm-secondmate-home no longer excludes it)'
+ printf 'ok - %s\n' 'fm-turnend-guard: blocks a blind turn end in a secondmate'\''s own home (.fm-secondmate-home no longer excludes it)'
ok - fm-turnend-guard: blocks a blind turn end in a secondmate's own home (.fm-secondmate-home no longer excludes it)
+ test_hook_silent_in_idle_secondmate_home
+ local dir out status
++ make_secondmate_dir /var/folders/p3/95t2_00n2jl3r2cn79bfn18h0000gp/T//fm-turnend-guard.IpXS2c/hook-secondmate-idle
++ local dir=/var/folders/p3/95t2_00n2jl3r2cn79bfn18h0000gp/T//fm-turnend-guard.IpXS2c/hook-secondmate-idle
++ make_primary_dir /var/folders/p3/95t2_00n2jl3r2cn79bfn18h0000gp/T//fm-turnend-guard.IpXS2c/hook-secondmate-idle
++ local dir=/var/folders/p3/95t2_00n2jl3r2cn79bfn18h0000gp/T//fm-turnend-guard.IpXS2c/hook-secondmate-idle
++ mkdir -p /var/folders/p3/95t2_00n2jl3r2cn79bfn18h0000gp/T//fm-turnend-guard.IpXS2c/hook-secondmate-idle/state
++ git init -q /var/folders/p3/95t2_00n2jl3r2cn79bfn18h0000gp/T//fm-turnend-guard.IpXS2c/hook-secondmate-idle
++ git -C /var/folders/p3/95t2_00n2jl3r2cn79bfn18h0000gp/T//fm-turnend-guard.IpXS2c/hook-secondmate-idle commit -q --allow-empty -m init
++ :
++ install_guard_scripts /var/folders/p3/95t2_00n2jl3r2cn79bfn18h0000gp/T//fm-turnend-guard.IpXS2c/hook-secondmate-idle
++ local dir=/var/folders/p3/95t2_00n2jl3r2cn79bfn18h0000gp/T//fm-turnend-guard.IpXS2c/hook-secondmate-idle
++ mkdir -p /var/folders/p3/95t2_00n2jl3r2cn79bfn18h0000gp/T//fm-turnend-guard.IpXS2c/hook-secondmate-idle/bin
++ cp /Users/AI/.no-mistakes/worktrees/edb446952c22/01M1EYV82B3ZA2ZEAH2A2NMK1R/bin/fm-turnend-guard.sh /var/folders/p3/95t2_00n2jl3r2cn79bfn18h0000gp/T//fm-turnend-guard.IpXS2c/hook-secondmate-idle/bin/fm-turnend-guard.sh
++ cp /Users/AI/.no-mistakes/worktrees/edb446952c22/01M1EYV82B3ZA2ZEAH2A2NMK1R/bin/fm-turnend-guard-grok.sh /var/folders/p3/95t2_00n2jl3r2cn79bfn18h0000gp/T//fm-turnend-guard.IpXS2c/hook-secondmate-idle/bin/fm-turnend-guard-grok.sh
++ cp /Users/AI/.no-mistakes/worktrees/edb446952c22/01M1EYV82B3ZA2ZEAH2A2NMK1R/bin/fm-operational-input.sh /var/folders/p3/95t2_00n2jl3r2cn79bfn18h0000gp/T//fm-turnend-guard.IpXS2c/hook-secondmate-idle/bin/fm-operational-input.sh
++ cp /Users/AI/.no-mistakes/worktrees/edb446952c22/01M1EYV82B3ZA2ZEAH2A2NMK1R/bin/fm-supervision-instructions.sh /var/folders/p3/95t2_00n2jl3r2cn79bfn18h0000gp/T//fm-turnend-guard.IpXS2c/hook-secondmate-idle/bin/fm-supervision-instructions.sh
++ cp /Users/AI/.no-mistakes/worktrees/edb446952c22/01M1EYV82B3ZA2ZEAH2A2NMK1R/bin/fm-harness.sh /var/folders/p3/95t2_00n2jl3r2cn79bfn18h0000gp/T//fm-turnend-guard.IpXS2c/hook-secondmate-idle/bin/fm-harness.sh
++ cp /Users/AI/.no-mistakes/worktrees/edb446952c22/01M1EYV82B3ZA2ZEAH2A2NMK1R/bin/fm-primary-scope-lib.sh /var/folders/p3/95t2_00n2jl3r2cn79bfn18h0000gp/T//fm-turnend-guard.IpXS2c/hook-secondmate-idle/bin/fm-primary-scope-lib.sh
++ cp /Users/AI/.no-mistakes/worktrees/edb446952c22/01M1EYV82B3ZA2ZEAH2A2NMK1R/bin/fm-supervision-lib.sh /var/folders/p3/95t2_00n2jl3r2cn79bfn18h0000gp/T//fm-turnend-guard.IpXS2c/hook-secondmate-idle/bin/fm-supervision-lib.sh
++ cp /Users/AI/.no-mistakes/worktrees/edb446952c22/01M1EYV82B3ZA2ZEAH2A2NMK1R/bin/fm-wake-lib.sh /var/folders/p3/95t2_00n2jl3r2cn79bfn18h0000gp/T//fm-turnend-guard.IpXS2c/hook-secondmate-idle/bin/fm-wake-lib.sh
++ cp /Users/AI/.no-mistakes/worktrees/edb446952c22/01M1EYV82B3ZA2ZEAH2A2NMK1R/bin/fm-hook-host-lib.sh /var/folders/p3/95t2_00n2jl3r2cn79bfn18h0000gp/T//fm-turnend-guard.IpXS2c/hook-secondmate-idle/bin/fm-hook-host-lib.sh
++ cp /Users/AI/.no-mistakes/worktrees/edb446952c22/01M1EYV82B3ZA2ZEAH2A2NMK1R/bin/fm-timeout-lib.sh /var/folders/p3/95t2_00n2jl3r2cn79bfn18h0000gp/T//fm-turnend-guard.IpXS2c/hook-secondmate-idle/bin/fm-timeout-lib.sh
++ cp /Users/AI/.no-mistakes/worktrees/edb446952c22/01M1EYV82B3ZA2ZEAH2A2NMK1R/bin/fm-owner-invoke-wait-check.sh /var/folders/p3/95t2_00n2jl3r2cn79bfn18h0000gp/T//fm-turnend-guard.IpXS2c/hook-secondmate-idle/bin/fm-owner-invoke-wait-check.sh
++ mkdir -p /var/folders/p3/95t2_00n2jl3r2cn79bfn18h0000gp/T//fm-turnend-guard.IpXS2c/hook-secondmate-idle/docs
++ cp -R /Users/AI/.no-mistakes/worktrees/edb446952c22/01M1EYV82B3ZA2ZEAH2A2NMK1R/docs/supervision-protocols /var/folders/p3/95t2_00n2jl3r2cn79bfn18h0000gp/T//fm-turnend-guard.IpXS2c/hook-secondmate-idle/docs/supervision-protocols
++ chmod +x /var/folders/p3/95t2_00n2jl3r2cn79bfn18h0000gp/T//fm-turnend-guard.IpXS2c/hook-secondmate-idle/bin/fm-turnend-guard.sh /var/folders/p3/95t2_00n2jl3r2cn79bfn18h0000gp/T//fm-turnend-guard.IpXS2c/hook-secondmate-idle/bin/fm-turnend-guard-grok.sh /var/folders/p3/95t2_00n2jl3r2cn79bfn18h0000gp/T//fm-turnend-guard.IpXS2c/hook-secondmate-idle/bin/fm-operational-input.sh /var/folders/p3/95t2_00n2jl3r2cn79bfn18h0000gp/T//fm-turnend-guard.IpXS2c/hook-secondmate-idle/bin/fm-supervision-instructions.sh /var/folders/p3/95t2_00n2jl3r2cn79bfn18h0000gp/T//fm-turnend-guard.IpXS2c/hook-secondmate-idle/bin/fm-harness.sh /var/folders/p3/95t2_00n2jl3r2cn79bfn18h0000gp/T//fm-turnend-guard.IpXS2c/hook-secondmate-idle/bin/fm-owner-invoke-wait-check.sh
++ printf '%s\n' /var/folders/p3/95t2_00n2jl3r2cn79bfn18h0000gp/T//fm-turnend-guard.IpXS2c/hook-secondmate-idle
++ printf 'sm-test-1\n'
++ printf '%s\n' /var/folders/p3/95t2_00n2jl3r2cn79bfn18h0000gp/T//fm-turnend-guard.IpXS2c/hook-secondmate-idle
+ dir=/var/folders/p3/95t2_00n2jl3r2cn79bfn18h0000gp/T//fm-turnend-guard.IpXS2c/hook-secondmate-idle
++ run_hook /var/folders/p3/95t2_00n2jl3r2cn79bfn18h0000gp/T//fm-turnend-guard.IpXS2c/hook-secondmate-idle false
++ local dir=/var/folders/p3/95t2_00n2jl3r2cn79bfn18h0000gp/T//fm-turnend-guard.IpXS2c/hook-secondmate-idle stop_active=false home
+++ cd /var/folders/p3/95t2_00n2jl3r2cn79bfn18h0000gp/T//fm-turnend-guard.IpXS2c/hook-secondmate-idle
+++ pwd
++ home=/var/folders/p3/95t2_00n2jl3r2cn79bfn18h0000gp/T/fm-turnend-guard.IpXS2c/hook-secondmate-idle
++ printf '{"stop_hook_active":%s}' false
++ CLAUDECODE=1
++ FM_HOME=/var/folders/p3/95t2_00n2jl3r2cn79bfn18h0000gp/T/fm-turnend-guard.IpXS2c/hook-secondmate-idle
++ bash /var/folders/p3/95t2_00n2jl3r2cn79bfn18h0000gp/T//fm-turnend-guard.IpXS2c/hook-secondmate-idle/bin/fm-turnend-guard.sh
+ out=
+ status=0
+ expect_code 0 0 'hook must stay silent in an idle, empty-queue secondmate home'
+ local expected=0 actual=0 'label=hook must stay silent in an idle, empty-queue secondmate home'
+ '[' 0 = 0 ']'
+ '[' -z '' ']'
+ pass 'fm-turnend-guard: idle-by-default - silent in a secondmate home with nothing in flight'
+ printf 'ok - %s\n' 'fm-turnend-guard: idle-by-default - silent in a secondmate home with nothing in flight'
ok - fm-turnend-guard: idle-by-default - silent in a secondmate home with nothing in flight
+ test_hook_secondmate_loop_guard_allows_retry
+ local dir out status
++ make_secondmate_dir /var/folders/p3/95t2_00n2jl3r2cn79bfn18h0000gp/T//fm-turnend-guard.IpXS2c/hook-secondmate-loopguard
++ local dir=/var/folders/p3/95t2_00n2jl3r2cn79bfn18h0000gp/T//fm-turnend-guard.IpXS2c/hook-secondmate-loopguard
++ make_primary_dir /var/folders/p3/95t2_00n2jl3r2cn79bfn18h0000gp/T//fm-turnend-guard.IpXS2c/hook-secondmate-loopguard
++ local dir=/var/folders/p3/95t2_00n2jl3r2cn79bfn18h0000gp/T//fm-turnend-guard.IpXS2c/hook-secondmate-loopguard
++ mkdir -p /var/folders/p3/95t2_00n2jl3r2cn79bfn18h0000gp/T//fm-turnend-guard.IpXS2c/hook-secondmate-loopguard/state
++ git init -q /var/folders/p3/95t2_00n2jl3r2cn79bfn18h0000gp/T//fm-turnend-guard.IpXS2c/hook-secondmate-loopguard
++ git -C /var/folders/p3/95t2_00n2jl3r2cn79bfn18h0000gp/T//fm-turnend-guard.IpXS2c/hook-secondmate-loopguard commit -q --allow-empty -m init
++ :
++ install_guard_scripts /var/folders/p3/95t2_00n2jl3r2cn79bfn18h0000gp/T//fm-turnend-guard.IpXS2c/hook-secondmate-loopguard
++ local dir=/var/folders/p3/95t2_00n2jl3r2cn79bfn18h0000gp/T//fm-turnend-guard.IpXS2c/hook-secondmate-loopguard
++ mkdir -p /var/folders/p3/95t2_00n2jl3r2cn79bfn18h0000gp/T//fm-turnend-guard.IpXS2c/hook-secondmate-loopguard/bin
++ cp /Users/AI/.no-mistakes/worktrees/edb446952c22/01M1EYV82B3ZA2ZEAH2A2NMK1R/bin/fm-turnend-guard.sh /var/folders/p3/95t2_00n2jl3r2cn79bfn18h0000gp/T//fm-turnend-guard.IpXS2c/hook-secondmate-loopguard/bin/fm-turnend-guard.sh
++ cp /Users/AI/.no-mistakes/worktrees/edb446952c22/01M1EYV82B3ZA2ZEAH2A2NMK1R/bin/fm-turnend-guard-grok.sh /var/folders/p3/95t2_00n2jl3r2cn79bfn18h0000gp/T//fm-turnend-guard.IpXS2c/hook-secondmate-loopguard/bin/fm-turnend-guard-grok.sh
++ cp /Users/AI/.no-mistakes/worktrees/edb446952c22/01M1EYV82B3ZA2ZEAH2A2NMK1R/bin/fm-operational-input.sh /var/folders/p3/95t2_00n2jl3r2cn79bfn18h0000gp/T//fm-turnend-guard.IpXS2c/hook-secondmate-loopguard/bin/fm-operational-input.sh
++ cp /Users/AI/.no-mistakes/worktrees/edb446952c22/01M1EYV82B3ZA2ZEAH2A2NMK1R/bin/fm-supervision-instructions.sh /var/folders/p3/95t2_00n2jl3r2cn79bfn18h0000gp/T//fm-turnend-guard.IpXS2c/hook-secondmate-loopguard/bin/fm-supervision-instructions.sh
++ cp /Users/AI/.no-mistakes/worktrees/edb446952c22/01M1EYV82B3ZA2ZEAH2A2NMK1R/bin/fm-harness.sh /var/folders/p3/95t2_00n2jl3r2cn79bfn18h0000gp/T//fm-turnend-guard.IpXS2c/hook-secondmate-loopguard/bin/fm-harness.sh
++ cp /Users/AI/.no-mistakes/worktrees/edb446952c22/01M1EYV82B3ZA2ZEAH2A2NMK1R/bin/fm-primary-scope-lib.sh /var/folders/p3/95t2_00n2jl3r2cn79bfn18h0000gp/T//fm-turnend-guard.IpXS2c/hook-secondmate-loopguard/bin/fm-primary-scope-lib.sh
++ cp /Users/AI/.no-mistakes/worktrees/edb446952c22/01M1EYV82B3ZA2ZEAH2A2NMK1R/bin/fm-supervision-lib.sh /var/folders/p3/95t2_00n2jl3r2cn79bfn18h0000gp/T//fm-turnend-guard.IpXS2c/hook-secondmate-loopguard/bin/fm-supervision-lib.sh
++ cp /Users/AI/.no-mistakes/worktrees/edb446952c22/01M1EYV82B3ZA2ZEAH2A2NMK1R/bin/fm-wake-lib.sh /var/folders/p3/95t2_00n2jl3r2cn79bfn18h0000gp/T//fm-turnend-guard.IpXS2c/hook-secondmate-loopguard/bin/fm-wake-lib.sh
++ cp /Users/AI/.no-mistakes/worktrees/edb446952c22/01M1EYV82B3ZA2ZEAH2A2NMK1R/bin/fm-hook-host-lib.sh /var/folders/p3/95t2_00n2jl3r2cn79bfn18h0000gp/T//fm-turnend-guard.IpXS2c/hook-secondmate-loopguard/bin/fm-hook-host-lib.sh
++ cp /Users/AI/.no-mistakes/worktrees/edb446952c22/01M1EYV82B3ZA2ZEAH2A2NMK1R/bin/fm-timeout-lib.sh /var/folders/p3/95t2_00n2jl3r2cn79bfn18h0000gp/T//fm-turnend-guard.IpXS2c/hook-secondmate-loopguard/bin/fm-timeout-lib.sh
++ cp /Users/AI/.no-mistakes/worktrees/edb446952c22/01M1EYV82B3ZA2ZEAH2A2NMK1R/bin/fm-owner-invoke-wait-check.sh /var/folders/p3/95t2_00n2jl3r2cn79bfn18h0000gp/T//fm-turnend-guard.IpXS2c/hook-secondmate-loopguard/bin/fm-owner-invoke-wait-check.sh
++ mkdir -p /var/folders/p3/95t2_00n2jl3r2cn79bfn18h0000gp/T//fm-turnend-guard.IpXS2c/hook-secondmate-loopguard/docs
++ cp -R /Users/AI/.no-mistakes/worktrees/edb446952c22/01M1EYV82B3ZA2ZEAH2A2NMK1R/docs/supervision-protocols /var/folders/p3/95t2_00n2jl3r2cn79bfn18h0000gp/T//fm-turnend-guard.IpXS2c/hook-secondmate-loopguard/docs/supervision-protocols
++ chmod +x /var/folders/p3/95t2_00n2jl3r2cn79bfn18h0000gp/T//fm-turnend-guard.IpXS2c/hook-secondmate-loopguard/bin/fm-turnend-guard.sh /var/folders/p3/95t2_00n2jl3r2cn79bfn18h0000gp/T//fm-turnend-guard.IpXS2c/hook-secondmate-loopguard/bin/fm-turnend-guard-grok.sh /var/folders/p3/95t2_00n2jl3r2cn79bfn18h0000gp/T//fm-turnend-guard.IpXS2c/hook-secondmate-loopguard/bin/fm-operational-input.sh /var/folders/p3/95t2_00n2jl3r2cn79bfn18h0000gp/T//fm-turnend-guard.IpXS2c/hook-secondmate-loopguard/bin/fm-supervision-instructions.sh /var/folders/p3/95t2_00n2jl3r2cn79bfn18h0000gp/T//fm-turnend-guard.IpXS2c/hook-secondmate-loopguard/bin/fm-harness.sh /var/folders/p3/95t2_00n2jl3r2cn79bfn18h0000gp/T//fm-turnend-guard.IpXS2c/hook-secondmate-loopguard/bin/fm-owner-invoke-wait-check.sh
++ printf '%s\n' /var/folders/p3/95t2_00n2jl3r2cn79bfn18h0000gp/T//fm-turnend-guard.IpXS2c/hook-secondmate-loopguard
++ printf 'sm-test-1\n'
++ printf '%s\n' /var/folders/p3/95t2_00n2jl3r2cn79bfn18h0000gp/T//fm-turnend-guard.IpXS2c/hook-secondmate-loopguard
+ dir=/var/folders/p3/95t2_00n2jl3r2cn79bfn18h0000gp/T//fm-turnend-guard.IpXS2c/hook-secondmate-loopguard
+ :
++ run_hook /var/folders/p3/95t2_00n2jl3r2cn79bfn18h0000gp/T//fm-turnend-guard.IpXS2c/hook-secondmate-loopguard true
++ local dir=/var/folders/p3/95t2_00n2jl3r2cn79bfn18h0000gp/T//fm-turnend-guard.IpXS2c/hook-secondmate-loopguard stop_active=true home
+++ cd /var/folders/p3/95t2_00n2jl3r2cn79bfn18h0000gp/T//fm-turnend-guard.IpXS2c/hook-secondmate-loopguard
+++ pwd
++ home=/var/folders/p3/95t2_00n2jl3r2cn79bfn18h0000gp/T/fm-turnend-guard.IpXS2c/hook-secondmate-loopguard
++ printf '{"stop_hook_active":%s}' true
++ CLAUDECODE=1
++ FM_HOME=/var/folders/p3/95t2_00n2jl3r2cn79bfn18h0000gp/T/fm-turnend-guard.IpXS2c/hook-secondmate-loopguard
++ bash /var/folders/p3/95t2_00n2jl3r2cn79bfn18h0000gp/T//fm-turnend-guard.IpXS2c/hook-secondmate-loopguard/bin/fm-turnend-guard.sh
+ out=
+ status=0
+ expect_code 0 0 'hook must allow the stop in a secondmate home when stop_hook_active is already true'
+ local expected=0 actual=0 'label=hook must allow the stop in a secondmate home when stop_hook_active is already true'
+ '[' 0 = 0 ']'
+ '[' -z '' ']'
+ pass 'fm-turnend-guard: stop_hook_active=true allows the stop in a secondmate home (never blocks twice in one turn)'
+ printf 'ok - %s\n' 'fm-turnend-guard: stop_hook_active=true allows the stop in a secondmate home (never blocks twice in one turn)'
ok - fm-turnend-guard: stop_hook_active=true allows the stop in a secondmate home (never blocks twice in one turn)
+ test_hook_secondmate_reinvoke_recovery_loop
+ local dir pid identity out status
++ make_secondmate_dir /var/folders/p3/95t2_00n2jl3r2cn79bfn18h0000gp/T//fm-turnend-guard.IpXS2c/hook-secondmate-reinvoke
++ local dir=/var/folders/p3/95t2_00n2jl3r2cn79bfn18h0000gp/T//fm-turnend-guard.IpXS2c/hook-secondmate-reinvoke
++ make_primary_dir /var/folders/p3/95t2_00n2jl3r2cn79bfn18h0000gp/T//fm-turnend-guard.IpXS2c/hook-secondmate-reinvoke
++ local dir=/var/folders/p3/95t2_00n2jl3r2cn79bfn18h0000gp/T//fm-turnend-guard.IpXS2c/hook-secondmate-reinvoke
++ mkdir -p /var/folders/p3/95t2_00n2jl3r2cn79bfn18h0000gp/T//fm-turnend-guard.IpXS2c/hook-secondmate-reinvoke/state
++ git init -q /var/folders/p3/95t2_00n2jl3r2cn79bfn18h0000gp/T//fm-turnend-guard.IpXS2c/hook-secondmate-reinvoke
++ git -C /var/folders/p3/95t2_00n2jl3r2cn79bfn18h0000gp/T//fm-turnend-guard.IpXS2c/hook-secondmate-reinvoke commit -q --allow-empty -m init
++ :
++ install_guard_scripts /var/folders/p3/95t2_00n2jl3r2cn79bfn18h0000gp/T//fm-turnend-guard.IpXS2c/hook-secondmate-reinvoke
++ local dir=/var/folders/p3/95t2_00n2jl3r2cn79bfn18h0000gp/T//fm-turnend-guard.IpXS2c/hook-secondmate-reinvoke
++ mkdir -p /var/folders/p3/95t2_00n2jl3r2cn79bfn18h0000gp/T//fm-turnend-guard.IpXS2c/hook-secondmate-reinvoke/bin
++ cp /Users/AI/.no-mistakes/worktrees/edb446952c22/01M1EYV82B3ZA2ZEAH2A2NMK1R/bin/fm-turnend-guard.sh /var/folders/p3/95t2_00n2jl3r2cn79bfn18h0000gp/T//fm-turnend-guard.IpXS2c/hook-secondmate-reinvoke/bin/fm-turnend-guard.sh
++ cp /Users/AI/.no-mistakes/worktrees/edb446952c22/01M1EYV82B3ZA2ZEAH2A2NMK1R/bin/fm-turnend-guard-grok.sh /var/folders/p3/95t2_00n2jl3r2cn79bfn18h0000gp/T//fm-turnend-guard.IpXS2c/hook-secondmate-reinvoke/bin/fm-turnend-guard-grok.sh
++ cp /Users/AI/.no-mistakes/worktrees/edb446952c22/01M1EYV82B3ZA2ZEAH2A2NMK1R/bin/fm-operational-input.sh /var/folders/p3/95t2_00n2jl3r2cn79bfn18h0000gp/T//fm-turnend-guard.IpXS2c/hook-secondmate-reinvoke/bin/fm-operational-input.sh
++ cp /Users/AI/.no-mistakes/worktrees/edb446952c22/01M1EYV82B3ZA2ZEAH2A2NMK1R/bin/fm-supervision-instructions.sh /var/folders/p3/95t2_00n2jl3r2cn79bfn18h0000gp/T//fm-turnend-guard.IpXS2c/hook-secondmate-reinvoke/bin/fm-supervision-instructions.sh
++ cp /Users/AI/.no-mistakes/worktrees/edb446952c22/01M1EYV82B3ZA2ZEAH2A2NMK1R/bin/fm-harness.sh /var/folders/p3/95t2_00n2jl3r2cn79bfn18h0000gp/T//fm-turnend-guard.IpXS2c/hook-secondmate-reinvoke/bin/fm-harness.sh
++ cp /Users/AI/.no-mistakes/worktrees/edb446952c22/01M1EYV82B3ZA2ZEAH2A2NMK1R/bin/fm-primary-scope-lib.sh /var/folders/p3/95t2_00n2jl3r2cn79bfn18h0000gp/T//fm-turnend-guard.IpXS2c/hook-secondmate-reinvoke/bin/fm-primary-scope-lib.sh
++ cp /Users/AI/.no-mistakes/worktrees/edb446952c22/01M1EYV82B3ZA2ZEAH2A2NMK1R/bin/fm-supervision-lib.sh /var/folders/p3/95t2_00n2jl3r2cn79bfn18h0000gp/T//fm-turnend-guard.IpXS2c/hook-secondmate-reinvoke/bin/fm-supervision-lib.sh
++ cp /Users/AI/.no-mistakes/worktrees/edb446952c22/01M1EYV82B3ZA2ZEAH2A2NMK1R/bin/fm-wake-lib.sh /var/folders/p3/95t2_00n2jl3r2cn79bfn18h0000gp/T//fm-turnend-guard.IpXS2c/hook-secondmate-reinvoke/bin/fm-wake-lib.sh
++ cp /Users/AI/.no-mistakes/worktrees/edb446952c22/01M1EYV82B3ZA2ZEAH2A2NMK1R/bin/fm-hook-host-lib.sh /var/folders/p3/95t2_00n2jl3r2cn79bfn18h0000gp/T//fm-turnend-guard.IpXS2c/hook-secondmate-reinvoke/bin/fm-hook-host-lib.sh
++ cp /Users/AI/.no-mistakes/worktrees/edb446952c22/01M1EYV82B3ZA2ZEAH2A2NMK1R/bin/fm-timeout-lib.sh /var/folders/p3/95t2_00n2jl3r2cn79bfn18h0000gp/T//fm-turnend-guard.IpXS2c/hook-secondmate-reinvoke/bin/fm-timeout-lib.sh
++ cp /Users/AI/.no-mistakes/worktrees/edb446952c22/01M1EYV82B3ZA2ZEAH2A2NMK1R/bin/fm-owner-invoke-wait-check.sh /var/folders/p3/95t2_00n2jl3r2cn79bfn18h0000gp/T//fm-turnend-guard.IpXS2c/hook-secondmate-reinvoke/bin/fm-owner-invoke-wait-check.sh
++ mkdir -p /var/folders/p3/95t2_00n2jl3r2cn79bfn18h0000gp/T//fm-turnend-guard.IpXS2c/hook-secondmate-reinvoke/docs
++ cp -R /Users/AI/.no-mistakes/worktrees/edb446952c22/01M1EYV82B3ZA2ZEAH2A2NMK1R/docs/supervision-protocols /var/folders/p3/95t2_00n2jl3r2cn79bfn18h0000gp/T//fm-turnend-guard.IpXS2c/hook-secondmate-reinvoke/docs/supervision-protocols
++ chmod +x /var/folders/p3/95t2_00n2jl3r2cn79bfn18h0000gp/T//fm-turnend-guard.IpXS2c/hook-secondmate-reinvoke/bin/fm-turnend-guard.sh /var/folders/p3/95t2_00n2jl3r2cn79bfn18h0000gp/T//fm-turnend-guard.IpXS2c/hook-secondmate-reinvoke/bin/fm-turnend-guard-grok.sh /var/folders/p3/95t2_00n2jl3r2cn79bfn18h0000gp/T//fm-turnend-guard.IpXS2c/hook-secondmate-reinvoke/bin/fm-operational-input.sh /var/folders/p3/95t2_00n2jl3r2cn79bfn18h0000gp/T//fm-turnend-guard.IpXS2c/hook-secondmate-reinvoke/bin/fm-supervision-instructions.sh /var/folders/p3/95t2_00n2jl3r2cn79bfn18h0000gp/T//fm-turnend-guard.IpXS2c/hook-secondmate-reinvoke/bin/fm-harness.sh /var/folders/p3/95t2_00n2jl3r2cn79bfn18h0000gp/T//fm-turnend-guard.IpXS2c/hook-secondmate-reinvoke/bin/fm-owner-invoke-wait-check.sh
++ printf '%s\n' /var/folders/p3/95t2_00n2jl3r2cn79bfn18h0000gp/T//fm-turnend-guard.IpXS2c/hook-secondmate-reinvoke
++ printf 'sm-test-1\n'
++ printf '%s\n' /var/folders/p3/95t2_00n2jl3r2cn79bfn18h0000gp/T//fm-turnend-guard.IpXS2c/hook-secondmate-reinvoke
+ dir=/var/folders/p3/95t2_00n2jl3r2cn79bfn18h0000gp/T//fm-turnend-guard.IpXS2c/hook-secondmate-reinvoke
+ :
+ pid=24812
+ sleep 60
++ watcher_identity /var/folders/p3/95t2_00n2jl3r2cn79bfn18h0000gp/T//fm-turnend-guard.IpXS2c/hook-secondmate-reinvoke 24812
++ local dir=/var/folders/p3/95t2_00n2jl3r2cn79bfn18h0000gp/T//fm-turnend-guard.IpXS2c/hook-secondmate-reinvoke pid=24812
++ FM_STATE_OVERRIDE=/var/folders/p3/95t2_00n2jl3r2cn79bfn18h0000gp/T//fm-turnend-guard.IpXS2c/hook-secondmate-reinvoke/state
++ bash -c '. "$1"; fm_pid_identity "$2"' _ /var/folders/p3/95t2_00n2jl3r2cn79bfn18h0000gp/T//fm-turnend-guard.IpXS2c/hook-secondmate-reinvoke/bin/fm-wake-lib.sh 24812
+ identity='Wed Sep  2 01:11:21 2026     sleep 60'
+ record_watcher_lock /var/folders/p3/95t2_00n2jl3r2cn79bfn18h0000gp/T//fm-turnend-guard.IpXS2c/hook-secondmate-reinvoke 24812 'Wed Sep  2 01:11:21 2026     sleep 60'
+ local dir=/var/folders/p3/95t2_00n2jl3r2cn79bfn18h0000gp/T//fm-turnend-guard.IpXS2c/hook-secondmate-reinvoke pid=24812 'identity=Wed Sep  2 01:11:21 2026     sleep 60' root bin_dir
++ cd /var/folders/p3/95t2_00n2jl3r2cn79bfn18h0000gp/T//fm-turnend-guard.IpXS2c/hook-secondmate-reinvoke
++ pwd
+ root=/var/folders/p3/95t2_00n2jl3r2cn79bfn18h0000gp/T/fm-turnend-guard.IpXS2c/hook-secondmate-reinvoke
++ cd /var/folders/p3/95t2_00n2jl3r2cn79bfn18h0000gp/T//fm-turnend-guard.IpXS2c/hook-secondmate-reinvoke/bin
++ pwd
+ bin_dir=/var/folders/p3/95t2_00n2jl3r2cn79bfn18h0000gp/T/fm-turnend-guard.IpXS2c/hook-secondmate-reinvoke/bin
+ mkdir -p /var/folders/p3/95t2_00n2jl3r2cn79bfn18h0000gp/T//fm-turnend-guard.IpXS2c/hook-secondmate-reinvoke/state/.watch.lock
+ printf '%s\n' 24812
+ printf '%s\n' /var/folders/p3/95t2_00n2jl3r2cn79bfn18h0000gp/T/fm-turnend-guard.IpXS2c/hook-secondmate-reinvoke
+ printf '%s\n' /var/folders/p3/95t2_00n2jl3r2cn79bfn18h0000gp/T/fm-turnend-guard.IpXS2c/hook-secondmate-reinvoke/bin/fm-watch.sh
+ printf '%s\n' 'Wed Sep  2 01:11:21 2026     sleep 60'
+ touch /var/folders/p3/95t2_00n2jl3r2cn79bfn18h0000gp/T//fm-turnend-guard.IpXS2c/hook-secondmate-reinvoke/state/.last-watcher-beat
++ run_hook /var/folders/p3/95t2_00n2jl3r2cn79bfn18h0000gp/T//fm-turnend-guard.IpXS2c/hook-secondmate-reinvoke false
++ local dir=/var/folders/p3/95t2_00n2jl3r2cn79bfn18h0000gp/T//fm-turnend-guard.IpXS2c/hook-secondmate-reinvoke stop_active=false home
+++ cd /var/folders/p3/95t2_00n2jl3r2cn79bfn18h0000gp/T//fm-turnend-guard.IpXS2c/hook-secondmate-reinvoke
+++ pwd
++ home=/var/folders/p3/95t2_00n2jl3r2cn79bfn18h0000gp/T/fm-turnend-guard.IpXS2c/hook-secondmate-reinvoke
++ printf '{"stop_hook_active":%s}' false
++ CLAUDECODE=1
++ FM_HOME=/var/folders/p3/95t2_00n2jl3r2cn79bfn18h0000gp/T/fm-turnend-guard.IpXS2c/hook-secondmate-reinvoke
++ bash /var/folders/p3/95t2_00n2jl3r2cn79bfn18h0000gp/T//fm-turnend-guard.IpXS2c/hook-secondmate-reinvoke/bin/fm-turnend-guard.sh
+ out=
+ status=0
+ expect_code 0 0 'secondmate turn must end silently while its watcher is live (Stop #1)'
+ local expected=0 actual=0 'label=secondmate turn must end silently while its watcher is live (Stop #1)'
+ '[' 0 = 0 ']'
+ '[' -z '' ']'
+ kill 24812
+ wait 24812
+ true
+ rm -rf /var/folders/p3/95t2_00n2jl3r2cn79bfn18h0000gp/T//fm-turnend-guard.IpXS2c/hook-secondmate-reinvoke/state/.watch.lock
+ :
+ touch /var/folders/p3/95t2_00n2jl3r2cn79bfn18h0000gp/T//fm-turnend-guard.IpXS2c/hook-secondmate-reinvoke/state/.last-watcher-beat
++ run_hook /var/folders/p3/95t2_00n2jl3r2cn79bfn18h0000gp/T//fm-turnend-guard.IpXS2c/hook-secondmate-reinvoke false
++ local dir=/var/folders/p3/95t2_00n2jl3r2cn79bfn18h0000gp/T//fm-turnend-guard.IpXS2c/hook-secondmate-reinvoke stop_active=false home
+++ cd /var/folders/p3/95t2_00n2jl3r2cn79bfn18h0000gp/T//fm-turnend-guard.IpXS2c/hook-secondmate-reinvoke
+++ pwd
++ home=/var/folders/p3/95t2_00n2jl3r2cn79bfn18h0000gp/T/fm-turnend-guard.IpXS2c/hook-secondmate-reinvoke
++ printf '{"stop_hook_active":%s}' false
++ CLAUDECODE=1
++ FM_HOME=/var/folders/p3/95t2_00n2jl3r2cn79bfn18h0000gp/T/fm-turnend-guard.IpXS2c/hook-secondmate-reinvoke
++ bash /var/folders/p3/95t2_00n2jl3r2cn79bfn18h0000gp/T//fm-turnend-guard.IpXS2c/hook-secondmate-reinvoke/bin/fm-turnend-guard.sh
+ out='●━━━━━━━━━━━━━━━━━━━━━━━━━━━━━━━━━━━━━━━━━━━━━━━━━━━━━━━━━━━━━━━━━━━━━━━
●  TURN WOULD END BLIND - SUPERVISION IS OFF
●  2 task(s) in flight, but no live watcher holds this home lock (last beat: 0s ago).
●  watcher supervision needs Stop-owned automatic recovery; inspect the hook registration and startup status before ending the turn.
●━━━━━━━━━━━━━━━━━━━━━━━━━━━━━━━━━━━━━━━━━━━━━━━━━━━━━━━━━━━━━━━━━━━━━━━'
+ status=2
+ expect_code 2 2 'secondmate recovery turn must not end blind after the watcher exits (Stop #2)'
+ local expected=2 actual=2 'label=secondmate recovery turn must not end blind after the watcher exits (Stop #2)'
+ '[' 2 = 2 ']'
+ assert_contains '●━━━━━━━━━━━━━━━━━━━━━━━━━━━━━━━━━━━━━━━━━━━━━━━━━━━━━━━━━━━━━━━━━━━━━━━
●  TURN WOULD END BLIND - SUPERVISION IS OFF
●  2 task(s) in flight, but no live watcher holds this home lock (last beat: 0s ago).
●  watcher supervision needs Stop-owned automatic recovery; inspect the hook registration and startup status before ending the turn.
●━━━━━━━━━━━━━━━━━━━━━━━━━━━━━━━━━━━━━━━━━━━━━━━━━━━━━━━━━━━━━━━━━━━━━━━' 'watcher supervision needs Stop-owned automatic recovery; inspect the hook registration and startup status before ending the turn' 'block reason must contain the exact required instruction'
+ case "$1" in
+ :
+ pass 'fm-turnend-guard: secondmate deferred-death recovery - silent while watched, forces re-arm once the watcher exits'
+ printf 'ok - %s\n' 'fm-turnend-guard: secondmate deferred-death recovery - silent while watched, forces re-arm once the watcher exits'
ok - fm-turnend-guard: secondmate deferred-death recovery - silent while watched, forces re-arm once the watcher exits
+ test_hook_silent_in_secondmate_child_worktree
+ local home dir out status
++ make_secondmate_dir /var/folders/p3/95t2_00n2jl3r2cn79bfn18h0000gp/T//fm-turnend-guard.IpXS2c/hook-sm-child-home
++ local dir=/var/folders/p3/95t2_00n2jl3r2cn79bfn18h0000gp/T//fm-turnend-guard.IpXS2c/hook-sm-child-home
++ make_primary_dir /var/folders/p3/95t2_00n2jl3r2cn79bfn18h0000gp/T//fm-turnend-guard.IpXS2c/hook-sm-child-home
++ local dir=/var/folders/p3/95t2_00n2jl3r2cn79bfn18h0000gp/T//fm-turnend-guard.IpXS2c/hook-sm-child-home
++ mkdir -p /var/folders/p3/95t2_00n2jl3r2cn79bfn18h0000gp/T//fm-turnend-guard.IpXS2c/hook-sm-child-home/state
++ git init -q /var/folders/p3/95t2_00n2jl3r2cn79bfn18h0000gp/T//fm-turnend-guard.IpXS2c/hook-sm-child-home
++ git -C /var/folders/p3/95t2_00n2jl3r2cn79bfn18h0000gp/T//fm-turnend-guard.IpXS2c/hook-sm-child-home commit -q --allow-empty -m init
++ :
++ install_guard_scripts /var/folders/p3/95t2_00n2jl3r2cn79bfn18h0000gp/T//fm-turnend-guard.IpXS2c/hook-sm-child-home
++ local dir=/var/folders/p3/95t2_00n2jl3r2cn79bfn18h0000gp/T//fm-turnend-guard.IpXS2c/hook-sm-child-home
++ mkdir -p /var/folders/p3/95t2_00n2jl3r2cn79bfn18h0000gp/T//fm-turnend-guard.IpXS2c/hook-sm-child-home/bin
++ cp /Users/AI/.no-mistakes/worktrees/edb446952c22/01M1EYV82B3ZA2ZEAH2A2NMK1R/bin/fm-turnend-guard.sh /var/folders/p3/95t2_00n2jl3r2cn79bfn18h0000gp/T//fm-turnend-guard.IpXS2c/hook-sm-child-home/bin/fm-turnend-guard.sh
++ cp /Users/AI/.no-mistakes/worktrees/edb446952c22/01M1EYV82B3ZA2ZEAH2A2NMK1R/bin/fm-turnend-guard-grok.sh /var/folders/p3/95t2_00n2jl3r2cn79bfn18h0000gp/T//fm-turnend-guard.IpXS2c/hook-sm-child-home/bin/fm-turnend-guard-grok.sh
++ cp /Users/AI/.no-mistakes/worktrees/edb446952c22/01M1EYV82B3ZA2ZEAH2A2NMK1R/bin/fm-operational-input.sh /var/folders/p3/95t2_00n2jl3r2cn79bfn18h0000gp/T//fm-turnend-guard.IpXS2c/hook-sm-child-home/bin/fm-operational-input.sh
++ cp /Users/AI/.no-mistakes/worktrees/edb446952c22/01M1EYV82B3ZA2ZEAH2A2NMK1R/bin/fm-supervision-instructions.sh /var/folders/p3/95t2_00n2jl3r2cn79bfn18h0000gp/T//fm-turnend-guard.IpXS2c/hook-sm-child-home/bin/fm-supervision-instructions.sh
++ cp /Users/AI/.no-mistakes/worktrees/edb446952c22/01M1EYV82B3ZA2ZEAH2A2NMK1R/bin/fm-harness.sh /var/folders/p3/95t2_00n2jl3r2cn79bfn18h0000gp/T//fm-turnend-guard.IpXS2c/hook-sm-child-home/bin/fm-harness.sh
++ cp /Users/AI/.no-mistakes/worktrees/edb446952c22/01M1EYV82B3ZA2ZEAH2A2NMK1R/bin/fm-primary-scope-lib.sh /var/folders/p3/95t2_00n2jl3r2cn79bfn18h0000gp/T//fm-turnend-guard.IpXS2c/hook-sm-child-home/bin/fm-primary-scope-lib.sh
++ cp /Users/AI/.no-mistakes/worktrees/edb446952c22/01M1EYV82B3ZA2ZEAH2A2NMK1R/bin/fm-supervision-lib.sh /var/folders/p3/95t2_00n2jl3r2cn79bfn18h0000gp/T//fm-turnend-guard.IpXS2c/hook-sm-child-home/bin/fm-supervision-lib.sh
++ cp /Users/AI/.no-mistakes/worktrees/edb446952c22/01M1EYV82B3ZA2ZEAH2A2NMK1R/bin/fm-wake-lib.sh /var/folders/p3/95t2_00n2jl3r2cn79bfn18h0000gp/T//fm-turnend-guard.IpXS2c/hook-sm-child-home/bin/fm-wake-lib.sh
++ cp /Users/AI/.no-mistakes/worktrees/edb446952c22/01M1EYV82B3ZA2ZEAH2A2NMK1R/bin/fm-hook-host-lib.sh /var/folders/p3/95t2_00n2jl3r2cn79bfn18h0000gp/T//fm-turnend-guard.IpXS2c/hook-sm-child-home/bin/fm-hook-host-lib.sh
++ cp /Users/AI/.no-mistakes/worktrees/edb446952c22/01M1EYV82B3ZA2ZEAH2A2NMK1R/bin/fm-timeout-lib.sh /var/folders/p3/95t2_00n2jl3r2cn79bfn18h0000gp/T//fm-turnend-guard.IpXS2c/hook-sm-child-home/bin/fm-timeout-lib.sh
++ cp /Users/AI/.no-mistakes/worktrees/edb446952c22/01M1EYV82B3ZA2ZEAH2A2NMK1R/bin/fm-owner-invoke-wait-check.sh /var/folders/p3/95t2_00n2jl3r2cn79bfn18h0000gp/T//fm-turnend-guard.IpXS2c/hook-sm-child-home/bin/fm-owner-invoke-wait-check.sh
++ mkdir -p /var/folders/p3/95t2_00n2jl3r2cn79bfn18h0000gp/T//fm-turnend-guard.IpXS2c/hook-sm-child-home/docs
++ cp -R /Users/AI/.no-mistakes/worktrees/edb446952c22/01M1EYV82B3ZA2ZEAH2A2NMK1R/docs/supervision-protocols /var/folders/p3/95t2_00n2jl3r2cn79bfn18h0000gp/T//fm-turnend-guard.IpXS2c/hook-sm-child-home/docs/supervision-protocols
++ chmod +x /var/folders/p3/95t2_00n2jl3r2cn79bfn18h0000gp/T//fm-turnend-guard.IpXS2c/hook-sm-child-home/bin/fm-turnend-guard.sh /var/folders/p3/95t2_00n2jl3r2cn79bfn18h0000gp/T//fm-turnend-guard.IpXS2c/hook-sm-child-home/bin/fm-turnend-guard-grok.sh /var/folders/p3/95t2_00n2jl3r2cn79bfn18h0000gp/T//fm-turnend-guard.IpXS2c/hook-sm-child-home/bin/fm-operational-input.sh /var/folders/p3/95t2_00n2jl3r2cn79bfn18h0000gp/T//fm-turnend-guard.IpXS2c/hook-sm-child-home/bin/fm-supervision-instructions.sh /var/folders/p3/95t2_00n2jl3r2cn79bfn18h0000gp/T//fm-turnend-guard.IpXS2c/hook-sm-child-home/bin/fm-harness.sh /var/folders/p3/95t2_00n2jl3r2cn79bfn18h0000gp/T//fm-turnend-guard.IpXS2c/hook-sm-child-home/bin/fm-owner-invoke-wait-check.sh
++ printf '%s\n' /var/folders/p3/95t2_00n2jl3r2cn79bfn18h0000gp/T//fm-turnend-guard.IpXS2c/hook-sm-child-home
++ printf 'sm-test-1\n'
++ printf '%s\n' /var/folders/p3/95t2_00n2jl3r2cn79bfn18h0000gp/T//fm-turnend-guard.IpXS2c/hook-sm-child-home
+ home=/var/folders/p3/95t2_00n2jl3r2cn79bfn18h0000gp/T//fm-turnend-guard.IpXS2c/hook-sm-child-home
+ dir=/var/folders/p3/95t2_00n2jl3r2cn79bfn18h0000gp/T//fm-turnend-guard.IpXS2c/hook-sm-child-wt
+ make_secondmate_child_worktree_dir /var/folders/p3/95t2_00n2jl3r2cn79bfn18h0000gp/T//fm-turnend-guard.IpXS2c/hook-sm-child-home /var/folders/p3/95t2_00n2jl3r2cn79bfn18h0000gp/T//fm-turnend-guard.IpXS2c/hook-sm-child-wt
+ local home=/var/folders/p3/95t2_00n2jl3r2cn79bfn18h0000gp/T//fm-turnend-guard.IpXS2c/hook-sm-child-home dir=/var/folders/p3/95t2_00n2jl3r2cn79bfn18h0000gp/T//fm-turnend-guard.IpXS2c/hook-sm-child-wt
+ git -C /var/folders/p3/95t2_00n2jl3r2cn79bfn18h0000gp/T//fm-turnend-guard.IpXS2c/hook-sm-child-home worktree add --quiet -b fm/turnend-secondmate-child /var/folders/p3/95t2_00n2jl3r2cn79bfn18h0000gp/T//fm-turnend-guard.IpXS2c/hook-sm-child-wt
+ mkdir -p /var/folders/p3/95t2_00n2jl3r2cn79bfn18h0000gp/T//fm-turnend-guard.IpXS2c/hook-sm-child-wt/state
+ :
+ install_guard_scripts /var/folders/p3/95t2_00n2jl3r2cn79bfn18h0000gp/T//fm-turnend-guard.IpXS2c/hook-sm-child-wt
+ local dir=/var/folders/p3/95t2_00n2jl3r2cn79bfn18h0000gp/T//fm-turnend-guard.IpXS2c/hook-sm-child-wt
+ mkdir -p /var/folders/p3/95t2_00n2jl3r2cn79bfn18h0000gp/T//fm-turnend-guard.IpXS2c/hook-sm-child-wt/bin
+ cp /Users/AI/.no-mistakes/worktrees/edb446952c22/01M1EYV82B3ZA2ZEAH2A2NMK1R/bin/fm-turnend-guard.sh /var/folders/p3/95t2_00n2jl3r2cn79bfn18h0000gp/T//fm-turnend-guard.IpXS2c/hook-sm-child-wt/bin/fm-turnend-guard.sh
+ cp /Users/AI/.no-mistakes/worktrees/edb446952c22/01M1EYV82B3ZA2ZEAH2A2NMK1R/bin/fm-turnend-guard-grok.sh /var/folders/p3/95t2_00n2jl3r2cn79bfn18h0000gp/T//fm-turnend-guard.IpXS2c/hook-sm-child-wt/bin/fm-turnend-guard-grok.sh
+ cp /Users/AI/.no-mistakes/worktrees/edb446952c22/01M1EYV82B3ZA2ZEAH2A2NMK1R/bin/fm-operational-input.sh /var/folders/p3/95t2_00n2jl3r2cn79bfn18h0000gp/T//fm-turnend-guard.IpXS2c/hook-sm-child-wt/bin/fm-operational-input.sh
+ cp /Users/AI/.no-mistakes/worktrees/edb446952c22/01M1EYV82B3ZA2ZEAH2A2NMK1R/bin/fm-supervision-instructions.sh /var/folders/p3/95t2_00n2jl3r2cn79bfn18h0000gp/T//fm-turnend-guard.IpXS2c/hook-sm-child-wt/bin/fm-supervision-instructions.sh
+ cp /Users/AI/.no-mistakes/worktrees/edb446952c22/01M1EYV82B3ZA2ZEAH2A2NMK1R/bin/fm-harness.sh /var/folders/p3/95t2_00n2jl3r2cn79bfn18h0000gp/T//fm-turnend-guard.IpXS2c/hook-sm-child-wt/bin/fm-harness.sh
+ cp /Users/AI/.no-mistakes/worktrees/edb446952c22/01M1EYV82B3ZA2ZEAH2A2NMK1R/bin/fm-primary-scope-lib.sh /var/folders/p3/95t2_00n2jl3r2cn79bfn18h0000gp/T//fm-turnend-guard.IpXS2c/hook-sm-child-wt/bin/fm-primary-scope-lib.sh
+ cp /Users/AI/.no-mistakes/worktrees/edb446952c22/01M1EYV82B3ZA2ZEAH2A2NMK1R/bin/fm-supervision-lib.sh /var/folders/p3/95t2_00n2jl3r2cn79bfn18h0000gp/T//fm-turnend-guard.IpXS2c/hook-sm-child-wt/bin/fm-supervision-lib.sh
+ cp /Users/AI/.no-mistakes/worktrees/edb446952c22/01M1EYV82B3ZA2ZEAH2A2NMK1R/bin/fm-wake-lib.sh /var/folders/p3/95t2_00n2jl3r2cn79bfn18h0000gp/T//fm-turnend-guard.IpXS2c/hook-sm-child-wt/bin/fm-wake-lib.sh
+ cp /Users/AI/.no-mistakes/worktrees/edb446952c22/01M1EYV82B3ZA2ZEAH2A2NMK1R/bin/fm-hook-host-lib.sh /var/folders/p3/95t2_00n2jl3r2cn79bfn18h0000gp/T//fm-turnend-guard.IpXS2c/hook-sm-child-wt/bin/fm-hook-host-lib.sh
+ cp /Users/AI/.no-mistakes/worktrees/edb446952c22/01M1EYV82B3ZA2ZEAH2A2NMK1R/bin/fm-timeout-lib.sh /var/folders/p3/95t2_00n2jl3r2cn79bfn18h0000gp/T//fm-turnend-guard.IpXS2c/hook-sm-child-wt/bin/fm-timeout-lib.sh
+ cp /Users/AI/.no-mistakes/worktrees/edb446952c22/01M1EYV82B3ZA2ZEAH2A2NMK1R/bin/fm-owner-invoke-wait-check.sh /var/folders/p3/95t2_00n2jl3r2cn79bfn18h0000gp/T//fm-turnend-guard.IpXS2c/hook-sm-child-wt/bin/fm-owner-invoke-wait-check.sh
+ mkdir -p /var/folders/p3/95t2_00n2jl3r2cn79bfn18h0000gp/T//fm-turnend-guard.IpXS2c/hook-sm-child-wt/docs
+ cp -R /Users/AI/.no-mistakes/worktrees/edb446952c22/01M1EYV82B3ZA2ZEAH2A2NMK1R/docs/supervision-protocols /var/folders/p3/95t2_00n2jl3r2cn79bfn18h0000gp/T//fm-turnend-guard.IpXS2c/hook-sm-child-wt/docs/supervision-protocols
+ chmod +x /var/folders/p3/95t2_00n2jl3r2cn79bfn18h0000gp/T//fm-turnend-guard.IpXS2c/hook-sm-child-wt/bin/fm-turnend-guard.sh /var/folders/p3/95t2_00n2jl3r2cn79bfn18h0000gp/T//fm-turnend-guard.IpXS2c/hook-sm-child-wt/bin/fm-turnend-guard-grok.sh /var/folders/p3/95t2_00n2jl3r2cn79bfn18h0000gp/T//fm-turnend-guard.IpXS2c/hook-sm-child-wt/bin/fm-operational-input.sh /var/folders/p3/95t2_00n2jl3r2cn79bfn18h0000gp/T//fm-turnend-guard.IpXS2c/hook-sm-child-wt/bin/fm-supervision-instructions.sh /var/folders/p3/95t2_00n2jl3r2cn79bfn18h0000gp/T//fm-turnend-guard.IpXS2c/hook-sm-child-wt/bin/fm-harness.sh /var/folders/p3/95t2_00n2jl3r2cn79bfn18h0000gp/T//fm-turnend-guard.IpXS2c/hook-sm-child-wt/bin/fm-owner-invoke-wait-check.sh
+ printf '%s\n' /var/folders/p3/95t2_00n2jl3r2cn79bfn18h0000gp/T//fm-turnend-guard.IpXS2c/hook-sm-child-wt
+ :
++ run_hook /var/folders/p3/95t2_00n2jl3r2cn79bfn18h0000gp/T//fm-turnend-guard.IpXS2c/hook-sm-child-wt false
++ local dir=/var/folders/p3/95t2_00n2jl3r2cn79bfn18h0000gp/T//fm-turnend-guard.IpXS2c/hook-sm-child-wt stop_active=false home
+++ cd /var/folders/p3/95t2_00n2jl3r2cn79bfn18h0000gp/T//fm-turnend-guard.IpXS2c/hook-sm-child-wt
+++ pwd
++ home=/var/folders/p3/95t2_00n2jl3r2cn79bfn18h0000gp/T/fm-turnend-guard.IpXS2c/hook-sm-child-wt
++ printf '{"stop_hook_active":%s}' false
++ CLAUDECODE=1
++ FM_HOME=/var/folders/p3/95t2_00n2jl3r2cn79bfn18h0000gp/T/fm-turnend-guard.IpXS2c/hook-sm-child-wt
++ bash /var/folders/p3/95t2_00n2jl3r2cn79bfn18h0000gp/T//fm-turnend-guard.IpXS2c/hook-sm-child-wt/bin/fm-turnend-guard.sh
+ out=
+ status=0
+ expect_code 0 0 'hook must stay exempt in a secondmate'\''s own child crew/scout worktree'
+ local expected=0 actual=0 'label=hook must stay exempt in a secondmate'\''s own child crew/scout worktree'
+ '[' 0 = 0 ']'
+ '[' -z '' ']'
+ pass 'fm-turnend-guard: inert in a secondmate'\''s own child worktree (linked git worktree) even when unhealthy'
+ printf 'ok - %s\n' 'fm-turnend-guard: inert in a secondmate'\''s own child worktree (linked git worktree) even when unhealthy'
ok - fm-turnend-guard: inert in a secondmate's own child worktree (linked git worktree) even when unhealthy
+ test_hook_blocks_in_treehouse_leased_secondmate_home
+ local base dir gd gcd out status
+ base=/var/folders/p3/95t2_00n2jl3r2cn79bfn18h0000gp/T//fm-turnend-guard.IpXS2c/hook-sm-leased-base
+ dir=/var/folders/p3/95t2_00n2jl3r2cn79bfn18h0000gp/T//fm-turnend-guard.IpXS2c/hook-sm-leased-home
+ make_secondmate_linked_home_dir /var/folders/p3/95t2_00n2jl3r2cn79bfn18h0000gp/T//fm-turnend-guard.IpXS2c/hook-sm-leased-base /var/folders/p3/95t2_00n2jl3r2cn79bfn18h0000gp/T//fm-turnend-guard.IpXS2c/hook-sm-leased-home
+ local base=/var/folders/p3/95t2_00n2jl3r2cn79bfn18h0000gp/T//fm-turnend-guard.IpXS2c/hook-sm-leased-base dir=/var/folders/p3/95t2_00n2jl3r2cn79bfn18h0000gp/T//fm-turnend-guard.IpXS2c/hook-sm-leased-home
+ fm_git_worktree /var/folders/p3/95t2_00n2jl3r2cn79bfn18h0000gp/T//fm-turnend-guard.IpXS2c/hook-sm-leased-base /var/folders/p3/95t2_00n2jl3r2cn79bfn18h0000gp/T//fm-turnend-guard.IpXS2c/hook-sm-leased-home fm/turnend-secondmate-linked-home
+ local repo=/var/folders/p3/95t2_00n2jl3r2cn79bfn18h0000gp/T//fm-turnend-guard.IpXS2c/hook-sm-leased-base worktree=/var/folders/p3/95t2_00n2jl3r2cn79bfn18h0000gp/T//fm-turnend-guard.IpXS2c/hook-sm-leased-home branch=fm/turnend-secondmate-linked-home
+ fm_git_init_commit /var/folders/p3/95t2_00n2jl3r2cn79bfn18h0000gp/T//fm-turnend-guard.IpXS2c/hook-sm-leased-base
+ local dir=/var/folders/p3/95t2_00n2jl3r2cn79bfn18h0000gp/T//fm-turnend-guard.IpXS2c/hook-sm-leased-base
+ mkdir -p /var/folders/p3/95t2_00n2jl3r2cn79bfn18h0000gp/T//fm-turnend-guard.IpXS2c/hook-sm-leased-base
+ git -C /var/folders/p3/95t2_00n2jl3r2cn79bfn18h0000gp/T//fm-turnend-guard.IpXS2c/hook-sm-leased-base init -q
++ basename /var/folders/p3/95t2_00n2jl3r2cn79bfn18h0000gp/T//fm-turnend-guard.IpXS2c/hook-sm-leased-base
+ printf '# %s\n' hook-sm-leased-base
+ git -C /var/folders/p3/95t2_00n2jl3r2cn79bfn18h0000gp/T//fm-turnend-guard.IpXS2c/hook-sm-leased-base add README.md
+ git -C /var/folders/p3/95t2_00n2jl3r2cn79bfn18h0000gp/T//fm-turnend-guard.IpXS2c/hook-sm-leased-base -c 'user.name=Firstmate Tests' -c user.email=tests@example.invalid commit -qm initial
+ fm_git_add_origin /var/folders/p3/95t2_00n2jl3r2cn79bfn18h0000gp/T//fm-turnend-guard.IpXS2c/hook-sm-leased-base /var/folders/p3/95t2_00n2jl3r2cn79bfn18h0000gp/T//fm-turnend-guard.IpXS2c/hook-sm-leased-base.origin.git
+ local repo=/var/folders/p3/95t2_00n2jl3r2cn79bfn18h0000gp/T//fm-turnend-guard.IpXS2c/hook-sm-leased-base remote=/var/folders/p3/95t2_00n2jl3r2cn79bfn18h0000gp/T//fm-turnend-guard.IpXS2c/hook-sm-leased-base.origin.git remote_abs
+ git clone --quiet --bare /var/folders/p3/95t2_00n2jl3r2cn79bfn18h0000gp/T//fm-turnend-guard.IpXS2c/hook-sm-leased-base /var/folders/p3/95t2_00n2jl3r2cn79bfn18h0000gp/T//fm-turnend-guard.IpXS2c/hook-sm-leased-base.origin.git
++ cd /var/folders/p3/95t2_00n2jl3r2cn79bfn18h0000gp/T//fm-turnend-guard.IpXS2c/hook-sm-leased-base.origin.git
++ pwd
+ remote_abs=/var/folders/p3/95t2_00n2jl3r2cn79bfn18h0000gp/T/fm-turnend-guard.IpXS2c/hook-sm-leased-base.origin.git
+ git -C /var/folders/p3/95t2_00n2jl3r2cn79bfn18h0000gp/T//fm-turnend-guard.IpXS2c/hook-sm-leased-base remote add origin file:///var/folders/p3/95t2_00n2jl3r2cn79bfn18h0000gp/T/fm-turnend-guard.IpXS2c/hook-sm-leased-base.origin.git
+ git -C /var/folders/p3/95t2_00n2jl3r2cn79bfn18h0000gp/T//fm-turnend-guard.IpXS2c/hook-sm-leased-base worktree add --quiet -b fm/turnend-secondmate-linked-home /var/folders/p3/95t2_00n2jl3r2cn79bfn18h0000gp/T//fm-turnend-guard.IpXS2c/hook-sm-leased-home
+ mkdir -p /var/folders/p3/95t2_00n2jl3r2cn79bfn18h0000gp/T//fm-turnend-guard.IpXS2c/hook-sm-leased-home/state
+ :
+ install_guard_scripts /var/folders/p3/95t2_00n2jl3r2cn79bfn18h0000gp/T//fm-turnend-guard.IpXS2c/hook-sm-leased-home
+ local dir=/var/folders/p3/95t2_00n2jl3r2cn79bfn18h0000gp/T//fm-turnend-guard.IpXS2c/hook-sm-leased-home
+ mkdir -p /var/folders/p3/95t2_00n2jl3r2cn79bfn18h0000gp/T//fm-turnend-guard.IpXS2c/hook-sm-leased-home/bin
+ cp /Users/AI/.no-mistakes/worktrees/edb446952c22/01M1EYV82B3ZA2ZEAH2A2NMK1R/bin/fm-turnend-guard.sh /var/folders/p3/95t2_00n2jl3r2cn79bfn18h0000gp/T//fm-turnend-guard.IpXS2c/hook-sm-leased-home/bin/fm-turnend-guard.sh
+ cp /Users/AI/.no-mistakes/worktrees/edb446952c22/01M1EYV82B3ZA2ZEAH2A2NMK1R/bin/fm-turnend-guard-grok.sh /var/folders/p3/95t2_00n2jl3r2cn79bfn18h0000gp/T//fm-turnend-guard.IpXS2c/hook-sm-leased-home/bin/fm-turnend-guard-grok.sh
+ cp /Users/AI/.no-mistakes/worktrees/edb446952c22/01M1EYV82B3ZA2ZEAH2A2NMK1R/bin/fm-operational-input.sh /var/folders/p3/95t2_00n2jl3r2cn79bfn18h0000gp/T//fm-turnend-guard.IpXS2c/hook-sm-leased-home/bin/fm-operational-input.sh
+ cp /Users/AI/.no-mistakes/worktrees/edb446952c22/01M1EYV82B3ZA2ZEAH2A2NMK1R/bin/fm-supervision-instructions.sh /var/folders/p3/95t2_00n2jl3r2cn79bfn18h0000gp/T//fm-turnend-guard.IpXS2c/hook-sm-leased-home/bin/fm-supervision-instructions.sh
+ cp /Users/AI/.no-mistakes/worktrees/edb446952c22/01M1EYV82B3ZA2ZEAH2A2NMK1R/bin/fm-harness.sh /var/folders/p3/95t2_00n2jl3r2cn79bfn18h0000gp/T//fm-turnend-guard.IpXS2c/hook-sm-leased-home/bin/fm-harness.sh
+ cp /Users/AI/.no-mistakes/worktrees/edb446952c22/01M1EYV82B3ZA2ZEAH2A2NMK1R/bin/fm-primary-scope-lib.sh /var/folders/p3/95t2_00n2jl3r2cn79bfn18h0000gp/T//fm-turnend-guard.IpXS2c/hook-sm-leased-home/bin/fm-primary-scope-lib.sh
+ cp /Users/AI/.no-mistakes/worktrees/edb446952c22/01M1EYV82B3ZA2ZEAH2A2NMK1R/bin/fm-supervision-lib.sh /var/folders/p3/95t2_00n2jl3r2cn79bfn18h0000gp/T//fm-turnend-guard.IpXS2c/hook-sm-leased-home/bin/fm-supervision-lib.sh
+ cp /Users/AI/.no-mistakes/worktrees/edb446952c22/01M1EYV82B3ZA2ZEAH2A2NMK1R/bin/fm-wake-lib.sh /var/folders/p3/95t2_00n2jl3r2cn79bfn18h0000gp/T//fm-turnend-guard.IpXS2c/hook-sm-leased-home/bin/fm-wake-lib.sh
+ cp /Users/AI/.no-mistakes/worktrees/edb446952c22/01M1EYV82B3ZA2ZEAH2A2NMK1R/bin/fm-hook-host-lib.sh /var/folders/p3/95t2_00n2jl3r2cn79bfn18h0000gp/T//fm-turnend-guard.IpXS2c/hook-sm-leased-home/bin/fm-hook-host-lib.sh
+ cp /Users/AI/.no-mistakes/worktrees/edb446952c22/01M1EYV82B3ZA2ZEAH2A2NMK1R/bin/fm-timeout-lib.sh /var/folders/p3/95t2_00n2jl3r2cn79bfn18h0000gp/T//fm-turnend-guard.IpXS2c/hook-sm-leased-home/bin/fm-timeout-lib.sh
+ cp /Users/AI/.no-mistakes/worktrees/edb446952c22/01M1EYV82B3ZA2ZEAH2A2NMK1R/bin/fm-owner-invoke-wait-check.sh /var/folders/p3/95t2_00n2jl3r2cn79bfn18h0000gp/T//fm-turnend-guard.IpXS2c/hook-sm-leased-home/bin/fm-owner-invoke-wait-check.sh
+ mkdir -p /var/folders/p3/95t2_00n2jl3r2cn79bfn18h0000gp/T//fm-turnend-guard.IpXS2c/hook-sm-leased-home/docs
+ cp -R /Users/AI/.no-mistakes/worktrees/edb446952c22/01M1EYV82B3ZA2ZEAH2A2NMK1R/docs/supervision-protocols /var/folders/p3/95t2_00n2jl3r2cn79bfn18h0000gp/T//fm-turnend-guard.IpXS2c/hook-sm-leased-home/docs/supervision-protocols
+ chmod +x /var/folders/p3/95t2_00n2jl3r2cn79bfn18h0000gp/T//fm-turnend-guard.IpXS2c/hook-sm-leased-home/bin/fm-turnend-guard.sh /var/folders/p3/95t2_00n2jl3r2cn79bfn18h0000gp/T//fm-turnend-guard.IpXS2c/hook-sm-leased-home/bin/fm-turnend-guard-grok.sh /var/folders/p3/95t2_00n2jl3r2cn79bfn18h0000gp/T//fm-turnend-guard.IpXS2c/hook-sm-leased-home/bin/fm-operational-input.sh /var/folders/p3/95t2_00n2jl3r2cn79bfn18h0000gp/T//fm-turnend-guard.IpXS2c/hook-sm-leased-home/bin/fm-supervision-instructions.sh /var/folders/p3/95t2_00n2jl3r2cn79bfn18h0000gp/T//fm-turnend-guard.IpXS2c/hook-sm-leased-home/bin/fm-harness.sh /var/folders/p3/95t2_00n2jl3r2cn79bfn18h0000gp/T//fm-turnend-guard.IpXS2c/hook-sm-leased-home/bin/fm-owner-invoke-wait-check.sh
+ printf 'sm-linked-1\n'
+ printf '%s\n' /var/folders/p3/95t2_00n2jl3r2cn79bfn18h0000gp/T//fm-turnend-guard.IpXS2c/hook-sm-leased-home
++ git -C /var/folders/p3/95t2_00n2jl3r2cn79bfn18h0000gp/T//fm-turnend-guard.IpXS2c/hook-sm-leased-home rev-parse --git-dir
+ gd=/private/var/folders/p3/95t2_00n2jl3r2cn79bfn18h0000gp/T/fm-turnend-guard.IpXS2c/hook-sm-leased-base/.git/worktrees/hook-sm-leased-home
++ git -C /var/folders/p3/95t2_00n2jl3r2cn79bfn18h0000gp/T//fm-turnend-guard.IpXS2c/hook-sm-leased-home rev-parse --git-common-dir
+ gcd=/private/var/folders/p3/95t2_00n2jl3r2cn79bfn18h0000gp/T/fm-turnend-guard.IpXS2c/hook-sm-leased-base/.git
+ '[' /private/var/folders/p3/95t2_00n2jl3r2cn79bfn18h0000gp/T/fm-turnend-guard.IpXS2c/hook-sm-leased-base/.git/worktrees/hook-sm-leased-home '!=' /private/var/folders/p3/95t2_00n2jl3r2cn79bfn18h0000gp/T/fm-turnend-guard.IpXS2c/hook-sm-leased-base/.git ']'
+ :
++ run_hook /var/folders/p3/95t2_00n2jl3r2cn79bfn18h0000gp/T//fm-turnend-guard.IpXS2c/hook-sm-leased-home false
++ local dir=/var/folders/p3/95t2_00n2jl3r2cn79bfn18h0000gp/T//fm-turnend-guard.IpXS2c/hook-sm-leased-home stop_active=false home
+++ cd /var/folders/p3/95t2_00n2jl3r2cn79bfn18h0000gp/T//fm-turnend-guard.IpXS2c/hook-sm-leased-home
+++ pwd
++ home=/var/folders/p3/95t2_00n2jl3r2cn79bfn18h0000gp/T/fm-turnend-guard.IpXS2c/hook-sm-leased-home
++ printf '{"stop_hook_active":%s}' false
++ CLAUDECODE=1
++ FM_HOME=/var/folders/p3/95t2_00n2jl3r2cn79bfn18h0000gp/T/fm-turnend-guard.IpXS2c/hook-sm-leased-home
++ bash /var/folders/p3/95t2_00n2jl3r2cn79bfn18h0000gp/T//fm-turnend-guard.IpXS2c/hook-sm-leased-home/bin/fm-turnend-guard.sh
+ out='●━━━━━━━━━━━━━━━━━━━━━━━━━━━━━━━━━━━━━━━━━━━━━━━━━━━━━━━━━━━━━━━━━━━━━━━
●  TURN WOULD END BLIND - SUPERVISION IS OFF
●  1 task(s) in flight, but no live watcher holds this home lock (last beat: never).
●  watcher supervision needs Stop-owned automatic recovery; inspect the hook registration and startup status before ending the turn.
●━━━━━━━━━━━━━━━━━━━━━━━━━━━━━━━━━━━━━━━━━━━━━━━━━━━━━━━━━━━━━━━━━━━━━━━'
+ status=2
+ expect_code 2 2 'hook must GUARD a treehouse-leased (linked) secondmate home via its marker when unhealthy'
+ local expected=2 actual=2 'label=hook must GUARD a treehouse-leased (linked) secondmate home via its marker when unhealthy'
+ '[' 2 = 2 ']'
+ assert_contains '●━━━━━━━━━━━━━━━━━━━━━━━━━━━━━━━━━━━━━━━━━━━━━━━━━━━━━━━━━━━━━━━━━━━━━━━
●  TURN WOULD END BLIND - SUPERVISION IS OFF
●  1 task(s) in flight, but no live watcher holds this home lock (last beat: never).
●  watcher supervision needs Stop-owned automatic recovery; inspect the hook registration and startup status before ending the turn.
●━━━━━━━━━━━━━━━━━━━━━━━━━━━━━━━━━━━━━━━━━━━━━━━━━━━━━━━━━━━━━━━━━━━━━━━' 'watcher supervision needs Stop-owned automatic recovery; inspect the hook registration and startup status before ending the turn' 'block reason must contain the exact required instruction'
+ case "$1" in
+ :
+ assert_contains '●━━━━━━━━━━━━━━━━━━━━━━━━━━━━━━━━━━━━━━━━━━━━━━━━━━━━━━━━━━━━━━━━━━━━━━━
●  TURN WOULD END BLIND - SUPERVISION IS OFF
●  1 task(s) in flight, but no live watcher holds this home lock (last beat: never).
●  watcher supervision needs Stop-owned automatic recovery; inspect the hook registration and startup status before ending the turn.
●━━━━━━━━━━━━━━━━━━━━━━━━━━━━━━━━━━━━━━━━━━━━━━━━━━━━━━━━━━━━━━━━━━━━━━━' 'TURN WOULD END BLIND' 'block banner must read as an alarm'
+ case "$1" in
+ :
+ pass 'fm-turnend-guard: blocks a blind turn end in a treehouse-leased LINKED secondmate home (marker force-include)'
+ printf 'ok - %s\n' 'fm-turnend-guard: blocks a blind turn end in a treehouse-leased LINKED secondmate home (marker force-include)'
ok - fm-turnend-guard: blocks a blind turn end in a treehouse-leased LINKED secondmate home (marker force-include)
+ test_hook_exempts_linked_worktree_with_stray_marker
+ local base dir out status
+ base=/var/folders/p3/95t2_00n2jl3r2cn79bfn18h0000gp/T//fm-turnend-guard.IpXS2c/hook-stray-marker-base
+ dir=/var/folders/p3/95t2_00n2jl3r2cn79bfn18h0000gp/T//fm-turnend-guard.IpXS2c/hook-stray-marker-wt
+ make_crewmate_worktree_dir /var/folders/p3/95t2_00n2jl3r2cn79bfn18h0000gp/T//fm-turnend-guard.IpXS2c/hook-stray-marker-base /var/folders/p3/95t2_00n2jl3r2cn79bfn18h0000gp/T//fm-turnend-guard.IpXS2c/hook-stray-marker-wt
+ local base=/var/folders/p3/95t2_00n2jl3r2cn79bfn18h0000gp/T//fm-turnend-guard.IpXS2c/hook-stray-marker-base dir=/var/folders/p3/95t2_00n2jl3r2cn79bfn18h0000gp/T//fm-turnend-guard.IpXS2c/hook-stray-marker-wt
+ fm_git_worktree /var/folders/p3/95t2_00n2jl3r2cn79bfn18h0000gp/T//fm-turnend-guard.IpXS2c/hook-stray-marker-base /var/folders/p3/95t2_00n2jl3r2cn79bfn18h0000gp/T//fm-turnend-guard.IpXS2c/hook-stray-marker-wt fm/turnend-guard-test-branch
+ local repo=/var/folders/p3/95t2_00n2jl3r2cn79bfn18h0000gp/T//fm-turnend-guard.IpXS2c/hook-stray-marker-base worktree=/var/folders/p3/95t2_00n2jl3r2cn79bfn18h0000gp/T//fm-turnend-guard.IpXS2c/hook-stray-marker-wt branch=fm/turnend-guard-test-branch
+ fm_git_init_commit /var/folders/p3/95t2_00n2jl3r2cn79bfn18h0000gp/T//fm-turnend-guard.IpXS2c/hook-stray-marker-base
+ local dir=/var/folders/p3/95t2_00n2jl3r2cn79bfn18h0000gp/T//fm-turnend-guard.IpXS2c/hook-stray-marker-base
+ mkdir -p /var/folders/p3/95t2_00n2jl3r2cn79bfn18h0000gp/T//fm-turnend-guard.IpXS2c/hook-stray-marker-base
+ git -C /var/folders/p3/95t2_00n2jl3r2cn79bfn18h0000gp/T//fm-turnend-guard.IpXS2c/hook-stray-marker-base init -q
++ basename /var/folders/p3/95t2_00n2jl3r2cn79bfn18h0000gp/T//fm-turnend-guard.IpXS2c/hook-stray-marker-base
+ printf '# %s\n' hook-stray-marker-base
+ git -C /var/folders/p3/95t2_00n2jl3r2cn79bfn18h0000gp/T//fm-turnend-guard.IpXS2c/hook-stray-marker-base add README.md
+ git -C /var/folders/p3/95t2_00n2jl3r2cn79bfn18h0000gp/T//fm-turnend-guard.IpXS2c/hook-stray-marker-base -c 'user.name=Firstmate Tests' -c user.email=tests@example.invalid commit -qm initial
+ fm_git_add_origin /var/folders/p3/95t2_00n2jl3r2cn79bfn18h0000gp/T//fm-turnend-guard.IpXS2c/hook-stray-marker-base /var/folders/p3/95t2_00n2jl3r2cn79bfn18h0000gp/T//fm-turnend-guard.IpXS2c/hook-stray-marker-base.origin.git
+ local repo=/var/folders/p3/95t2_00n2jl3r2cn79bfn18h0000gp/T//fm-turnend-guard.IpXS2c/hook-stray-marker-base remote=/var/folders/p3/95t2_00n2jl3r2cn79bfn18h0000gp/T//fm-turnend-guard.IpXS2c/hook-stray-marker-base.origin.git remote_abs
+ git clone --quiet --bare /var/folders/p3/95t2_00n2jl3r2cn79bfn18h0000gp/T//fm-turnend-guard.IpXS2c/hook-stray-marker-base /var/folders/p3/95t2_00n2jl3r2cn79bfn18h0000gp/T//fm-turnend-guard.IpXS2c/hook-stray-marker-base.origin.git
++ cd /var/folders/p3/95t2_00n2jl3r2cn79bfn18h0000gp/T//fm-turnend-guard.IpXS2c/hook-stray-marker-base.origin.git
++ pwd
+ remote_abs=/var/folders/p3/95t2_00n2jl3r2cn79bfn18h0000gp/T/fm-turnend-guard.IpXS2c/hook-stray-marker-base.origin.git
+ git -C /var/folders/p3/95t2_00n2jl3r2cn79bfn18h0000gp/T//fm-turnend-guard.IpXS2c/hook-stray-marker-base remote add origin file:///var/folders/p3/95t2_00n2jl3r2cn79bfn18h0000gp/T/fm-turnend-guard.IpXS2c/hook-stray-marker-base.origin.git
+ git -C /var/folders/p3/95t2_00n2jl3r2cn79bfn18h0000gp/T//fm-turnend-guard.IpXS2c/hook-stray-marker-base worktree add --quiet -b fm/turnend-guard-test-branch /var/folders/p3/95t2_00n2jl3r2cn79bfn18h0000gp/T//fm-turnend-guard.IpXS2c/hook-stray-marker-wt
+ mkdir -p /var/folders/p3/95t2_00n2jl3r2cn79bfn18h0000gp/T//fm-turnend-guard.IpXS2c/hook-stray-marker-wt/state
+ :
+ install_guard_scripts /var/folders/p3/95t2_00n2jl3r2cn79bfn18h0000gp/T//fm-turnend-guard.IpXS2c/hook-stray-marker-wt
+ local dir=/var/folders/p3/95t2_00n2jl3r2cn79bfn18h0000gp/T//fm-turnend-guard.IpXS2c/hook-stray-marker-wt
+ mkdir -p /var/folders/p3/95t2_00n2jl3r2cn79bfn18h0000gp/T//fm-turnend-guard.IpXS2c/hook-stray-marker-wt/bin
+ cp /Users/AI/.no-mistakes/worktrees/edb446952c22/01M1EYV82B3ZA2ZEAH2A2NMK1R/bin/fm-turnend-guard.sh /var/folders/p3/95t2_00n2jl3r2cn79bfn18h0000gp/T//fm-turnend-guard.IpXS2c/hook-stray-marker-wt/bin/fm-turnend-guard.sh
+ cp /Users/AI/.no-mistakes/worktrees/edb446952c22/01M1EYV82B3ZA2ZEAH2A2NMK1R/bin/fm-turnend-guard-grok.sh /var/folders/p3/95t2_00n2jl3r2cn79bfn18h0000gp/T//fm-turnend-guard.IpXS2c/hook-stray-marker-wt/bin/fm-turnend-guard-grok.sh
+ cp /Users/AI/.no-mistakes/worktrees/edb446952c22/01M1EYV82B3ZA2ZEAH2A2NMK1R/bin/fm-operational-input.sh /var/folders/p3/95t2_00n2jl3r2cn79bfn18h0000gp/T//fm-turnend-guard.IpXS2c/hook-stray-marker-wt/bin/fm-operational-input.sh
+ cp /Users/AI/.no-mistakes/worktrees/edb446952c22/01M1EYV82B3ZA2ZEAH2A2NMK1R/bin/fm-supervision-instructions.sh /var/folders/p3/95t2_00n2jl3r2cn79bfn18h0000gp/T//fm-turnend-guard.IpXS2c/hook-stray-marker-wt/bin/fm-supervision-instructions.sh
+ cp /Users/AI/.no-mistakes/worktrees/edb446952c22/01M1EYV82B3ZA2ZEAH2A2NMK1R/bin/fm-harness.sh /var/folders/p3/95t2_00n2jl3r2cn79bfn18h0000gp/T//fm-turnend-guard.IpXS2c/hook-stray-marker-wt/bin/fm-harness.sh
+ cp /Users/AI/.no-mistakes/worktrees/edb446952c22/01M1EYV82B3ZA2ZEAH2A2NMK1R/bin/fm-primary-scope-lib.sh /var/folders/p3/95t2_00n2jl3r2cn79bfn18h0000gp/T//fm-turnend-guard.IpXS2c/hook-stray-marker-wt/bin/fm-primary-scope-lib.sh
+ cp /Users/AI/.no-mistakes/worktrees/edb446952c22/01M1EYV82B3ZA2ZEAH2A2NMK1R/bin/fm-supervision-lib.sh /var/folders/p3/95t2_00n2jl3r2cn79bfn18h0000gp/T//fm-turnend-guard.IpXS2c/hook-stray-marker-wt/bin/fm-supervision-lib.sh
+ cp /Users/AI/.no-mistakes/worktrees/edb446952c22/01M1EYV82B3ZA2ZEAH2A2NMK1R/bin/fm-wake-lib.sh /var/folders/p3/95t2_00n2jl3r2cn79bfn18h0000gp/T//fm-turnend-guard.IpXS2c/hook-stray-marker-wt/bin/fm-wake-lib.sh
+ cp /Users/AI/.no-mistakes/worktrees/edb446952c22/01M1EYV82B3ZA2ZEAH2A2NMK1R/bin/fm-hook-host-lib.sh /var/folders/p3/95t2_00n2jl3r2cn79bfn18h0000gp/T//fm-turnend-guard.IpXS2c/hook-stray-marker-wt/bin/fm-hook-host-lib.sh
+ cp /Users/AI/.no-mistakes/worktrees/edb446952c22/01M1EYV82B3ZA2ZEAH2A2NMK1R/bin/fm-timeout-lib.sh /var/folders/p3/95t2_00n2jl3r2cn79bfn18h0000gp/T//fm-turnend-guard.IpXS2c/hook-stray-marker-wt/bin/fm-timeout-lib.sh
+ cp /Users/AI/.no-mistakes/worktrees/edb446952c22/01M1EYV82B3ZA2ZEAH2A2NMK1R/bin/fm-owner-invoke-wait-check.sh /var/folders/p3/95t2_00n2jl3r2cn79bfn18h0000gp/T//fm-turnend-guard.IpXS2c/hook-stray-marker-wt/bin/fm-owner-invoke-wait-check.sh
+ mkdir -p /var/folders/p3/95t2_00n2jl3r2cn79bfn18h0000gp/T//fm-turnend-guard.IpXS2c/hook-stray-marker-wt/docs
+ cp -R /Users/AI/.no-mistakes/worktrees/edb446952c22/01M1EYV82B3ZA2ZEAH2A2NMK1R/docs/supervision-protocols /var/folders/p3/95t2_00n2jl3r2cn79bfn18h0000gp/T//fm-turnend-guard.IpXS2c/hook-stray-marker-wt/docs/supervision-protocols
+ chmod +x /var/folders/p3/95t2_00n2jl3r2cn79bfn18h0000gp/T//fm-turnend-guard.IpXS2c/hook-stray-marker-wt/bin/fm-turnend-guard.sh /var/folders/p3/95t2_00n2jl3r2cn79bfn18h0000gp/T//fm-turnend-guard.IpXS2c/hook-stray-marker-wt/bin/fm-turnend-guard-grok.sh /var/folders/p3/95t2_00n2jl3r2cn79bfn18h0000gp/T//fm-turnend-guard.IpXS2c/hook-stray-marker-wt/bin/fm-operational-input.sh /var/folders/p3/95t2_00n2jl3r2cn79bfn18h0000gp/T//fm-turnend-guard.IpXS2c/hook-stray-marker-wt/bin/fm-supervision-instructions.sh /var/folders/p3/95t2_00n2jl3r2cn79bfn18h0000gp/T//fm-turnend-guard.IpXS2c/hook-stray-marker-wt/bin/fm-harness.sh /var/folders/p3/95t2_00n2jl3r2cn79bfn18h0000gp/T//fm-turnend-guard.IpXS2c/hook-stray-marker-wt/bin/fm-owner-invoke-wait-check.sh
+ printf '%s\n' /var/folders/p3/95t2_00n2jl3r2cn79bfn18h0000gp/T//fm-turnend-guard.IpXS2c/hook-stray-marker-wt
+ :
+ :
++ run_hook /var/folders/p3/95t2_00n2jl3r2cn79bfn18h0000gp/T//fm-turnend-guard.IpXS2c/hook-stray-marker-wt false
++ local dir=/var/folders/p3/95t2_00n2jl3r2cn79bfn18h0000gp/T//fm-turnend-guard.IpXS2c/hook-stray-marker-wt stop_active=false home
+++ cd /var/folders/p3/95t2_00n2jl3r2cn79bfn18h0000gp/T//fm-turnend-guard.IpXS2c/hook-stray-marker-wt
+++ pwd
++ home=/var/folders/p3/95t2_00n2jl3r2cn79bfn18h0000gp/T/fm-turnend-guard.IpXS2c/hook-stray-marker-wt
++ printf '{"stop_hook_active":%s}' false
++ CLAUDECODE=1
++ FM_HOME=/var/folders/p3/95t2_00n2jl3r2cn79bfn18h0000gp/T/fm-turnend-guard.IpXS2c/hook-stray-marker-wt
++ bash /var/folders/p3/95t2_00n2jl3r2cn79bfn18h0000gp/T//fm-turnend-guard.IpXS2c/hook-stray-marker-wt/bin/fm-turnend-guard.sh
+ out=
+ status=0
+ expect_code 0 0 'an empty/invalid marker must not spoof force-inclusion in a linked worktree'
+ local expected=0 actual=0 'label=an empty/invalid marker must not spoof force-inclusion in a linked worktree'
+ '[' 0 = 0 ']'
+ '[' -z '' ']'
+ pass 'fm-turnend-guard: an invalid (empty) marker cannot spoof inclusion; linked worktree stays exempt'
+ printf 'ok - %s\n' 'fm-turnend-guard: an invalid (empty) marker cannot spoof inclusion; linked worktree stays exempt'
ok - fm-turnend-guard: an invalid (empty) marker cannot spoof inclusion; linked worktree stays exempt
+ test_hook_exempts_linked_worktree_with_non_ascii_marker
+ local base dir out status
+ base=/var/folders/p3/95t2_00n2jl3r2cn79bfn18h0000gp/T//fm-turnend-guard.IpXS2c/hook-nonascii-marker-base
+ dir=/var/folders/p3/95t2_00n2jl3r2cn79bfn18h0000gp/T//fm-turnend-guard.IpXS2c/hook-nonascii-marker-wt
+ make_crewmate_worktree_dir /var/folders/p3/95t2_00n2jl3r2cn79bfn18h0000gp/T//fm-turnend-guard.IpXS2c/hook-nonascii-marker-base /var/folders/p3/95t2_00n2jl3r2cn79bfn18h0000gp/T//fm-turnend-guard.IpXS2c/hook-nonascii-marker-wt
+ local base=/var/folders/p3/95t2_00n2jl3r2cn79bfn18h0000gp/T//fm-turnend-guard.IpXS2c/hook-nonascii-marker-base dir=/var/folders/p3/95t2_00n2jl3r2cn79bfn18h0000gp/T//fm-turnend-guard.IpXS2c/hook-nonascii-marker-wt
+ fm_git_worktree /var/folders/p3/95t2_00n2jl3r2cn79bfn18h0000gp/T//fm-turnend-guard.IpXS2c/hook-nonascii-marker-base /var/folders/p3/95t2_00n2jl3r2cn79bfn18h0000gp/T//fm-turnend-guard.IpXS2c/hook-nonascii-marker-wt fm/turnend-guard-test-branch
+ local repo=/var/folders/p3/95t2_00n2jl3r2cn79bfn18h0000gp/T//fm-turnend-guard.IpXS2c/hook-nonascii-marker-base worktree=/var/folders/p3/95t2_00n2jl3r2cn79bfn18h0000gp/T//fm-turnend-guard.IpXS2c/hook-nonascii-marker-wt branch=fm/turnend-guard-test-branch
+ fm_git_init_commit /var/folders/p3/95t2_00n2jl3r2cn79bfn18h0000gp/T//fm-turnend-guard.IpXS2c/hook-nonascii-marker-base
+ local dir=/var/folders/p3/95t2_00n2jl3r2cn79bfn18h0000gp/T//fm-turnend-guard.IpXS2c/hook-nonascii-marker-base
+ mkdir -p /var/folders/p3/95t2_00n2jl3r2cn79bfn18h0000gp/T//fm-turnend-guard.IpXS2c/hook-nonascii-marker-base
+ git -C /var/folders/p3/95t2_00n2jl3r2cn79bfn18h0000gp/T//fm-turnend-guard.IpXS2c/hook-nonascii-marker-base init -q
++ basename /var/folders/p3/95t2_00n2jl3r2cn79bfn18h0000gp/T//fm-turnend-guard.IpXS2c/hook-nonascii-marker-base
+ printf '# %s\n' hook-nonascii-marker-base
+ git -C /var/folders/p3/95t2_00n2jl3r2cn79bfn18h0000gp/T//fm-turnend-guard.IpXS2c/hook-nonascii-marker-base add README.md
+ git -C /var/folders/p3/95t2_00n2jl3r2cn79bfn18h0000gp/T//fm-turnend-guard.IpXS2c/hook-nonascii-marker-base -c 'user.name=Firstmate Tests' -c user.email=tests@example.invalid commit -qm initial
+ fm_git_add_origin /var/folders/p3/95t2_00n2jl3r2cn79bfn18h0000gp/T//fm-turnend-guard.IpXS2c/hook-nonascii-marker-base /var/folders/p3/95t2_00n2jl3r2cn79bfn18h0000gp/T//fm-turnend-guard.IpXS2c/hook-nonascii-marker-base.origin.git
+ local repo=/var/folders/p3/95t2_00n2jl3r2cn79bfn18h0000gp/T//fm-turnend-guard.IpXS2c/hook-nonascii-marker-base remote=/var/folders/p3/95t2_00n2jl3r2cn79bfn18h0000gp/T//fm-turnend-guard.IpXS2c/hook-nonascii-marker-base.origin.git remote_abs
+ git clone --quiet --bare /var/folders/p3/95t2_00n2jl3r2cn79bfn18h0000gp/T//fm-turnend-guard.IpXS2c/hook-nonascii-marker-base /var/folders/p3/95t2_00n2jl3r2cn79bfn18h0000gp/T//fm-turnend-guard.IpXS2c/hook-nonascii-marker-base.origin.git
++ cd /var/folders/p3/95t2_00n2jl3r2cn79bfn18h0000gp/T//fm-turnend-guard.IpXS2c/hook-nonascii-marker-base.origin.git
++ pwd
+ remote_abs=/var/folders/p3/95t2_00n2jl3r2cn79bfn18h0000gp/T/fm-turnend-guard.IpXS2c/hook-nonascii-marker-base.origin.git
+ git -C /var/folders/p3/95t2_00n2jl3r2cn79bfn18h0000gp/T//fm-turnend-guard.IpXS2c/hook-nonascii-marker-base remote add origin file:///var/folders/p3/95t2_00n2jl3r2cn79bfn18h0000gp/T/fm-turnend-guard.IpXS2c/hook-nonascii-marker-base.origin.git
+ git -C /var/folders/p3/95t2_00n2jl3r2cn79bfn18h0000gp/T//fm-turnend-guard.IpXS2c/hook-nonascii-marker-base worktree add --quiet -b fm/turnend-guard-test-branch /var/folders/p3/95t2_00n2jl3r2cn79bfn18h0000gp/T//fm-turnend-guard.IpXS2c/hook-nonascii-marker-wt
+ mkdir -p /var/folders/p3/95t2_00n2jl3r2cn79bfn18h0000gp/T//fm-turnend-guard.IpXS2c/hook-nonascii-marker-wt/state
+ :
+ install_guard_scripts /var/folders/p3/95t2_00n2jl3r2cn79bfn18h0000gp/T//fm-turnend-guard.IpXS2c/hook-nonascii-marker-wt
+ local dir=/var/folders/p3/95t2_00n2jl3r2cn79bfn18h0000gp/T//fm-turnend-guard.IpXS2c/hook-nonascii-marker-wt
+ mkdir -p /var/folders/p3/95t2_00n2jl3r2cn79bfn18h0000gp/T//fm-turnend-guard.IpXS2c/hook-nonascii-marker-wt/bin
+ cp /Users/AI/.no-mistakes/worktrees/edb446952c22/01M1EYV82B3ZA2ZEAH2A2NMK1R/bin/fm-turnend-guard.sh /var/folders/p3/95t2_00n2jl3r2cn79bfn18h0000gp/T//fm-turnend-guard.IpXS2c/hook-nonascii-marker-wt/bin/fm-turnend-guard.sh
+ cp /Users/AI/.no-mistakes/worktrees/edb446952c22/01M1EYV82B3ZA2ZEAH2A2NMK1R/bin/fm-turnend-guard-grok.sh /var/folders/p3/95t2_00n2jl3r2cn79bfn18h0000gp/T//fm-turnend-guard.IpXS2c/hook-nonascii-marker-wt/bin/fm-turnend-guard-grok.sh
+ cp /Users/AI/.no-mistakes/worktrees/edb446952c22/01M1EYV82B3ZA2ZEAH2A2NMK1R/bin/fm-operational-input.sh /var/folders/p3/95t2_00n2jl3r2cn79bfn18h0000gp/T//fm-turnend-guard.IpXS2c/hook-nonascii-marker-wt/bin/fm-operational-input.sh
+ cp /Users/AI/.no-mistakes/worktrees/edb446952c22/01M1EYV82B3ZA2ZEAH2A2NMK1R/bin/fm-supervision-instructions.sh /var/folders/p3/95t2_00n2jl3r2cn79bfn18h0000gp/T//fm-turnend-guard.IpXS2c/hook-nonascii-marker-wt/bin/fm-supervision-instructions.sh
+ cp /Users/AI/.no-mistakes/worktrees/edb446952c22/01M1EYV82B3ZA2ZEAH2A2NMK1R/bin/fm-harness.sh /var/folders/p3/95t2_00n2jl3r2cn79bfn18h0000gp/T//fm-turnend-guard.IpXS2c/hook-nonascii-marker-wt/bin/fm-harness.sh
+ cp /Users/AI/.no-mistakes/worktrees/edb446952c22/01M1EYV82B3ZA2ZEAH2A2NMK1R/bin/fm-primary-scope-lib.sh /var/folders/p3/95t2_00n2jl3r2cn79bfn18h0000gp/T//fm-turnend-guard.IpXS2c/hook-nonascii-marker-wt/bin/fm-primary-scope-lib.sh
+ cp /Users/AI/.no-mistakes/worktrees/edb446952c22/01M1EYV82B3ZA2ZEAH2A2NMK1R/bin/fm-supervision-lib.sh /var/folders/p3/95t2_00n2jl3r2cn79bfn18h0000gp/T//fm-turnend-guard.IpXS2c/hook-nonascii-marker-wt/bin/fm-supervision-lib.sh
+ cp /Users/AI/.no-mistakes/worktrees/edb446952c22/01M1EYV82B3ZA2ZEAH2A2NMK1R/bin/fm-wake-lib.sh /var/folders/p3/95t2_00n2jl3r2cn79bfn18h0000gp/T//fm-turnend-guard.IpXS2c/hook-nonascii-marker-wt/bin/fm-wake-lib.sh
+ cp /Users/AI/.no-mistakes/worktrees/edb446952c22/01M1EYV82B3ZA2ZEAH2A2NMK1R/bin/fm-hook-host-lib.sh /var/folders/p3/95t2_00n2jl3r2cn79bfn18h0000gp/T//fm-turnend-guard.IpXS2c/hook-nonascii-marker-wt/bin/fm-hook-host-lib.sh
+ cp /Users/AI/.no-mistakes/worktrees/edb446952c22/01M1EYV82B3ZA2ZEAH2A2NMK1R/bin/fm-timeout-lib.sh /var/folders/p3/95t2_00n2jl3r2cn79bfn18h0000gp/T//fm-turnend-guard.IpXS2c/hook-nonascii-marker-wt/bin/fm-timeout-lib.sh
+ cp /Users/AI/.no-mistakes/worktrees/edb446952c22/01M1EYV82B3ZA2ZEAH2A2NMK1R/bin/fm-owner-invoke-wait-check.sh /var/folders/p3/95t2_00n2jl3r2cn79bfn18h0000gp/T//fm-turnend-guard.IpXS2c/hook-nonascii-marker-wt/bin/fm-owner-invoke-wait-check.sh
+ mkdir -p /var/folders/p3/95t2_00n2jl3r2cn79bfn18h0000gp/T//fm-turnend-guard.IpXS2c/hook-nonascii-marker-wt/docs
+ cp -R /Users/AI/.no-mistakes/worktrees/edb446952c22/01M1EYV82B3ZA2ZEAH2A2NMK1R/docs/supervision-protocols /var/folders/p3/95t2_00n2jl3r2cn79bfn18h0000gp/T//fm-turnend-guard.IpXS2c/hook-nonascii-marker-wt/docs/supervision-protocols
+ chmod +x /var/folders/p3/95t2_00n2jl3r2cn79bfn18h0000gp/T//fm-turnend-guard.IpXS2c/hook-nonascii-marker-wt/bin/fm-turnend-guard.sh /var/folders/p3/95t2_00n2jl3r2cn79bfn18h0000gp/T//fm-turnend-guard.IpXS2c/hook-nonascii-marker-wt/bin/fm-turnend-guard-grok.sh /var/folders/p3/95t2_00n2jl3r2cn79bfn18h0000gp/T//fm-turnend-guard.IpXS2c/hook-nonascii-marker-wt/bin/fm-operational-input.sh /var/folders/p3/95t2_00n2jl3r2cn79bfn18h0000gp/T//fm-turnend-guard.IpXS2c/hook-nonascii-marker-wt/bin/fm-supervision-instructions.sh /var/folders/p3/95t2_00n2jl3r2cn79bfn18h0000gp/T//fm-turnend-guard.IpXS2c/hook-nonascii-marker-wt/bin/fm-harness.sh /var/folders/p3/95t2_00n2jl3r2cn79bfn18h0000gp/T//fm-turnend-guard.IpXS2c/hook-nonascii-marker-wt/bin/fm-owner-invoke-wait-check.sh
+ printf '%s\n' /var/folders/p3/95t2_00n2jl3r2cn79bfn18h0000gp/T//fm-turnend-guard.IpXS2c/hook-nonascii-marker-wt
+ printf 'caf\xc3\xa9\n'
+ :
++ run_hook /var/folders/p3/95t2_00n2jl3r2cn79bfn18h0000gp/T//fm-turnend-guard.IpXS2c/hook-nonascii-marker-wt false
++ local dir=/var/folders/p3/95t2_00n2jl3r2cn79bfn18h0000gp/T//fm-turnend-guard.IpXS2c/hook-nonascii-marker-wt stop_active=false home
+++ cd /var/folders/p3/95t2_00n2jl3r2cn79bfn18h0000gp/T//fm-turnend-guard.IpXS2c/hook-nonascii-marker-wt
+++ pwd
++ home=/var/folders/p3/95t2_00n2jl3r2cn79bfn18h0000gp/T/fm-turnend-guard.IpXS2c/hook-nonascii-marker-wt
++ printf '{"stop_hook_active":%s}' false
++ CLAUDECODE=1
++ FM_HOME=/var/folders/p3/95t2_00n2jl3r2cn79bfn18h0000gp/T/fm-turnend-guard.IpXS2c/hook-nonascii-marker-wt
++ bash /var/folders/p3/95t2_00n2jl3r2cn79bfn18h0000gp/T//fm-turnend-guard.IpXS2c/hook-nonascii-marker-wt/bin/fm-turnend-guard.sh
+ out=
+ status=0
+ expect_code 0 0 'a non-ASCII marker id must not spoof force-inclusion in a linked worktree'
+ local expected=0 actual=0 'label=a non-ASCII marker id must not spoof force-inclusion in a linked worktree'
+ '[' 0 = 0 ']'
+ '[' -z '' ']'
+ pass 'fm-turnend-guard: a non-ASCII marker cannot spoof inclusion; linked worktree stays exempt'
+ printf 'ok - %s\n' 'fm-turnend-guard: a non-ASCII marker cannot spoof inclusion; linked worktree stays exempt'
ok - fm-turnend-guard: a non-ASCII marker cannot spoof inclusion; linked worktree stays exempt
+ test_hook_silent_in_crewmate_worktree
+ local base dir out status
+ base=/var/folders/p3/95t2_00n2jl3r2cn79bfn18h0000gp/T//fm-turnend-guard.IpXS2c/hook-crew-base
+ dir=/var/folders/p3/95t2_00n2jl3r2cn79bfn18h0000gp/T//fm-turnend-guard.IpXS2c/hook-crew-wt
+ make_crewmate_worktree_dir /var/folders/p3/95t2_00n2jl3r2cn79bfn18h0000gp/T//fm-turnend-guard.IpXS2c/hook-crew-base /var/folders/p3/95t2_00n2jl3r2cn79bfn18h0000gp/T//fm-turnend-guard.IpXS2c/hook-crew-wt
+ local base=/var/folders/p3/95t2_00n2jl3r2cn79bfn18h0000gp/T//fm-turnend-guard.IpXS2c/hook-crew-base dir=/var/folders/p3/95t2_00n2jl3r2cn79bfn18h0000gp/T//fm-turnend-guard.IpXS2c/hook-crew-wt
+ fm_git_worktree /var/folders/p3/95t2_00n2jl3r2cn79bfn18h0000gp/T//fm-turnend-guard.IpXS2c/hook-crew-base /var/folders/p3/95t2_00n2jl3r2cn79bfn18h0000gp/T//fm-turnend-guard.IpXS2c/hook-crew-wt fm/turnend-guard-test-branch
+ local repo=/var/folders/p3/95t2_00n2jl3r2cn79bfn18h0000gp/T//fm-turnend-guard.IpXS2c/hook-crew-base worktree=/var/folders/p3/95t2_00n2jl3r2cn79bfn18h0000gp/T//fm-turnend-guard.IpXS2c/hook-crew-wt branch=fm/turnend-guard-test-branch
+ fm_git_init_commit /var/folders/p3/95t2_00n2jl3r2cn79bfn18h0000gp/T//fm-turnend-guard.IpXS2c/hook-crew-base
+ local dir=/var/folders/p3/95t2_00n2jl3r2cn79bfn18h0000gp/T//fm-turnend-guard.IpXS2c/hook-crew-base
+ mkdir -p /var/folders/p3/95t2_00n2jl3r2cn79bfn18h0000gp/T//fm-turnend-guard.IpXS2c/hook-crew-base
+ git -C /var/folders/p3/95t2_00n2jl3r2cn79bfn18h0000gp/T//fm-turnend-guard.IpXS2c/hook-crew-base init -q
++ basename /var/folders/p3/95t2_00n2jl3r2cn79bfn18h0000gp/T//fm-turnend-guard.IpXS2c/hook-crew-base
+ printf '# %s\n' hook-crew-base
+ git -C /var/folders/p3/95t2_00n2jl3r2cn79bfn18h0000gp/T//fm-turnend-guard.IpXS2c/hook-crew-base add README.md
+ git -C /var/folders/p3/95t2_00n2jl3r2cn79bfn18h0000gp/T//fm-turnend-guard.IpXS2c/hook-crew-base -c 'user.name=Firstmate Tests' -c user.email=tests@example.invalid commit -qm initial
+ fm_git_add_origin /var/folders/p3/95t2_00n2jl3r2cn79bfn18h0000gp/T//fm-turnend-guard.IpXS2c/hook-crew-base /var/folders/p3/95t2_00n2jl3r2cn79bfn18h0000gp/T//fm-turnend-guard.IpXS2c/hook-crew-base.origin.git
+ local repo=/var/folders/p3/95t2_00n2jl3r2cn79bfn18h0000gp/T//fm-turnend-guard.IpXS2c/hook-crew-base remote=/var/folders/p3/95t2_00n2jl3r2cn79bfn18h0000gp/T//fm-turnend-guard.IpXS2c/hook-crew-base.origin.git remote_abs
+ git clone --quiet --bare /var/folders/p3/95t2_00n2jl3r2cn79bfn18h0000gp/T//fm-turnend-guard.IpXS2c/hook-crew-base /var/folders/p3/95t2_00n2jl3r2cn79bfn18h0000gp/T//fm-turnend-guard.IpXS2c/hook-crew-base.origin.git
++ cd /var/folders/p3/95t2_00n2jl3r2cn79bfn18h0000gp/T//fm-turnend-guard.IpXS2c/hook-crew-base.origin.git
++ pwd
+ remote_abs=/var/folders/p3/95t2_00n2jl3r2cn79bfn18h0000gp/T/fm-turnend-guard.IpXS2c/hook-crew-base.origin.git
+ git -C /var/folders/p3/95t2_00n2jl3r2cn79bfn18h0000gp/T//fm-turnend-guard.IpXS2c/hook-crew-base remote add origin file:///var/folders/p3/95t2_00n2jl3r2cn79bfn18h0000gp/T/fm-turnend-guard.IpXS2c/hook-crew-base.origin.git
+ git -C /var/folders/p3/95t2_00n2jl3r2cn79bfn18h0000gp/T//fm-turnend-guard.IpXS2c/hook-crew-base worktree add --quiet -b fm/turnend-guard-test-branch /var/folders/p3/95t2_00n2jl3r2cn79bfn18h0000gp/T//fm-turnend-guard.IpXS2c/hook-crew-wt
+ mkdir -p /var/folders/p3/95t2_00n2jl3r2cn79bfn18h0000gp/T//fm-turnend-guard.IpXS2c/hook-crew-wt/state
+ :
+ install_guard_scripts /var/folders/p3/95t2_00n2jl3r2cn79bfn18h0000gp/T//fm-turnend-guard.IpXS2c/hook-crew-wt
+ local dir=/var/folders/p3/95t2_00n2jl3r2cn79bfn18h0000gp/T//fm-turnend-guard.IpXS2c/hook-crew-wt
+ mkdir -p /var/folders/p3/95t2_00n2jl3r2cn79bfn18h0000gp/T//fm-turnend-guard.IpXS2c/hook-crew-wt/bin
+ cp /Users/AI/.no-mistakes/worktrees/edb446952c22/01M1EYV82B3ZA2ZEAH2A2NMK1R/bin/fm-turnend-guard.sh /var/folders/p3/95t2_00n2jl3r2cn79bfn18h0000gp/T//fm-turnend-guard.IpXS2c/hook-crew-wt/bin/fm-turnend-guard.sh
+ cp /Users/AI/.no-mistakes/worktrees/edb446952c22/01M1EYV82B3ZA2ZEAH2A2NMK1R/bin/fm-turnend-guard-grok.sh /var/folders/p3/95t2_00n2jl3r2cn79bfn18h0000gp/T//fm-turnend-guard.IpXS2c/hook-crew-wt/bin/fm-turnend-guard-grok.sh
+ cp /Users/AI/.no-mistakes/worktrees/edb446952c22/01M1EYV82B3ZA2ZEAH2A2NMK1R/bin/fm-operational-input.sh /var/folders/p3/95t2_00n2jl3r2cn79bfn18h0000gp/T//fm-turnend-guard.IpXS2c/hook-crew-wt/bin/fm-operational-input.sh
+ cp /Users/AI/.no-mistakes/worktrees/edb446952c22/01M1EYV82B3ZA2ZEAH2A2NMK1R/bin/fm-supervision-instructions.sh /var/folders/p3/95t2_00n2jl3r2cn79bfn18h0000gp/T//fm-turnend-guard.IpXS2c/hook-crew-wt/bin/fm-supervision-instructions.sh
+ cp /Users/AI/.no-mistakes/worktrees/edb446952c22/01M1EYV82B3ZA2ZEAH2A2NMK1R/bin/fm-harness.sh /var/folders/p3/95t2_00n2jl3r2cn79bfn18h0000gp/T//fm-turnend-guard.IpXS2c/hook-crew-wt/bin/fm-harness.sh
+ cp /Users/AI/.no-mistakes/worktrees/edb446952c22/01M1EYV82B3ZA2ZEAH2A2NMK1R/bin/fm-primary-scope-lib.sh /var/folders/p3/95t2_00n2jl3r2cn79bfn18h0000gp/T//fm-turnend-guard.IpXS2c/hook-crew-wt/bin/fm-primary-scope-lib.sh
+ cp /Users/AI/.no-mistakes/worktrees/edb446952c22/01M1EYV82B3ZA2ZEAH2A2NMK1R/bin/fm-supervision-lib.sh /var/folders/p3/95t2_00n2jl3r2cn79bfn18h0000gp/T//fm-turnend-guard.IpXS2c/hook-crew-wt/bin/fm-supervision-lib.sh
+ cp /Users/AI/.no-mistakes/worktrees/edb446952c22/01M1EYV82B3ZA2ZEAH2A2NMK1R/bin/fm-wake-lib.sh /var/folders/p3/95t2_00n2jl3r2cn79bfn18h0000gp/T//fm-turnend-guard.IpXS2c/hook-crew-wt/bin/fm-wake-lib.sh
+ cp /Users/AI/.no-mistakes/worktrees/edb446952c22/01M1EYV82B3ZA2ZEAH2A2NMK1R/bin/fm-hook-host-lib.sh /var/folders/p3/95t2_00n2jl3r2cn79bfn18h0000gp/T//fm-turnend-guard.IpXS2c/hook-crew-wt/bin/fm-hook-host-lib.sh
+ cp /Users/AI/.no-mistakes/worktrees/edb446952c22/01M1EYV82B3ZA2ZEAH2A2NMK1R/bin/fm-timeout-lib.sh /var/folders/p3/95t2_00n2jl3r2cn79bfn18h0000gp/T//fm-turnend-guard.IpXS2c/hook-crew-wt/bin/fm-timeout-lib.sh
+ cp /Users/AI/.no-mistakes/worktrees/edb446952c22/01M1EYV82B3ZA2ZEAH2A2NMK1R/bin/fm-owner-invoke-wait-check.sh /var/folders/p3/95t2_00n2jl3r2cn79bfn18h0000gp/T//fm-turnend-guard.IpXS2c/hook-crew-wt/bin/fm-owner-invoke-wait-check.sh
+ mkdir -p /var/folders/p3/95t2_00n2jl3r2cn79bfn18h0000gp/T//fm-turnend-guard.IpXS2c/hook-crew-wt/docs
+ cp -R /Users/AI/.no-mistakes/worktrees/edb446952c22/01M1EYV82B3ZA2ZEAH2A2NMK1R/docs/supervision-protocols /var/folders/p3/95t2_00n2jl3r2cn79bfn18h0000gp/T//fm-turnend-guard.IpXS2c/hook-crew-wt/docs/supervision-protocols
+ chmod +x /var/folders/p3/95t2_00n2jl3r2cn79bfn18h0000gp/T//fm-turnend-guard.IpXS2c/hook-crew-wt/bin/fm-turnend-guard.sh /var/folders/p3/95t2_00n2jl3r2cn79bfn18h0000gp/T//fm-turnend-guard.IpXS2c/hook-crew-wt/bin/fm-turnend-guard-grok.sh /var/folders/p3/95t2_00n2jl3r2cn79bfn18h0000gp/T//fm-turnend-guard.IpXS2c/hook-crew-wt/bin/fm-operational-input.sh /var/folders/p3/95t2_00n2jl3r2cn79bfn18h0000gp/T//fm-turnend-guard.IpXS2c/hook-crew-wt/bin/fm-supervision-instructions.sh /var/folders/p3/95t2_00n2jl3r2cn79bfn18h0000gp/T//fm-turnend-guard.IpXS2c/hook-crew-wt/bin/fm-harness.sh /var/folders/p3/95t2_00n2jl3r2cn79bfn18h0000gp/T//fm-turnend-guard.IpXS2c/hook-crew-wt/bin/fm-owner-invoke-wait-check.sh
+ printf '%s\n' /var/folders/p3/95t2_00n2jl3r2cn79bfn18h0000gp/T//fm-turnend-guard.IpXS2c/hook-crew-wt
+ :
++ run_hook /var/folders/p3/95t2_00n2jl3r2cn79bfn18h0000gp/T//fm-turnend-guard.IpXS2c/hook-crew-wt false
++ local dir=/var/folders/p3/95t2_00n2jl3r2cn79bfn18h0000gp/T//fm-turnend-guard.IpXS2c/hook-crew-wt stop_active=false home
+++ cd /var/folders/p3/95t2_00n2jl3r2cn79bfn18h0000gp/T//fm-turnend-guard.IpXS2c/hook-crew-wt
+++ pwd
++ home=/var/folders/p3/95t2_00n2jl3r2cn79bfn18h0000gp/T/fm-turnend-guard.IpXS2c/hook-crew-wt
++ printf '{"stop_hook_active":%s}' false
++ CLAUDECODE=1
++ FM_HOME=/var/folders/p3/95t2_00n2jl3r2cn79bfn18h0000gp/T/fm-turnend-guard.IpXS2c/hook-crew-wt
++ bash /var/folders/p3/95t2_00n2jl3r2cn79bfn18h0000gp/T//fm-turnend-guard.IpXS2c/hook-crew-wt/bin/fm-turnend-guard.sh
+ out=
+ status=0
+ expect_code 0 0 'hook must never block inside a crewmate task worktree'
+ local expected=0 actual=0 'label=hook must never block inside a crewmate task worktree'
+ '[' 0 = 0 ']'
+ '[' -z '' ']'
+ pass 'fm-turnend-guard: inert in a crewmate/scout task worktree (linked git worktree) even when unhealthy'
+ printf 'ok - %s\n' 'fm-turnend-guard: inert in a crewmate/scout task worktree (linked git worktree) even when unhealthy'
ok - fm-turnend-guard: inert in a crewmate/scout task worktree (linked git worktree) even when unhealthy
+ test_hook_silent_without_jq
+ local dir out status fakebin tool tool_path
++ make_primary_dir /var/folders/p3/95t2_00n2jl3r2cn79bfn18h0000gp/T//fm-turnend-guard.IpXS2c/hook-nojq
++ local dir=/var/folders/p3/95t2_00n2jl3r2cn79bfn18h0000gp/T//fm-turnend-guard.IpXS2c/hook-nojq
++ mkdir -p /var/folders/p3/95t2_00n2jl3r2cn79bfn18h0000gp/T//fm-turnend-guard.IpXS2c/hook-nojq/state
++ git init -q /var/folders/p3/95t2_00n2jl3r2cn79bfn18h0000gp/T//fm-turnend-guard.IpXS2c/hook-nojq
++ git -C /var/folders/p3/95t2_00n2jl3r2cn79bfn18h0000gp/T//fm-turnend-guard.IpXS2c/hook-nojq commit -q --allow-empty -m init
++ :
++ install_guard_scripts /var/folders/p3/95t2_00n2jl3r2cn79bfn18h0000gp/T//fm-turnend-guard.IpXS2c/hook-nojq
++ local dir=/var/folders/p3/95t2_00n2jl3r2cn79bfn18h0000gp/T//fm-turnend-guard.IpXS2c/hook-nojq
++ mkdir -p /var/folders/p3/95t2_00n2jl3r2cn79bfn18h0000gp/T//fm-turnend-guard.IpXS2c/hook-nojq/bin
++ cp /Users/AI/.no-mistakes/worktrees/edb446952c22/01M1EYV82B3ZA2ZEAH2A2NMK1R/bin/fm-turnend-guard.sh /var/folders/p3/95t2_00n2jl3r2cn79bfn18h0000gp/T//fm-turnend-guard.IpXS2c/hook-nojq/bin/fm-turnend-guard.sh
++ cp /Users/AI/.no-mistakes/worktrees/edb446952c22/01M1EYV82B3ZA2ZEAH2A2NMK1R/bin/fm-turnend-guard-grok.sh /var/folders/p3/95t2_00n2jl3r2cn79bfn18h0000gp/T//fm-turnend-guard.IpXS2c/hook-nojq/bin/fm-turnend-guard-grok.sh
++ cp /Users/AI/.no-mistakes/worktrees/edb446952c22/01M1EYV82B3ZA2ZEAH2A2NMK1R/bin/fm-operational-input.sh /var/folders/p3/95t2_00n2jl3r2cn79bfn18h0000gp/T//fm-turnend-guard.IpXS2c/hook-nojq/bin/fm-operational-input.sh
++ cp /Users/AI/.no-mistakes/worktrees/edb446952c22/01M1EYV82B3ZA2ZEAH2A2NMK1R/bin/fm-supervision-instructions.sh /var/folders/p3/95t2_00n2jl3r2cn79bfn18h0000gp/T//fm-turnend-guard.IpXS2c/hook-nojq/bin/fm-supervision-instructions.sh
++ cp /Users/AI/.no-mistakes/worktrees/edb446952c22/01M1EYV82B3ZA2ZEAH2A2NMK1R/bin/fm-harness.sh /var/folders/p3/95t2_00n2jl3r2cn79bfn18h0000gp/T//fm-turnend-guard.IpXS2c/hook-nojq/bin/fm-harness.sh
++ cp /Users/AI/.no-mistakes/worktrees/edb446952c22/01M1EYV82B3ZA2ZEAH2A2NMK1R/bin/fm-primary-scope-lib.sh /var/folders/p3/95t2_00n2jl3r2cn79bfn18h0000gp/T//fm-turnend-guard.IpXS2c/hook-nojq/bin/fm-primary-scope-lib.sh
++ cp /Users/AI/.no-mistakes/worktrees/edb446952c22/01M1EYV82B3ZA2ZEAH2A2NMK1R/bin/fm-supervision-lib.sh /var/folders/p3/95t2_00n2jl3r2cn79bfn18h0000gp/T//fm-turnend-guard.IpXS2c/hook-nojq/bin/fm-supervision-lib.sh
++ cp /Users/AI/.no-mistakes/worktrees/edb446952c22/01M1EYV82B3ZA2ZEAH2A2NMK1R/bin/fm-wake-lib.sh /var/folders/p3/95t2_00n2jl3r2cn79bfn18h0000gp/T//fm-turnend-guard.IpXS2c/hook-nojq/bin/fm-wake-lib.sh
++ cp /Users/AI/.no-mistakes/worktrees/edb446952c22/01M1EYV82B3ZA2ZEAH2A2NMK1R/bin/fm-hook-host-lib.sh /var/folders/p3/95t2_00n2jl3r2cn79bfn18h0000gp/T//fm-turnend-guard.IpXS2c/hook-nojq/bin/fm-hook-host-lib.sh
++ cp /Users/AI/.no-mistakes/worktrees/edb446952c22/01M1EYV82B3ZA2ZEAH2A2NMK1R/bin/fm-timeout-lib.sh /var/folders/p3/95t2_00n2jl3r2cn79bfn18h0000gp/T//fm-turnend-guard.IpXS2c/hook-nojq/bin/fm-timeout-lib.sh
++ cp /Users/AI/.no-mistakes/worktrees/edb446952c22/01M1EYV82B3ZA2ZEAH2A2NMK1R/bin/fm-owner-invoke-wait-check.sh /var/folders/p3/95t2_00n2jl3r2cn79bfn18h0000gp/T//fm-turnend-guard.IpXS2c/hook-nojq/bin/fm-owner-invoke-wait-check.sh
++ mkdir -p /var/folders/p3/95t2_00n2jl3r2cn79bfn18h0000gp/T//fm-turnend-guard.IpXS2c/hook-nojq/docs
++ cp -R /Users/AI/.no-mistakes/worktrees/edb446952c22/01M1EYV82B3ZA2ZEAH2A2NMK1R/docs/supervision-protocols /var/folders/p3/95t2_00n2jl3r2cn79bfn18h0000gp/T//fm-turnend-guard.IpXS2c/hook-nojq/docs/supervision-protocols
++ chmod +x /var/folders/p3/95t2_00n2jl3r2cn79bfn18h0000gp/T//fm-turnend-guard.IpXS2c/hook-nojq/bin/fm-turnend-guard.sh /var/folders/p3/95t2_00n2jl3r2cn79bfn18h0000gp/T//fm-turnend-guard.IpXS2c/hook-nojq/bin/fm-turnend-guard-grok.sh /var/folders/p3/95t2_00n2jl3r2cn79bfn18h0000gp/T//fm-turnend-guard.IpXS2c/hook-nojq/bin/fm-operational-input.sh /var/folders/p3/95t2_00n2jl3r2cn79bfn18h0000gp/T//fm-turnend-guard.IpXS2c/hook-nojq/bin/fm-supervision-instructions.sh /var/folders/p3/95t2_00n2jl3r2cn79bfn18h0000gp/T//fm-turnend-guard.IpXS2c/hook-nojq/bin/fm-harness.sh /var/folders/p3/95t2_00n2jl3r2cn79bfn18h0000gp/T//fm-turnend-guard.IpXS2c/hook-nojq/bin/fm-owner-invoke-wait-check.sh
++ printf '%s\n' /var/folders/p3/95t2_00n2jl3r2cn79bfn18h0000gp/T//fm-turnend-guard.IpXS2c/hook-nojq
+ dir=/var/folders/p3/95t2_00n2jl3r2cn79bfn18h0000gp/T//fm-turnend-guard.IpXS2c/hook-nojq
+ :
++ fm_fakebin /var/folders/p3/95t2_00n2jl3r2cn79bfn18h0000gp/T//fm-turnend-guard.IpXS2c/hook-nojq-fake
++ local dir=/var/folders/p3/95t2_00n2jl3r2cn79bfn18h0000gp/T//fm-turnend-guard.IpXS2c/hook-nojq-fake fakebin=/var/folders/p3/95t2_00n2jl3r2cn79bfn18h0000gp/T//fm-turnend-guard.IpXS2c/hook-nojq-fake/fakebin
++ mkdir -p /var/folders/p3/95t2_00n2jl3r2cn79bfn18h0000gp/T//fm-turnend-guard.IpXS2c/hook-nojq-fake/fakebin
++ printf '%s\n' /var/folders/p3/95t2_00n2jl3r2cn79bfn18h0000gp/T//fm-turnend-guard.IpXS2c/hook-nojq-fake/fakebin
+ fakebin=/var/folders/p3/95t2_00n2jl3r2cn79bfn18h0000gp/T//fm-turnend-guard.IpXS2c/hook-nojq-fake/fakebin
+ for tool in bash sh git cat printf date uname stat mkdir dirname
++ command -v bash
+ tool_path=/bin/bash
+ ln -s /bin/bash /var/folders/p3/95t2_00n2jl3r2cn79bfn18h0000gp/T//fm-turnend-guard.IpXS2c/hook-nojq-fake/fakebin/bash
+ for tool in bash sh git cat printf date uname stat mkdir dirname
++ command -v sh
+ tool_path=/bin/sh
+ ln -s /bin/sh /var/folders/p3/95t2_00n2jl3r2cn79bfn18h0000gp/T//fm-turnend-guard.IpXS2c/hook-nojq-fake/fakebin/sh
+ for tool in bash sh git cat printf date uname stat mkdir dirname
++ command -v git
+ tool_path=/Users/AI/.homebrew/bin/git
+ ln -s /Users/AI/.homebrew/bin/git /var/folders/p3/95t2_00n2jl3r2cn79bfn18h0000gp/T//fm-turnend-guard.IpXS2c/hook-nojq-fake/fakebin/git
+ for tool in bash sh git cat printf date uname stat mkdir dirname
++ command -v cat
+ tool_path=/bin/cat
+ ln -s /bin/cat /var/folders/p3/95t2_00n2jl3r2cn79bfn18h0000gp/T//fm-turnend-guard.IpXS2c/hook-nojq-fake/fakebin/cat
+ for tool in bash sh git cat printf date uname stat mkdir dirname
++ command -v printf
+ tool_path=printf
+ ln -s printf /var/folders/p3/95t2_00n2jl3r2cn79bfn18h0000gp/T//fm-turnend-guard.IpXS2c/hook-nojq-fake/fakebin/printf
+ for tool in bash sh git cat printf date uname stat mkdir dirname
++ command -v date
+ tool_path=/bin/date
+ ln -s /bin/date /var/folders/p3/95t2_00n2jl3r2cn79bfn18h0000gp/T//fm-turnend-guard.IpXS2c/hook-nojq-fake/fakebin/date
+ for tool in bash sh git cat printf date uname stat mkdir dirname
++ command -v uname
+ tool_path=/usr/bin/uname
+ ln -s /usr/bin/uname /var/folders/p3/95t2_00n2jl3r2cn79bfn18h0000gp/T//fm-turnend-guard.IpXS2c/hook-nojq-fake/fakebin/uname
+ for tool in bash sh git cat printf date uname stat mkdir dirname
++ command -v stat
+ tool_path=/usr/bin/stat
+ ln -s /usr/bin/stat /var/folders/p3/95t2_00n2jl3r2cn79bfn18h0000gp/T//fm-turnend-guard.IpXS2c/hook-nojq-fake/fakebin/stat
+ for tool in bash sh git cat printf date uname stat mkdir dirname
++ command -v mkdir
+ tool_path=/bin/mkdir
+ ln -s /bin/mkdir /var/folders/p3/95t2_00n2jl3r2cn79bfn18h0000gp/T//fm-turnend-guard.IpXS2c/hook-nojq-fake/fakebin/mkdir
+ for tool in bash sh git cat printf date uname stat mkdir dirname
++ command -v dirname
+ tool_path=/usr/bin/dirname
+ ln -s /usr/bin/dirname /var/folders/p3/95t2_00n2jl3r2cn79bfn18h0000gp/T//fm-turnend-guard.IpXS2c/hook-nojq-fake/fakebin/dirname
++ printf '{"stop_hook_active":false}'
++ PATH=/var/folders/p3/95t2_00n2jl3r2cn79bfn18h0000gp/T//fm-turnend-guard.IpXS2c/hook-nojq-fake/fakebin
++ bash /var/folders/p3/95t2_00n2jl3r2cn79bfn18h0000gp/T//fm-turnend-guard.IpXS2c/hook-nojq/bin/fm-turnend-guard.sh
+ out=
+ status=0
+ expect_code 0 0 'hook must fail open (exit 0) when jq is unavailable'
+ local expected=0 actual=0 'label=hook must fail open (exit 0) when jq is unavailable'
+ '[' 0 = 0 ']'
+ '[' -z '' ']'
+ pass 'fm-turnend-guard: fails open (never blocks) when jq is missing'
+ printf 'ok - %s\n' 'fm-turnend-guard: fails open (never blocks) when jq is missing'
ok - fm-turnend-guard: fails open (never blocks) when jq is missing
+ test_hook_silent_without_stdin
+ local dir out status
++ make_primary_dir /var/folders/p3/95t2_00n2jl3r2cn79bfn18h0000gp/T//fm-turnend-guard.IpXS2c/hook-nostdin
++ local dir=/var/folders/p3/95t2_00n2jl3r2cn79bfn18h0000gp/T//fm-turnend-guard.IpXS2c/hook-nostdin
++ mkdir -p /var/folders/p3/95t2_00n2jl3r2cn79bfn18h0000gp/T//fm-turnend-guard.IpXS2c/hook-nostdin/state
++ git init -q /var/folders/p3/95t2_00n2jl3r2cn79bfn18h0000gp/T//fm-turnend-guard.IpXS2c/hook-nostdin
++ git -C /var/folders/p3/95t2_00n2jl3r2cn79bfn18h0000gp/T//fm-turnend-guard.IpXS2c/hook-nostdin commit -q --allow-empty -m init
++ :
++ install_guard_scripts /var/folders/p3/95t2_00n2jl3r2cn79bfn18h0000gp/T//fm-turnend-guard.IpXS2c/hook-nostdin
++ local dir=/var/folders/p3/95t2_00n2jl3r2cn79bfn18h0000gp/T//fm-turnend-guard.IpXS2c/hook-nostdin
++ mkdir -p /var/folders/p3/95t2_00n2jl3r2cn79bfn18h0000gp/T//fm-turnend-guard.IpXS2c/hook-nostdin/bin
++ cp /Users/AI/.no-mistakes/worktrees/edb446952c22/01M1EYV82B3ZA2ZEAH2A2NMK1R/bin/fm-turnend-guard.sh /var/folders/p3/95t2_00n2jl3r2cn79bfn18h0000gp/T//fm-turnend-guard.IpXS2c/hook-nostdin/bin/fm-turnend-guard.sh
++ cp /Users/AI/.no-mistakes/worktrees/edb446952c22/01M1EYV82B3ZA2ZEAH2A2NMK1R/bin/fm-turnend-guard-grok.sh /var/folders/p3/95t2_00n2jl3r2cn79bfn18h0000gp/T//fm-turnend-guard.IpXS2c/hook-nostdin/bin/fm-turnend-guard-grok.sh
++ cp /Users/AI/.no-mistakes/worktrees/edb446952c22/01M1EYV82B3ZA2ZEAH2A2NMK1R/bin/fm-operational-input.sh /var/folders/p3/95t2_00n2jl3r2cn79bfn18h0000gp/T//fm-turnend-guard.IpXS2c/hook-nostdin/bin/fm-operational-input.sh
++ cp /Users/AI/.no-mistakes/worktrees/edb446952c22/01M1EYV82B3ZA2ZEAH2A2NMK1R/bin/fm-supervision-instructions.sh /var/folders/p3/95t2_00n2jl3r2cn79bfn18h0000gp/T//fm-turnend-guard.IpXS2c/hook-nostdin/bin/fm-supervision-instructions.sh
++ cp /Users/AI/.no-mistakes/worktrees/edb446952c22/01M1EYV82B3ZA2ZEAH2A2NMK1R/bin/fm-harness.sh /var/folders/p3/95t2_00n2jl3r2cn79bfn18h0000gp/T//fm-turnend-guard.IpXS2c/hook-nostdin/bin/fm-harness.sh
++ cp /Users/AI/.no-mistakes/worktrees/edb446952c22/01M1EYV82B3ZA2ZEAH2A2NMK1R/bin/fm-primary-scope-lib.sh /var/folders/p3/95t2_00n2jl3r2cn79bfn18h0000gp/T//fm-turnend-guard.IpXS2c/hook-nostdin/bin/fm-primary-scope-lib.sh
++ cp /Users/AI/.no-mistakes/worktrees/edb446952c22/01M1EYV82B3ZA2ZEAH2A2NMK1R/bin/fm-supervision-lib.sh /var/folders/p3/95t2_00n2jl3r2cn79bfn18h0000gp/T//fm-turnend-guard.IpXS2c/hook-nostdin/bin/fm-supervision-lib.sh
++ cp /Users/AI/.no-mistakes/worktrees/edb446952c22/01M1EYV82B3ZA2ZEAH2A2NMK1R/bin/fm-wake-lib.sh /var/folders/p3/95t2_00n2jl3r2cn79bfn18h0000gp/T//fm-turnend-guard.IpXS2c/hook-nostdin/bin/fm-wake-lib.sh
++ cp /Users/AI/.no-mistakes/worktrees/edb446952c22/01M1EYV82B3ZA2ZEAH2A2NMK1R/bin/fm-hook-host-lib.sh /var/folders/p3/95t2_00n2jl3r2cn79bfn18h0000gp/T//fm-turnend-guard.IpXS2c/hook-nostdin/bin/fm-hook-host-lib.sh
++ cp /Users/AI/.no-mistakes/worktrees/edb446952c22/01M1EYV82B3ZA2ZEAH2A2NMK1R/bin/fm-timeout-lib.sh /var/folders/p3/95t2_00n2jl3r2cn79bfn18h0000gp/T//fm-turnend-guard.IpXS2c/hook-nostdin/bin/fm-timeout-lib.sh
++ cp /Users/AI/.no-mistakes/worktrees/edb446952c22/01M1EYV82B3ZA2ZEAH2A2NMK1R/bin/fm-owner-invoke-wait-check.sh /var/folders/p3/95t2_00n2jl3r2cn79bfn18h0000gp/T//fm-turnend-guard.IpXS2c/hook-nostdin/bin/fm-owner-invoke-wait-check.sh
++ mkdir -p /var/folders/p3/95t2_00n2jl3r2cn79bfn18h0000gp/T//fm-turnend-guard.IpXS2c/hook-nostdin/docs
++ cp -R /Users/AI/.no-mistakes/worktrees/edb446952c22/01M1EYV82B3ZA2ZEAH2A2NMK1R/docs/supervision-protocols /var/folders/p3/95t2_00n2jl3r2cn79bfn18h0000gp/T//fm-turnend-guard.IpXS2c/hook-nostdin/docs/supervision-protocols
++ chmod +x /var/folders/p3/95t2_00n2jl3r2cn79bfn18h0000gp/T//fm-turnend-guard.IpXS2c/hook-nostdin/bin/fm-turnend-guard.sh /var/folders/p3/95t2_00n2jl3r2cn79bfn18h0000gp/T//fm-turnend-guard.IpXS2c/hook-nostdin/bin/fm-turnend-guard-grok.sh /var/folders/p3/95t2_00n2jl3r2cn79bfn18h0000gp/T//fm-turnend-guard.IpXS2c/hook-nostdin/bin/fm-operational-input.sh /var/folders/p3/95t2_00n2jl3r2cn79bfn18h0000gp/T//fm-turnend-guard.IpXS2c/hook-nostdin/bin/fm-supervision-instructions.sh /var/folders/p3/95t2_00n2jl3r2cn79bfn18h0000gp/T//fm-turnend-guard.IpXS2c/hook-nostdin/bin/fm-harness.sh /var/folders/p3/95t2_00n2jl3r2cn79bfn18h0000gp/T//fm-turnend-guard.IpXS2c/hook-nostdin/bin/fm-owner-invoke-wait-check.sh
++ printf '%s\n' /var/folders/p3/95t2_00n2jl3r2cn79bfn18h0000gp/T//fm-turnend-guard.IpXS2c/hook-nostdin
+ dir=/var/folders/p3/95t2_00n2jl3r2cn79bfn18h0000gp/T//fm-turnend-guard.IpXS2c/hook-nostdin
+ :
++ bash /var/folders/p3/95t2_00n2jl3r2cn79bfn18h0000gp/T//fm-turnend-guard.IpXS2c/hook-nostdin/bin/fm-turnend-guard.sh
+ out=
+ status=0
+ expect_code 0 0 'hook must exit 0 on empty/absent stdin'
+ local expected=0 actual=0 'label=hook must exit 0 on empty/absent stdin'
+ '[' 0 = 0 ']'
+ '[' -z '' ']'
+ pass 'fm-turnend-guard: silent no-op on empty stdin'
+ printf 'ok - %s\n' 'fm-turnend-guard: silent no-op on empty stdin'
ok - fm-turnend-guard: silent no-op on empty stdin
+ test_hook_runs_fast
+ local dir start elapsed_s
++ make_primary_dir /var/folders/p3/95t2_00n2jl3r2cn79bfn18h0000gp/T//fm-turnend-guard.IpXS2c/hook-timing
++ local dir=/var/folders/p3/95t2_00n2jl3r2cn79bfn18h0000gp/T//fm-turnend-guard.IpXS2c/hook-timing
++ mkdir -p /var/folders/p3/95t2_00n2jl3r2cn79bfn18h0000gp/T//fm-turnend-guard.IpXS2c/hook-timing/state
++ git init -q /var/folders/p3/95t2_00n2jl3r2cn79bfn18h0000gp/T//fm-turnend-guard.IpXS2c/hook-timing
++ git -C /var/folders/p3/95t2_00n2jl3r2cn79bfn18h0000gp/T//fm-turnend-guard.IpXS2c/hook-timing commit -q --allow-empty -m init
++ :
++ install_guard_scripts /var/folders/p3/95t2_00n2jl3r2cn79bfn18h0000gp/T//fm-turnend-guard.IpXS2c/hook-timing
++ local dir=/var/folders/p3/95t2_00n2jl3r2cn79bfn18h0000gp/T//fm-turnend-guard.IpXS2c/hook-timing
++ mkdir -p /var/folders/p3/95t2_00n2jl3r2cn79bfn18h0000gp/T//fm-turnend-guard.IpXS2c/hook-timing/bin
++ cp /Users/AI/.no-mistakes/worktrees/edb446952c22/01M1EYV82B3ZA2ZEAH2A2NMK1R/bin/fm-turnend-guard.sh /var/folders/p3/95t2_00n2jl3r2cn79bfn18h0000gp/T//fm-turnend-guard.IpXS2c/hook-timing/bin/fm-turnend-guard.sh
++ cp /Users/AI/.no-mistakes/worktrees/edb446952c22/01M1EYV82B3ZA2ZEAH2A2NMK1R/bin/fm-turnend-guard-grok.sh /var/folders/p3/95t2_00n2jl3r2cn79bfn18h0000gp/T//fm-turnend-guard.IpXS2c/hook-timing/bin/fm-turnend-guard-grok.sh
++ cp /Users/AI/.no-mistakes/worktrees/edb446952c22/01M1EYV82B3ZA2ZEAH2A2NMK1R/bin/fm-operational-input.sh /var/folders/p3/95t2_00n2jl3r2cn79bfn18h0000gp/T//fm-turnend-guard.IpXS2c/hook-timing/bin/fm-operational-input.sh
++ cp /Users/AI/.no-mistakes/worktrees/edb446952c22/01M1EYV82B3ZA2ZEAH2A2NMK1R/bin/fm-supervision-instructions.sh /var/folders/p3/95t2_00n2jl3r2cn79bfn18h0000gp/T//fm-turnend-guard.IpXS2c/hook-timing/bin/fm-supervision-instructions.sh
++ cp /Users/AI/.no-mistakes/worktrees/edb446952c22/01M1EYV82B3ZA2ZEAH2A2NMK1R/bin/fm-harness.sh /var/folders/p3/95t2_00n2jl3r2cn79bfn18h0000gp/T//fm-turnend-guard.IpXS2c/hook-timing/bin/fm-harness.sh
++ cp /Users/AI/.no-mistakes/worktrees/edb446952c22/01M1EYV82B3ZA2ZEAH2A2NMK1R/bin/fm-primary-scope-lib.sh /var/folders/p3/95t2_00n2jl3r2cn79bfn18h0000gp/T//fm-turnend-guard.IpXS2c/hook-timing/bin/fm-primary-scope-lib.sh
++ cp /Users/AI/.no-mistakes/worktrees/edb446952c22/01M1EYV82B3ZA2ZEAH2A2NMK1R/bin/fm-supervision-lib.sh /var/folders/p3/95t2_00n2jl3r2cn79bfn18h0000gp/T//fm-turnend-guard.IpXS2c/hook-timing/bin/fm-supervision-lib.sh
++ cp /Users/AI/.no-mistakes/worktrees/edb446952c22/01M1EYV82B3ZA2ZEAH2A2NMK1R/bin/fm-wake-lib.sh /var/folders/p3/95t2_00n2jl3r2cn79bfn18h0000gp/T//fm-turnend-guard.IpXS2c/hook-timing/bin/fm-wake-lib.sh
++ cp /Users/AI/.no-mistakes/worktrees/edb446952c22/01M1EYV82B3ZA2ZEAH2A2NMK1R/bin/fm-hook-host-lib.sh /var/folders/p3/95t2_00n2jl3r2cn79bfn18h0000gp/T//fm-turnend-guard.IpXS2c/hook-timing/bin/fm-hook-host-lib.sh
++ cp /Users/AI/.no-mistakes/worktrees/edb446952c22/01M1EYV82B3ZA2ZEAH2A2NMK1R/bin/fm-timeout-lib.sh /var/folders/p3/95t2_00n2jl3r2cn79bfn18h0000gp/T//fm-turnend-guard.IpXS2c/hook-timing/bin/fm-timeout-lib.sh
++ cp /Users/AI/.no-mistakes/worktrees/edb446952c22/01M1EYV82B3ZA2ZEAH2A2NMK1R/bin/fm-owner-invoke-wait-check.sh /var/folders/p3/95t2_00n2jl3r2cn79bfn18h0000gp/T//fm-turnend-guard.IpXS2c/hook-timing/bin/fm-owner-invoke-wait-check.sh
++ mkdir -p /var/folders/p3/95t2_00n2jl3r2cn79bfn18h0000gp/T//fm-turnend-guard.IpXS2c/hook-timing/docs
++ cp -R /Users/AI/.no-mistakes/worktrees/edb446952c22/01M1EYV82B3ZA2ZEAH2A2NMK1R/docs/supervision-protocols /var/folders/p3/95t2_00n2jl3r2cn79bfn18h0000gp/T//fm-turnend-guard.IpXS2c/hook-timing/docs/supervision-protocols
++ chmod +x /var/folders/p3/95t2_00n2jl3r2cn79bfn18h0000gp/T//fm-turnend-guard.IpXS2c/hook-timing/bin/fm-turnend-guard.sh /var/folders/p3/95t2_00n2jl3r2cn79bfn18h0000gp/T//fm-turnend-guard.IpXS2c/hook-timing/bin/fm-turnend-guard-grok.sh /var/folders/p3/95t2_00n2jl3r2cn79bfn18h0000gp/T//fm-turnend-guard.IpXS2c/hook-timing/bin/fm-operational-input.sh /var/folders/p3/95t2_00n2jl3r2cn79bfn18h0000gp/T//fm-turnend-guard.IpXS2c/hook-timing/bin/fm-supervision-instructions.sh /var/folders/p3/95t2_00n2jl3r2cn79bfn18h0000gp/T//fm-turnend-guard.IpXS2c/hook-timing/bin/fm-harness.sh /var/folders/p3/95t2_00n2jl3r2cn79bfn18h0000gp/T//fm-turnend-guard.IpXS2c/hook-timing/bin/fm-owner-invoke-wait-check.sh
++ printf '%s\n' /var/folders/p3/95t2_00n2jl3r2cn79bfn18h0000gp/T//fm-turnend-guard.IpXS2c/hook-timing
+ dir=/var/folders/p3/95t2_00n2jl3r2cn79bfn18h0000gp/T//fm-turnend-guard.IpXS2c/hook-timing
+ :
+ start=17
+ run_hook /var/folders/p3/95t2_00n2jl3r2cn79bfn18h0000gp/T//fm-turnend-guard.IpXS2c/hook-timing false
+ local dir=/var/folders/p3/95t2_00n2jl3r2cn79bfn18h0000gp/T//fm-turnend-guard.IpXS2c/hook-timing stop_active=false home
++ cd /var/folders/p3/95t2_00n2jl3r2cn79bfn18h0000gp/T//fm-turnend-guard.IpXS2c/hook-timing
++ pwd
+ home=/var/folders/p3/95t2_00n2jl3r2cn79bfn18h0000gp/T/fm-turnend-guard.IpXS2c/hook-timing
+ printf '{"stop_hook_active":%s}' false
+ CLAUDECODE=1
+ FM_HOME=/var/folders/p3/95t2_00n2jl3r2cn79bfn18h0000gp/T/fm-turnend-guard.IpXS2c/hook-timing
+ bash /var/folders/p3/95t2_00n2jl3r2cn79bfn18h0000gp/T//fm-turnend-guard.IpXS2c/hook-timing/bin/fm-turnend-guard.sh
+ elapsed_s=0
+ '[' 0 -lt 3 ']'
+ pass 'fm-turnend-guard: runs well under the generous timing margin (0s)'
+ printf 'ok - %s\n' 'fm-turnend-guard: runs well under the generous timing margin (0s)'
ok - fm-turnend-guard: runs well under the generous timing margin (0s)
+ test_grok_adapter_forces_one_resume_when_unhealthy
+ local dir fakebin log out status
++ make_primary_dir /var/folders/p3/95t2_00n2jl3r2cn79bfn18h0000gp/T//fm-turnend-guard.IpXS2c/grok-adapter-block
++ local dir=/var/folders/p3/95t2_00n2jl3r2cn79bfn18h0000gp/T//fm-turnend-guard.IpXS2c/grok-adapter-block
++ mkdir -p /var/folders/p3/95t2_00n2jl3r2cn79bfn18h0000gp/T//fm-turnend-guard.IpXS2c/grok-adapter-block/state
++ git init -q /var/folders/p3/95t2_00n2jl3r2cn79bfn18h0000gp/T//fm-turnend-guard.IpXS2c/grok-adapter-block
++ git -C /var/folders/p3/95t2_00n2jl3r2cn79bfn18h0000gp/T//fm-turnend-guard.IpXS2c/grok-adapter-block commit -q --allow-empty -m init
++ :
++ install_guard_scripts /var/folders/p3/95t2_00n2jl3r2cn79bfn18h0000gp/T//fm-turnend-guard.IpXS2c/grok-adapter-block
++ local dir=/var/folders/p3/95t2_00n2jl3r2cn79bfn18h0000gp/T//fm-turnend-guard.IpXS2c/grok-adapter-block
++ mkdir -p /var/folders/p3/95t2_00n2jl3r2cn79bfn18h0000gp/T//fm-turnend-guard.IpXS2c/grok-adapter-block/bin
++ cp /Users/AI/.no-mistakes/worktrees/edb446952c22/01M1EYV82B3ZA2ZEAH2A2NMK1R/bin/fm-turnend-guard.sh /var/folders/p3/95t2_00n2jl3r2cn79bfn18h0000gp/T//fm-turnend-guard.IpXS2c/grok-adapter-block/bin/fm-turnend-guard.sh
++ cp /Users/AI/.no-mistakes/worktrees/edb446952c22/01M1EYV82B3ZA2ZEAH2A2NMK1R/bin/fm-turnend-guard-grok.sh /var/folders/p3/95t2_00n2jl3r2cn79bfn18h0000gp/T//fm-turnend-guard.IpXS2c/grok-adapter-block/bin/fm-turnend-guard-grok.sh
++ cp /Users/AI/.no-mistakes/worktrees/edb446952c22/01M1EYV82B3ZA2ZEAH2A2NMK1R/bin/fm-operational-input.sh /var/folders/p3/95t2_00n2jl3r2cn79bfn18h0000gp/T//fm-turnend-guard.IpXS2c/grok-adapter-block/bin/fm-operational-input.sh
++ cp /Users/AI/.no-mistakes/worktrees/edb446952c22/01M1EYV82B3ZA2ZEAH2A2NMK1R/bin/fm-supervision-instructions.sh /var/folders/p3/95t2_00n2jl3r2cn79bfn18h0000gp/T//fm-turnend-guard.IpXS2c/grok-adapter-block/bin/fm-supervision-instructions.sh
++ cp /Users/AI/.no-mistakes/worktrees/edb446952c22/01M1EYV82B3ZA2ZEAH2A2NMK1R/bin/fm-harness.sh /var/folders/p3/95t2_00n2jl3r2cn79bfn18h0000gp/T//fm-turnend-guard.IpXS2c/grok-adapter-block/bin/fm-harness.sh
++ cp /Users/AI/.no-mistakes/worktrees/edb446952c22/01M1EYV82B3ZA2ZEAH2A2NMK1R/bin/fm-primary-scope-lib.sh /var/folders/p3/95t2_00n2jl3r2cn79bfn18h0000gp/T//fm-turnend-guard.IpXS2c/grok-adapter-block/bin/fm-primary-scope-lib.sh
++ cp /Users/AI/.no-mistakes/worktrees/edb446952c22/01M1EYV82B3ZA2ZEAH2A2NMK1R/bin/fm-supervision-lib.sh /var/folders/p3/95t2_00n2jl3r2cn79bfn18h0000gp/T//fm-turnend-guard.IpXS2c/grok-adapter-block/bin/fm-supervision-lib.sh
++ cp /Users/AI/.no-mistakes/worktrees/edb446952c22/01M1EYV82B3ZA2ZEAH2A2NMK1R/bin/fm-wake-lib.sh /var/folders/p3/95t2_00n2jl3r2cn79bfn18h0000gp/T//fm-turnend-guard.IpXS2c/grok-adapter-block/bin/fm-wake-lib.sh
++ cp /Users/AI/.no-mistakes/worktrees/edb446952c22/01M1EYV82B3ZA2ZEAH2A2NMK1R/bin/fm-hook-host-lib.sh /var/folders/p3/95t2_00n2jl3r2cn79bfn18h0000gp/T//fm-turnend-guard.IpXS2c/grok-adapter-block/bin/fm-hook-host-lib.sh
++ cp /Users/AI/.no-mistakes/worktrees/edb446952c22/01M1EYV82B3ZA2ZEAH2A2NMK1R/bin/fm-timeout-lib.sh /var/folders/p3/95t2_00n2jl3r2cn79bfn18h0000gp/T//fm-turnend-guard.IpXS2c/grok-adapter-block/bin/fm-timeout-lib.sh
++ cp /Users/AI/.no-mistakes/worktrees/edb446952c22/01M1EYV82B3ZA2ZEAH2A2NMK1R/bin/fm-owner-invoke-wait-check.sh /var/folders/p3/95t2_00n2jl3r2cn79bfn18h0000gp/T//fm-turnend-guard.IpXS2c/grok-adapter-block/bin/fm-owner-invoke-wait-check.sh
++ mkdir -p /var/folders/p3/95t2_00n2jl3r2cn79bfn18h0000gp/T//fm-turnend-guard.IpXS2c/grok-adapter-block/docs
++ cp -R /Users/AI/.no-mistakes/worktrees/edb446952c22/01M1EYV82B3ZA2ZEAH2A2NMK1R/docs/supervision-protocols /var/folders/p3/95t2_00n2jl3r2cn79bfn18h0000gp/T//fm-turnend-guard.IpXS2c/grok-adapter-block/docs/supervision-protocols
++ chmod +x /var/folders/p3/95t2_00n2jl3r2cn79bfn18h0000gp/T//fm-turnend-guard.IpXS2c/grok-adapter-block/bin/fm-turnend-guard.sh /var/folders/p3/95t2_00n2jl3r2cn79bfn18h0000gp/T//fm-turnend-guard.IpXS2c/grok-adapter-block/bin/fm-turnend-guard-grok.sh /var/folders/p3/95t2_00n2jl3r2cn79bfn18h0000gp/T//fm-turnend-guard.IpXS2c/grok-adapter-block/bin/fm-operational-input.sh /var/folders/p3/95t2_00n2jl3r2cn79bfn18h0000gp/T//fm-turnend-guard.IpXS2c/grok-adapter-block/bin/fm-supervision-instructions.sh /var/folders/p3/95t2_00n2jl3r2cn79bfn18h0000gp/T//fm-turnend-guard.IpXS2c/grok-adapter-block/bin/fm-harness.sh /var/folders/p3/95t2_00n2jl3r2cn79bfn18h0000gp/T//fm-turnend-guard.IpXS2c/grok-adapter-block/bin/fm-owner-invoke-wait-check.sh
++ printf '%s\n' /var/folders/p3/95t2_00n2jl3r2cn79bfn18h0000gp/T//fm-turnend-guard.IpXS2c/grok-adapter-block
+ dir=/var/folders/p3/95t2_00n2jl3r2cn79bfn18h0000gp/T//fm-turnend-guard.IpXS2c/grok-adapter-block
+ :
++ fm_fakebin /var/folders/p3/95t2_00n2jl3r2cn79bfn18h0000gp/T//fm-turnend-guard.IpXS2c/grok-adapter-fakebin
++ local dir=/var/folders/p3/95t2_00n2jl3r2cn79bfn18h0000gp/T//fm-turnend-guard.IpXS2c/grok-adapter-fakebin fakebin=/var/folders/p3/95t2_00n2jl3r2cn79bfn18h0000gp/T//fm-turnend-guard.IpXS2c/grok-adapter-fakebin/fakebin
++ mkdir -p /var/folders/p3/95t2_00n2jl3r2cn79bfn18h0000gp/T//fm-turnend-guard.IpXS2c/grok-adapter-fakebin/fakebin
++ printf '%s\n' /var/folders/p3/95t2_00n2jl3r2cn79bfn18h0000gp/T//fm-turnend-guard.IpXS2c/grok-adapter-fakebin/fakebin
+ fakebin=/var/folders/p3/95t2_00n2jl3r2cn79bfn18h0000gp/T//fm-turnend-guard.IpXS2c/grok-adapter-fakebin/fakebin
+ log=/var/folders/p3/95t2_00n2jl3r2cn79bfn18h0000gp/T//fm-turnend-guard.IpXS2c/grok-adapter-call.log
+ cat
+ chmod +x /var/folders/p3/95t2_00n2jl3r2cn79bfn18h0000gp/T//fm-turnend-guard.IpXS2c/grok-adapter-fakebin/fakebin/grok
++ printf '{"sessionId":"session-test","hookEventName":"stop"}'
++ PATH=/var/folders/p3/95t2_00n2jl3r2cn79bfn18h0000gp/T//fm-turnend-guard.IpXS2c/grok-adapter-fakebin/fakebin:/Users/AI/.grok/bin:/Users/AI/bin:/Users/AI/.homebrew/opt/node@24/bin:/Users/AI/.local/bin:/Users/AI/.homebrew/bin:/Users/AI/.homebrew/sbin:/usr/local/bin:/System/Cryptexes/App/usr/bin:/usr/bin:/bin:/usr/sbin:/sbin:/var/run/com.apple.security.cryptexd/codex.system/bootstrap/usr/local/bin:/var/run/com.apple.security.cryptexd/codex.system/bootstrap/usr/bin:/var/run/com.apple.security.cryptexd/codex.system/bootstrap/usr/appleinternal/bin:/pkg/env/global/bin:/opt/homebrew/bin:/Users/AI/.codex/tmp/arg0/codex-arg019qtEJ:/Users/AI/.grok/bin:/Users/AI/bin:/Users/AI/.homebrew/opt/node@24/bin:/Users/AI/.local/bin:/Users/AI/go/bin:/Users/AI/.cargo/bin:/opt/homebrew/sbin:/usr/local/sbin
++ GROK_WORKSPACE_ROOT=/var/folders/p3/95t2_00n2jl3r2cn79bfn18h0000gp/T//fm-turnend-guard.IpXS2c/grok-adapter-block
++ bash /var/folders/p3/95t2_00n2jl3r2cn79bfn18h0000gp/T//fm-turnend-guard.IpXS2c/grok-adapter-block/bin/fm-turnend-guard-grok.sh
+ out=
+ status=0
+ expect_code 0 0 'grok adapter must fail open after queuing a forced resume'
+ local expected=0 actual=0 'label=grok adapter must fail open after queuing a forced resume'
+ '[' 0 = 0 ']'
+ '[' -z '' ']'
++ cat /var/folders/p3/95t2_00n2jl3r2cn79bfn18h0000gp/T//fm-turnend-guard.IpXS2c/grok-adapter-call.log
+ assert_contains 'active=1
home=/Users/AI/.grok
args: <--resume> <session-test> <--cwd> </var/folders/p3/95t2_00n2jl3r2cn79bfn18h0000gp/T//fm-turnend-guard.IpXS2c/grok-adapter-block> <--output-format> <plain> <-p> <⁣FIRSTMATE_OP: v1 turn-end-guard: TURN WOULD END BLIND - supervision is off. Repair missing watcher supervision according to the session-start operating block before ending the turn.

●━━━━━━━━━━━━━━━━━━━━━━━━━━━━━━━━━━━━━━━━━━━━━━━━━━━━━━━━━━━━━━━━━━━━━━━
●  TURN WOULD END BLIND - SUPERVISION IS OFF
●  1 task(s) in flight, but no live watcher holds this home lock (last beat: never).
●  repair missing watcher supervision according to the session-start block for this harness; do not use shell &.
●━━━━━━━━━━━━━━━━━━━━━━━━━━━━━━━━━━━━━━━━━━━━━━━━━━━━━━━━━━━━━━━━━━━━━━━>' active=1 'grok adapter must mark its forced resume as loop-guarded'
+ case "$1" in
+ :
++ cat /var/folders/p3/95t2_00n2jl3r2cn79bfn18h0000gp/T//fm-turnend-guard.IpXS2c/grok-adapter-call.log
+ assert_contains 'active=1
home=/Users/AI/.grok
args: <--resume> <session-test> <--cwd> </var/folders/p3/95t2_00n2jl3r2cn79bfn18h0000gp/T//fm-turnend-guard.IpXS2c/grok-adapter-block> <--output-format> <plain> <-p> <⁣FIRSTMATE_OP: v1 turn-end-guard: TURN WOULD END BLIND - supervision is off. Repair missing watcher supervision according to the session-start operating block before ending the turn.

●━━━━━━━━━━━━━━━━━━━━━━━━━━━━━━━━━━━━━━━━━━━━━━━━━━━━━━━━━━━━━━━━━━━━━━━
●  TURN WOULD END BLIND - SUPERVISION IS OFF
●  1 task(s) in flight, but no live watcher holds this home lock (last beat: never).
●  repair missing watcher supervision according to the session-start block for this harness; do not use shell &.
●━━━━━━━━━━━━━━━━━━━━━━━━━━━━━━━━━━━━━━━━━━━━━━━━━━━━━━━━━━━━━━━━━━━━━━━>' '<--resume>' 'grok adapter must resume the current session'
+ case "$1" in
+ :
++ cat /var/folders/p3/95t2_00n2jl3r2cn79bfn18h0000gp/T//fm-turnend-guard.IpXS2c/grok-adapter-call.log
+ assert_contains 'active=1
home=/Users/AI/.grok
args: <--resume> <session-test> <--cwd> </var/folders/p3/95t2_00n2jl3r2cn79bfn18h0000gp/T//fm-turnend-guard.IpXS2c/grok-adapter-block> <--output-format> <plain> <-p> <⁣FIRSTMATE_OP: v1 turn-end-guard: TURN WOULD END BLIND - supervision is off. Repair missing watcher supervision according to the session-start operating block before ending the turn.

●━━━━━━━━━━━━━━━━━━━━━━━━━━━━━━━━━━━━━━━━━━━━━━━━━━━━━━━━━━━━━━━━━━━━━━━
●  TURN WOULD END BLIND - SUPERVISION IS OFF
●  1 task(s) in flight, but no live watcher holds this home lock (last beat: never).
●  repair missing watcher supervision according to the session-start block for this harness; do not use shell &.
●━━━━━━━━━━━━━━━━━━━━━━━━━━━━━━━━━━━━━━━━━━━━━━━━━━━━━━━━━━━━━━━━━━━━━━━>' '<session-test>' 'grok adapter must pass the hook session id'
+ case "$1" in
+ :
++ cat /var/folders/p3/95t2_00n2jl3r2cn79bfn18h0000gp/T//fm-turnend-guard.IpXS2c/grok-adapter-call.log
+ assert_not_contains 'active=1
home=/Users/AI/.grok
args: <--resume> <session-test> <--cwd> </var/folders/p3/95t2_00n2jl3r2cn79bfn18h0000gp/T//fm-turnend-guard.IpXS2c/grok-adapter-block> <--output-format> <plain> <-p> <⁣FIRSTMATE_OP: v1 turn-end-guard: TURN WOULD END BLIND - supervision is off. Repair missing watcher supervision according to the session-start operating block before ending the turn.

●━━━━━━━━━━━━━━━━━━━━━━━━━━━━━━━━━━━━━━━━━━━━━━━━━━━━━━━━━━━━━━━━━━━━━━━
●  TURN WOULD END BLIND - SUPERVISION IS OFF
●  1 task(s) in flight, but no live watcher holds this home lock (last beat: never).
●  repair missing watcher supervision according to the session-start block for this harness; do not use shell &.
●━━━━━━━━━━━━━━━━━━━━━━━━━━━━━━━━━━━━━━━━━━━━━━━━━━━━━━━━━━━━━━━━━━━━━━━>' '<--permission-mode>' 'grok adapter must not add a stronger permission mode'
+ case "$1" in
+ :
++ cat /var/folders/p3/95t2_00n2jl3r2cn79bfn18h0000gp/T//fm-turnend-guard.IpXS2c/grok-adapter-call.log
+ assert_not_contains 'active=1
home=/Users/AI/.grok
args: <--resume> <session-test> <--cwd> </var/folders/p3/95t2_00n2jl3r2cn79bfn18h0000gp/T//fm-turnend-guard.IpXS2c/grok-adapter-block> <--output-format> <plain> <-p> <⁣FIRSTMATE_OP: v1 turn-end-guard: TURN WOULD END BLIND - supervision is off. Repair missing watcher supervision according to the session-start operating block before ending the turn.

●━━━━━━━━━━━━━━━━━━━━━━━━━━━━━━━━━━━━━━━━━━━━━━━━━━━━━━━━━━━━━━━━━━━━━━━
●  TURN WOULD END BLIND - SUPERVISION IS OFF
●  1 task(s) in flight, but no live watcher holds this home lock (last beat: never).
●  repair missing watcher supervision according to the session-start block for this harness; do not use shell &.
●━━━━━━━━━━━━━━━━━━━━━━━━━━━━━━━━━━━━━━━━━━━━━━━━━━━━━━━━━━━━━━━━━━━━━━━>' '<bypassPermissions>' 'grok adapter must not bypass permissions on forced resume'
+ case "$1" in
+ :
++ cat /var/folders/p3/95t2_00n2jl3r2cn79bfn18h0000gp/T//fm-turnend-guard.IpXS2c/grok-adapter-call.log
+ assert_contains 'active=1
home=/Users/AI/.grok
args: <--resume> <session-test> <--cwd> </var/folders/p3/95t2_00n2jl3r2cn79bfn18h0000gp/T//fm-turnend-guard.IpXS2c/grok-adapter-block> <--output-format> <plain> <-p> <⁣FIRSTMATE_OP: v1 turn-end-guard: TURN WOULD END BLIND - supervision is off. Repair missing watcher supervision according to the session-start operating block before ending the turn.

●━━━━━━━━━━━━━━━━━━━━━━━━━━━━━━━━━━━━━━━━━━━━━━━━━━━━━━━━━━━━━━━━━━━━━━━
●  TURN WOULD END BLIND - SUPERVISION IS OFF
●  1 task(s) in flight, but no live watcher holds this home lock (last beat: never).
●  repair missing watcher supervision according to the session-start block for this harness; do not use shell &.
●━━━━━━━━━━━━━━━━━━━━━━━━━━━━━━━━━━━━━━━━━━━━━━━━━━━━━━━━━━━━━━━━━━━━━━━>' 'FIRSTMATE_OP: v1 turn-end-guard: TURN WOULD END BLIND' 'grok adapter must retain the typed guard kind'
+ case "$1" in
+ :
+ pass 'fm-turnend-guard-grok: forces one explicitly marked same-session resume when the shared predicate blocks'
+ printf 'ok - %s\n' 'fm-turnend-guard-grok: forces one explicitly marked same-session resume when the shared predicate blocks'
ok - fm-turnend-guard-grok: forces one explicitly marked same-session resume when the shared predicate blocks
+ test_grok_adapter_loop_guard_skips_resume
+ local dir fakebin log out status
++ make_primary_dir /var/folders/p3/95t2_00n2jl3r2cn79bfn18h0000gp/T//fm-turnend-guard.IpXS2c/grok-adapter-loop
++ local dir=/var/folders/p3/95t2_00n2jl3r2cn79bfn18h0000gp/T//fm-turnend-guard.IpXS2c/grok-adapter-loop
++ mkdir -p /var/folders/p3/95t2_00n2jl3r2cn79bfn18h0000gp/T//fm-turnend-guard.IpXS2c/grok-adapter-loop/state
++ git init -q /var/folders/p3/95t2_00n2jl3r2cn79bfn18h0000gp/T//fm-turnend-guard.IpXS2c/grok-adapter-loop
++ git -C /var/folders/p3/95t2_00n2jl3r2cn79bfn18h0000gp/T//fm-turnend-guard.IpXS2c/grok-adapter-loop commit -q --allow-empty -m init
++ :
++ install_guard_scripts /var/folders/p3/95t2_00n2jl3r2cn79bfn18h0000gp/T//fm-turnend-guard.IpXS2c/grok-adapter-loop
++ local dir=/var/folders/p3/95t2_00n2jl3r2cn79bfn18h0000gp/T//fm-turnend-guard.IpXS2c/grok-adapter-loop
++ mkdir -p /var/folders/p3/95t2_00n2jl3r2cn79bfn18h0000gp/T//fm-turnend-guard.IpXS2c/grok-adapter-loop/bin
++ cp /Users/AI/.no-mistakes/worktrees/edb446952c22/01M1EYV82B3ZA2ZEAH2A2NMK1R/bin/fm-turnend-guard.sh /var/folders/p3/95t2_00n2jl3r2cn79bfn18h0000gp/T//fm-turnend-guard.IpXS2c/grok-adapter-loop/bin/fm-turnend-guard.sh
++ cp /Users/AI/.no-mistakes/worktrees/edb446952c22/01M1EYV82B3ZA2ZEAH2A2NMK1R/bin/fm-turnend-guard-grok.sh /var/folders/p3/95t2_00n2jl3r2cn79bfn18h0000gp/T//fm-turnend-guard.IpXS2c/grok-adapter-loop/bin/fm-turnend-guard-grok.sh
++ cp /Users/AI/.no-mistakes/worktrees/edb446952c22/01M1EYV82B3ZA2ZEAH2A2NMK1R/bin/fm-operational-input.sh /var/folders/p3/95t2_00n2jl3r2cn79bfn18h0000gp/T//fm-turnend-guard.IpXS2c/grok-adapter-loop/bin/fm-operational-input.sh
++ cp /Users/AI/.no-mistakes/worktrees/edb446952c22/01M1EYV82B3ZA2ZEAH2A2NMK1R/bin/fm-supervision-instructions.sh /var/folders/p3/95t2_00n2jl3r2cn79bfn18h0000gp/T//fm-turnend-guard.IpXS2c/grok-adapter-loop/bin/fm-supervision-instructions.sh
++ cp /Users/AI/.no-mistakes/worktrees/edb446952c22/01M1EYV82B3ZA2ZEAH2A2NMK1R/bin/fm-harness.sh /var/folders/p3/95t2_00n2jl3r2cn79bfn18h0000gp/T//fm-turnend-guard.IpXS2c/grok-adapter-loop/bin/fm-harness.sh
++ cp /Users/AI/.no-mistakes/worktrees/edb446952c22/01M1EYV82B3ZA2ZEAH2A2NMK1R/bin/fm-primary-scope-lib.sh /var/folders/p3/95t2_00n2jl3r2cn79bfn18h0000gp/T//fm-turnend-guard.IpXS2c/grok-adapter-loop/bin/fm-primary-scope-lib.sh
++ cp /Users/AI/.no-mistakes/worktrees/edb446952c22/01M1EYV82B3ZA2ZEAH2A2NMK1R/bin/fm-supervision-lib.sh /var/folders/p3/95t2_00n2jl3r2cn79bfn18h0000gp/T//fm-turnend-guard.IpXS2c/grok-adapter-loop/bin/fm-supervision-lib.sh
++ cp /Users/AI/.no-mistakes/worktrees/edb446952c22/01M1EYV82B3ZA2ZEAH2A2NMK1R/bin/fm-wake-lib.sh /var/folders/p3/95t2_00n2jl3r2cn79bfn18h0000gp/T//fm-turnend-guard.IpXS2c/grok-adapter-loop/bin/fm-wake-lib.sh
++ cp /Users/AI/.no-mistakes/worktrees/edb446952c22/01M1EYV82B3ZA2ZEAH2A2NMK1R/bin/fm-hook-host-lib.sh /var/folders/p3/95t2_00n2jl3r2cn79bfn18h0000gp/T//fm-turnend-guard.IpXS2c/grok-adapter-loop/bin/fm-hook-host-lib.sh
++ cp /Users/AI/.no-mistakes/worktrees/edb446952c22/01M1EYV82B3ZA2ZEAH2A2NMK1R/bin/fm-timeout-lib.sh /var/folders/p3/95t2_00n2jl3r2cn79bfn18h0000gp/T//fm-turnend-guard.IpXS2c/grok-adapter-loop/bin/fm-timeout-lib.sh
++ cp /Users/AI/.no-mistakes/worktrees/edb446952c22/01M1EYV82B3ZA2ZEAH2A2NMK1R/bin/fm-owner-invoke-wait-check.sh /var/folders/p3/95t2_00n2jl3r2cn79bfn18h0000gp/T//fm-turnend-guard.IpXS2c/grok-adapter-loop/bin/fm-owner-invoke-wait-check.sh
++ mkdir -p /var/folders/p3/95t2_00n2jl3r2cn79bfn18h0000gp/T//fm-turnend-guard.IpXS2c/grok-adapter-loop/docs
++ cp -R /Users/AI/.no-mistakes/worktrees/edb446952c22/01M1EYV82B3ZA2ZEAH2A2NMK1R/docs/supervision-protocols /var/folders/p3/95t2_00n2jl3r2cn79bfn18h0000gp/T//fm-turnend-guard.IpXS2c/grok-adapter-loop/docs/supervision-protocols
++ chmod +x /var/folders/p3/95t2_00n2jl3r2cn79bfn18h0000gp/T//fm-turnend-guard.IpXS2c/grok-adapter-loop/bin/fm-turnend-guard.sh /var/folders/p3/95t2_00n2jl3r2cn79bfn18h0000gp/T//fm-turnend-guard.IpXS2c/grok-adapter-loop/bin/fm-turnend-guard-grok.sh /var/folders/p3/95t2_00n2jl3r2cn79bfn18h0000gp/T//fm-turnend-guard.IpXS2c/grok-adapter-loop/bin/fm-operational-input.sh /var/folders/p3/95t2_00n2jl3r2cn79bfn18h0000gp/T//fm-turnend-guard.IpXS2c/grok-adapter-loop/bin/fm-supervision-instructions.sh /var/folders/p3/95t2_00n2jl3r2cn79bfn18h0000gp/T//fm-turnend-guard.IpXS2c/grok-adapter-loop/bin/fm-harness.sh /var/folders/p3/95t2_00n2jl3r2cn79bfn18h0000gp/T//fm-turnend-guard.IpXS2c/grok-adapter-loop/bin/fm-owner-invoke-wait-check.sh
++ printf '%s\n' /var/folders/p3/95t2_00n2jl3r2cn79bfn18h0000gp/T//fm-turnend-guard.IpXS2c/grok-adapter-loop
+ dir=/var/folders/p3/95t2_00n2jl3r2cn79bfn18h0000gp/T//fm-turnend-guard.IpXS2c/grok-adapter-loop
+ :
++ fm_fakebin /var/folders/p3/95t2_00n2jl3r2cn79bfn18h0000gp/T//fm-turnend-guard.IpXS2c/grok-adapter-loop-fakebin
++ local dir=/var/folders/p3/95t2_00n2jl3r2cn79bfn18h0000gp/T//fm-turnend-guard.IpXS2c/grok-adapter-loop-fakebin fakebin=/var/folders/p3/95t2_00n2jl3r2cn79bfn18h0000gp/T//fm-turnend-guard.IpXS2c/grok-adapter-loop-fakebin/fakebin
++ mkdir -p /var/folders/p3/95t2_00n2jl3r2cn79bfn18h0000gp/T//fm-turnend-guard.IpXS2c/grok-adapter-loop-fakebin/fakebin
++ printf '%s\n' /var/folders/p3/95t2_00n2jl3r2cn79bfn18h0000gp/T//fm-turnend-guard.IpXS2c/grok-adapter-loop-fakebin/fakebin
+ fakebin=/var/folders/p3/95t2_00n2jl3r2cn79bfn18h0000gp/T//fm-turnend-guard.IpXS2c/grok-adapter-loop-fakebin/fakebin
+ log=/var/folders/p3/95t2_00n2jl3r2cn79bfn18h0000gp/T//fm-turnend-guard.IpXS2c/grok-adapter-loop-call.log
+ cat
+ chmod +x /var/folders/p3/95t2_00n2jl3r2cn79bfn18h0000gp/T//fm-turnend-guard.IpXS2c/grok-adapter-loop-fakebin/fakebin/grok
++ printf '{"sessionId":"session-test","hookEventName":"stop"}'
++ PATH=/var/folders/p3/95t2_00n2jl3r2cn79bfn18h0000gp/T//fm-turnend-guard.IpXS2c/grok-adapter-loop-fakebin/fakebin:/Users/AI/.grok/bin:/Users/AI/bin:/Users/AI/.homebrew/opt/node@24/bin:/Users/AI/.local/bin:/Users/AI/.homebrew/bin:/Users/AI/.homebrew/sbin:/usr/local/bin:/System/Cryptexes/App/usr/bin:/usr/bin:/bin:/usr/sbin:/sbin:/var/run/com.apple.security.cryptexd/codex.system/bootstrap/usr/local/bin:/var/run/com.apple.security.cryptexd/codex.system/bootstrap/usr/bin:/var/run/com.apple.security.cryptexd/codex.system/bootstrap/usr/appleinternal/bin:/pkg/env/global/bin:/opt/homebrew/bin:/Users/AI/.codex/tmp/arg0/codex-arg019qtEJ:/Users/AI/.grok/bin:/Users/AI/bin:/Users/AI/.homebrew/opt/node@24/bin:/Users/AI/.local/bin:/Users/AI/go/bin:/Users/AI/.cargo/bin:/opt/homebrew/sbin:/usr/local/sbin
++ GROK_WORKSPACE_ROOT=/var/folders/p3/95t2_00n2jl3r2cn79bfn18h0000gp/T//fm-turnend-guard.IpXS2c/grok-adapter-loop
++ GROK_TURNEND_GUARD_ACTIVE=1
++ bash /var/folders/p3/95t2_00n2jl3r2cn79bfn18h0000gp/T//fm-turnend-guard.IpXS2c/grok-adapter-loop/bin/fm-turnend-guard-grok.sh
+ out=
+ status=0
+ expect_code 0 0 'grok adapter must allow its own forced resume turn to end'
+ local expected=0 actual=0 'label=grok adapter must allow its own forced resume turn to end'
+ '[' 0 = 0 ']'
+ '[' -z '' ']'
+ '[' '!' -e /var/folders/p3/95t2_00n2jl3r2cn79bfn18h0000gp/T//fm-turnend-guard.IpXS2c/grok-adapter-loop-call.log ']'
+ pass 'fm-turnend-guard-grok: legacy environment loop guard prevents a nested resume loop'
+ printf 'ok - %s\n' 'fm-turnend-guard-grok: legacy environment loop guard prevents a nested resume loop'
ok - fm-turnend-guard-grok: legacy environment loop guard prevents a nested resume loop
+ test_grok_adapter_native_false_blocks_without_resume
+ local dir fakebin log out status
++ make_primary_dir /var/folders/p3/95t2_00n2jl3r2cn79bfn18h0000gp/T//fm-turnend-guard.IpXS2c/grok-native-false
++ local dir=/var/folders/p3/95t2_00n2jl3r2cn79bfn18h0000gp/T//fm-turnend-guard.IpXS2c/grok-native-false
++ mkdir -p /var/folders/p3/95t2_00n2jl3r2cn79bfn18h0000gp/T//fm-turnend-guard.IpXS2c/grok-native-false/state
++ git init -q /var/folders/p3/95t2_00n2jl3r2cn79bfn18h0000gp/T//fm-turnend-guard.IpXS2c/grok-native-false
++ git -C /var/folders/p3/95t2_00n2jl3r2cn79bfn18h0000gp/T//fm-turnend-guard.IpXS2c/grok-native-false commit -q --allow-empty -m init
++ :
++ install_guard_scripts /var/folders/p3/95t2_00n2jl3r2cn79bfn18h0000gp/T//fm-turnend-guard.IpXS2c/grok-native-false
++ local dir=/var/folders/p3/95t2_00n2jl3r2cn79bfn18h0000gp/T//fm-turnend-guard.IpXS2c/grok-native-false
++ mkdir -p /var/folders/p3/95t2_00n2jl3r2cn79bfn18h0000gp/T//fm-turnend-guard.IpXS2c/grok-native-false/bin
++ cp /Users/AI/.no-mistakes/worktrees/edb446952c22/01M1EYV82B3ZA2ZEAH2A2NMK1R/bin/fm-turnend-guard.sh /var/folders/p3/95t2_00n2jl3r2cn79bfn18h0000gp/T//fm-turnend-guard.IpXS2c/grok-native-false/bin/fm-turnend-guard.sh
++ cp /Users/AI/.no-mistakes/worktrees/edb446952c22/01M1EYV82B3ZA2ZEAH2A2NMK1R/bin/fm-turnend-guard-grok.sh /var/folders/p3/95t2_00n2jl3r2cn79bfn18h0000gp/T//fm-turnend-guard.IpXS2c/grok-native-false/bin/fm-turnend-guard-grok.sh
++ cp /Users/AI/.no-mistakes/worktrees/edb446952c22/01M1EYV82B3ZA2ZEAH2A2NMK1R/bin/fm-operational-input.sh /var/folders/p3/95t2_00n2jl3r2cn79bfn18h0000gp/T//fm-turnend-guard.IpXS2c/grok-native-false/bin/fm-operational-input.sh
++ cp /Users/AI/.no-mistakes/worktrees/edb446952c22/01M1EYV82B3ZA2ZEAH2A2NMK1R/bin/fm-supervision-instructions.sh /var/folders/p3/95t2_00n2jl3r2cn79bfn18h0000gp/T//fm-turnend-guard.IpXS2c/grok-native-false/bin/fm-supervision-instructions.sh
++ cp /Users/AI/.no-mistakes/worktrees/edb446952c22/01M1EYV82B3ZA2ZEAH2A2NMK1R/bin/fm-harness.sh /var/folders/p3/95t2_00n2jl3r2cn79bfn18h0000gp/T//fm-turnend-guard.IpXS2c/grok-native-false/bin/fm-harness.sh
++ cp /Users/AI/.no-mistakes/worktrees/edb446952c22/01M1EYV82B3ZA2ZEAH2A2NMK1R/bin/fm-primary-scope-lib.sh /var/folders/p3/95t2_00n2jl3r2cn79bfn18h0000gp/T//fm-turnend-guard.IpXS2c/grok-native-false/bin/fm-primary-scope-lib.sh
++ cp /Users/AI/.no-mistakes/worktrees/edb446952c22/01M1EYV82B3ZA2ZEAH2A2NMK1R/bin/fm-supervision-lib.sh /var/folders/p3/95t2_00n2jl3r2cn79bfn18h0000gp/T//fm-turnend-guard.IpXS2c/grok-native-false/bin/fm-supervision-lib.sh
++ cp /Users/AI/.no-mistakes/worktrees/edb446952c22/01M1EYV82B3ZA2ZEAH2A2NMK1R/bin/fm-wake-lib.sh /var/folders/p3/95t2_00n2jl3r2cn79bfn18h0000gp/T//fm-turnend-guard.IpXS2c/grok-native-false/bin/fm-wake-lib.sh
++ cp /Users/AI/.no-mistakes/worktrees/edb446952c22/01M1EYV82B3ZA2ZEAH2A2NMK1R/bin/fm-hook-host-lib.sh /var/folders/p3/95t2_00n2jl3r2cn79bfn18h0000gp/T//fm-turnend-guard.IpXS2c/grok-native-false/bin/fm-hook-host-lib.sh
++ cp /Users/AI/.no-mistakes/worktrees/edb446952c22/01M1EYV82B3ZA2ZEAH2A2NMK1R/bin/fm-timeout-lib.sh /var/folders/p3/95t2_00n2jl3r2cn79bfn18h0000gp/T//fm-turnend-guard.IpXS2c/grok-native-false/bin/fm-timeout-lib.sh
++ cp /Users/AI/.no-mistakes/worktrees/edb446952c22/01M1EYV82B3ZA2ZEAH2A2NMK1R/bin/fm-owner-invoke-wait-check.sh /var/folders/p3/95t2_00n2jl3r2cn79bfn18h0000gp/T//fm-turnend-guard.IpXS2c/grok-native-false/bin/fm-owner-invoke-wait-check.sh
++ mkdir -p /var/folders/p3/95t2_00n2jl3r2cn79bfn18h0000gp/T//fm-turnend-guard.IpXS2c/grok-native-false/docs
++ cp -R /Users/AI/.no-mistakes/worktrees/edb446952c22/01M1EYV82B3ZA2ZEAH2A2NMK1R/docs/supervision-protocols /var/folders/p3/95t2_00n2jl3r2cn79bfn18h0000gp/T//fm-turnend-guard.IpXS2c/grok-native-false/docs/supervision-protocols
++ chmod +x /var/folders/p3/95t2_00n2jl3r2cn79bfn18h0000gp/T//fm-turnend-guard.IpXS2c/grok-native-false/bin/fm-turnend-guard.sh /var/folders/p3/95t2_00n2jl3r2cn79bfn18h0000gp/T//fm-turnend-guard.IpXS2c/grok-native-false/bin/fm-turnend-guard-grok.sh /var/folders/p3/95t2_00n2jl3r2cn79bfn18h0000gp/T//fm-turnend-guard.IpXS2c/grok-native-false/bin/fm-operational-input.sh /var/folders/p3/95t2_00n2jl3r2cn79bfn18h0000gp/T//fm-turnend-guard.IpXS2c/grok-native-false/bin/fm-supervision-instructions.sh /var/folders/p3/95t2_00n2jl3r2cn79bfn18h0000gp/T//fm-turnend-guard.IpXS2c/grok-native-false/bin/fm-harness.sh /var/folders/p3/95t2_00n2jl3r2cn79bfn18h0000gp/T//fm-turnend-guard.IpXS2c/grok-native-false/bin/fm-owner-invoke-wait-check.sh
++ printf '%s\n' /var/folders/p3/95t2_00n2jl3r2cn79bfn18h0000gp/T//fm-turnend-guard.IpXS2c/grok-native-false
+ dir=/var/folders/p3/95t2_00n2jl3r2cn79bfn18h0000gp/T//fm-turnend-guard.IpXS2c/grok-native-false
+ :
++ fm_fakebin /var/folders/p3/95t2_00n2jl3r2cn79bfn18h0000gp/T//fm-turnend-guard.IpXS2c/grok-native-false-bin
++ local dir=/var/folders/p3/95t2_00n2jl3r2cn79bfn18h0000gp/T//fm-turnend-guard.IpXS2c/grok-native-false-bin fakebin=/var/folders/p3/95t2_00n2jl3r2cn79bfn18h0000gp/T//fm-turnend-guard.IpXS2c/grok-native-false-bin/fakebin
++ mkdir -p /var/folders/p3/95t2_00n2jl3r2cn79bfn18h0000gp/T//fm-turnend-guard.IpXS2c/grok-native-false-bin/fakebin
++ printf '%s\n' /var/folders/p3/95t2_00n2jl3r2cn79bfn18h0000gp/T//fm-turnend-guard.IpXS2c/grok-native-false-bin/fakebin
+ fakebin=/var/folders/p3/95t2_00n2jl3r2cn79bfn18h0000gp/T//fm-turnend-guard.IpXS2c/grok-native-false-bin/fakebin
+ log=/var/folders/p3/95t2_00n2jl3r2cn79bfn18h0000gp/T//fm-turnend-guard.IpXS2c/grok-native-false.log
+ printf '#!/usr/bin/env bash\nprintf called >> %q\n' /var/folders/p3/95t2_00n2jl3r2cn79bfn18h0000gp/T//fm-turnend-guard.IpXS2c/grok-native-false.log
+ chmod +x /var/folders/p3/95t2_00n2jl3r2cn79bfn18h0000gp/T//fm-turnend-guard.IpXS2c/grok-native-false-bin/fakebin/grok
++ printf %s '{"sessionId":"native","stopHookActive":false}'
++ PATH=/var/folders/p3/95t2_00n2jl3r2cn79bfn18h0000gp/T//fm-turnend-guard.IpXS2c/grok-native-false-bin/fakebin:/Users/AI/.grok/bin:/Users/AI/bin:/Users/AI/.homebrew/opt/node@24/bin:/Users/AI/.local/bin:/Users/AI/.homebrew/bin:/Users/AI/.homebrew/sbin:/usr/local/bin:/System/Cryptexes/App/usr/bin:/usr/bin:/bin:/usr/sbin:/sbin:/var/run/com.apple.security.cryptexd/codex.system/bootstrap/usr/local/bin:/var/run/com.apple.security.cryptexd/codex.system/bootstrap/usr/bin:/var/run/com.apple.security.cryptexd/codex.system/bootstrap/usr/appleinternal/bin:/pkg/env/global/bin:/opt/homebrew/bin:/Users/AI/.codex/tmp/arg0/codex-arg019qtEJ:/Users/AI/.grok/bin:/Users/AI/bin:/Users/AI/.homebrew/opt/node@24/bin:/Users/AI/.local/bin:/Users/AI/go/bin:/Users/AI/.cargo/bin:/opt/homebrew/sbin:/usr/local/sbin
++ GROK_WORKSPACE_ROOT=/var/folders/p3/95t2_00n2jl3r2cn79bfn18h0000gp/T//fm-turnend-guard.IpXS2c/grok-native-false
++ bash /var/folders/p3/95t2_00n2jl3r2cn79bfn18h0000gp/T//fm-turnend-guard.IpXS2c/grok-native-false/bin/fm-turnend-guard-grok.sh
+ out='●━━━━━━━━━━━━━━━━━━━━━━━━━━━━━━━━━━━━━━━━━━━━━━━━━━━━━━━━━━━━━━━━━━━━━━━
●  TURN WOULD END BLIND - SUPERVISION IS OFF
●  1 task(s) in flight, but no live watcher holds this home lock (last beat: never).
●  repair missing watcher supervision according to the session-start block for this harness; do not use shell &.
●━━━━━━━━━━━━━━━━━━━━━━━━━━━━━━━━━━━━━━━━━━━━━━━━━━━━━━━━━━━━━━━━━━━━━━━'
+ status=2
+ expect_code 2 2 'native stopHookActive=false must return the shared blocking status'
+ local expected=2 actual=2 'label=native stopHookActive=false must return the shared blocking status'
+ '[' 2 = 2 ']'
+ assert_contains '●━━━━━━━━━━━━━━━━━━━━━━━━━━━━━━━━━━━━━━━━━━━━━━━━━━━━━━━━━━━━━━━━━━━━━━━
●  TURN WOULD END BLIND - SUPERVISION IS OFF
●  1 task(s) in flight, but no live watcher holds this home lock (last beat: never).
●  repair missing watcher supervision according to the session-start block for this harness; do not use shell &.
●━━━━━━━━━━━━━━━━━━━━━━━━━━━━━━━━━━━━━━━━━━━━━━━━━━━━━━━━━━━━━━━━━━━━━━━' 'TURN WOULD END BLIND' 'native block must pass shared guard feedback to Grok'
+ case "$1" in
+ :
+ '[' '!' -e /var/folders/p3/95t2_00n2jl3r2cn79bfn18h0000gp/T//fm-turnend-guard.IpXS2c/grok-native-false.log ']'
+ pass 'fm-turnend-guard-grok: native false delegates blocking feedback with zero resume processes'
+ printf 'ok - %s\n' 'fm-turnend-guard-grok: native false delegates blocking feedback with zero resume processes'
ok - fm-turnend-guard-grok: native false delegates blocking feedback with zero resume processes
+ test_grok_adapter_native_true_allows_without_resume
+ local dir fakebin log out status
++ make_primary_dir /var/folders/p3/95t2_00n2jl3r2cn79bfn18h0000gp/T//fm-turnend-guard.IpXS2c/grok-native-true
++ local dir=/var/folders/p3/95t2_00n2jl3r2cn79bfn18h0000gp/T//fm-turnend-guard.IpXS2c/grok-native-true
++ mkdir -p /var/folders/p3/95t2_00n2jl3r2cn79bfn18h0000gp/T//fm-turnend-guard.IpXS2c/grok-native-true/state
++ git init -q /var/folders/p3/95t2_00n2jl3r2cn79bfn18h0000gp/T//fm-turnend-guard.IpXS2c/grok-native-true
++ git -C /var/folders/p3/95t2_00n2jl3r2cn79bfn18h0000gp/T//fm-turnend-guard.IpXS2c/grok-native-true commit -q --allow-empty -m init
++ :
++ install_guard_scripts /var/folders/p3/95t2_00n2jl3r2cn79bfn18h0000gp/T//fm-turnend-guard.IpXS2c/grok-native-true
++ local dir=/var/folders/p3/95t2_00n2jl3r2cn79bfn18h0000gp/T//fm-turnend-guard.IpXS2c/grok-native-true
++ mkdir -p /var/folders/p3/95t2_00n2jl3r2cn79bfn18h0000gp/T//fm-turnend-guard.IpXS2c/grok-native-true/bin
++ cp /Users/AI/.no-mistakes/worktrees/edb446952c22/01M1EYV82B3ZA2ZEAH2A2NMK1R/bin/fm-turnend-guard.sh /var/folders/p3/95t2_00n2jl3r2cn79bfn18h0000gp/T//fm-turnend-guard.IpXS2c/grok-native-true/bin/fm-turnend-guard.sh
++ cp /Users/AI/.no-mistakes/worktrees/edb446952c22/01M1EYV82B3ZA2ZEAH2A2NMK1R/bin/fm-turnend-guard-grok.sh /var/folders/p3/95t2_00n2jl3r2cn79bfn18h0000gp/T//fm-turnend-guard.IpXS2c/grok-native-true/bin/fm-turnend-guard-grok.sh
++ cp /Users/AI/.no-mistakes/worktrees/edb446952c22/01M1EYV82B3ZA2ZEAH2A2NMK1R/bin/fm-operational-input.sh /var/folders/p3/95t2_00n2jl3r2cn79bfn18h0000gp/T//fm-turnend-guard.IpXS2c/grok-native-true/bin/fm-operational-input.sh
++ cp /Users/AI/.no-mistakes/worktrees/edb446952c22/01M1EYV82B3ZA2ZEAH2A2NMK1R/bin/fm-supervision-instructions.sh /var/folders/p3/95t2_00n2jl3r2cn79bfn18h0000gp/T//fm-turnend-guard.IpXS2c/grok-native-true/bin/fm-supervision-instructions.sh
++ cp /Users/AI/.no-mistakes/worktrees/edb446952c22/01M1EYV82B3ZA2ZEAH2A2NMK1R/bin/fm-harness.sh /var/folders/p3/95t2_00n2jl3r2cn79bfn18h0000gp/T//fm-turnend-guard.IpXS2c/grok-native-true/bin/fm-harness.sh
++ cp /Users/AI/.no-mistakes/worktrees/edb446952c22/01M1EYV82B3ZA2ZEAH2A2NMK1R/bin/fm-primary-scope-lib.sh /var/folders/p3/95t2_00n2jl3r2cn79bfn18h0000gp/T//fm-turnend-guard.IpXS2c/grok-native-true/bin/fm-primary-scope-lib.sh
++ cp /Users/AI/.no-mistakes/worktrees/edb446952c22/01M1EYV82B3ZA2ZEAH2A2NMK1R/bin/fm-supervision-lib.sh /var/folders/p3/95t2_00n2jl3r2cn79bfn18h0000gp/T//fm-turnend-guard.IpXS2c/grok-native-true/bin/fm-supervision-lib.sh
++ cp /Users/AI/.no-mistakes/worktrees/edb446952c22/01M1EYV82B3ZA2ZEAH2A2NMK1R/bin/fm-wake-lib.sh /var/folders/p3/95t2_00n2jl3r2cn79bfn18h0000gp/T//fm-turnend-guard.IpXS2c/grok-native-true/bin/fm-wake-lib.sh
++ cp /Users/AI/.no-mistakes/worktrees/edb446952c22/01M1EYV82B3ZA2ZEAH2A2NMK1R/bin/fm-hook-host-lib.sh /var/folders/p3/95t2_00n2jl3r2cn79bfn18h0000gp/T//fm-turnend-guard.IpXS2c/grok-native-true/bin/fm-hook-host-lib.sh
++ cp /Users/AI/.no-mistakes/worktrees/edb446952c22/01M1EYV82B3ZA2ZEAH2A2NMK1R/bin/fm-timeout-lib.sh /var/folders/p3/95t2_00n2jl3r2cn79bfn18h0000gp/T//fm-turnend-guard.IpXS2c/grok-native-true/bin/fm-timeout-lib.sh
++ cp /Users/AI/.no-mistakes/worktrees/edb446952c22/01M1EYV82B3ZA2ZEAH2A2NMK1R/bin/fm-owner-invoke-wait-check.sh /var/folders/p3/95t2_00n2jl3r2cn79bfn18h0000gp/T//fm-turnend-guard.IpXS2c/grok-native-true/bin/fm-owner-invoke-wait-check.sh
++ mkdir -p /var/folders/p3/95t2_00n2jl3r2cn79bfn18h0000gp/T//fm-turnend-guard.IpXS2c/grok-native-true/docs
++ cp -R /Users/AI/.no-mistakes/worktrees/edb446952c22/01M1EYV82B3ZA2ZEAH2A2NMK1R/docs/supervision-protocols /var/folders/p3/95t2_00n2jl3r2cn79bfn18h0000gp/T//fm-turnend-guard.IpXS2c/grok-native-true/docs/supervision-protocols
++ chmod +x /var/folders/p3/95t2_00n2jl3r2cn79bfn18h0000gp/T//fm-turnend-guard.IpXS2c/grok-native-true/bin/fm-turnend-guard.sh /var/folders/p3/95t2_00n2jl3r2cn79bfn18h0000gp/T//fm-turnend-guard.IpXS2c/grok-native-true/bin/fm-turnend-guard-grok.sh /var/folders/p3/95t2_00n2jl3r2cn79bfn18h0000gp/T//fm-turnend-guard.IpXS2c/grok-native-true/bin/fm-operational-input.sh /var/folders/p3/95t2_00n2jl3r2cn79bfn18h0000gp/T//fm-turnend-guard.IpXS2c/grok-native-true/bin/fm-supervision-instructions.sh /var/folders/p3/95t2_00n2jl3r2cn79bfn18h0000gp/T//fm-turnend-guard.IpXS2c/grok-native-true/bin/fm-harness.sh /var/folders/p3/95t2_00n2jl3r2cn79bfn18h0000gp/T//fm-turnend-guard.IpXS2c/grok-native-true/bin/fm-owner-invoke-wait-check.sh
++ printf '%s\n' /var/folders/p3/95t2_00n2jl3r2cn79bfn18h0000gp/T//fm-turnend-guard.IpXS2c/grok-native-true
+ dir=/var/folders/p3/95t2_00n2jl3r2cn79bfn18h0000gp/T//fm-turnend-guard.IpXS2c/grok-native-true
+ :
++ fm_fakebin /var/folders/p3/95t2_00n2jl3r2cn79bfn18h0000gp/T//fm-turnend-guard.IpXS2c/grok-native-true-bin
++ local dir=/var/folders/p3/95t2_00n2jl3r2cn79bfn18h0000gp/T//fm-turnend-guard.IpXS2c/grok-native-true-bin fakebin=/var/folders/p3/95t2_00n2jl3r2cn79bfn18h0000gp/T//fm-turnend-guard.IpXS2c/grok-native-true-bin/fakebin
++ mkdir -p /var/folders/p3/95t2_00n2jl3r2cn79bfn18h0000gp/T//fm-turnend-guard.IpXS2c/grok-native-true-bin/fakebin
++ printf '%s\n' /var/folders/p3/95t2_00n2jl3r2cn79bfn18h0000gp/T//fm-turnend-guard.IpXS2c/grok-native-true-bin/fakebin
+ fakebin=/var/folders/p3/95t2_00n2jl3r2cn79bfn18h0000gp/T//fm-turnend-guard.IpXS2c/grok-native-true-bin/fakebin
+ log=/var/folders/p3/95t2_00n2jl3r2cn79bfn18h0000gp/T//fm-turnend-guard.IpXS2c/grok-native-true.log
+ printf '#!/usr/bin/env bash\nprintf called >> %q\n' /var/folders/p3/95t2_00n2jl3r2cn79bfn18h0000gp/T//fm-turnend-guard.IpXS2c/grok-native-true.log
+ chmod +x /var/folders/p3/95t2_00n2jl3r2cn79bfn18h0000gp/T//fm-turnend-guard.IpXS2c/grok-native-true-bin/fakebin/grok
++ printf %s '{"sessionId":"native","stopHookActive":true}'
++ PATH=/var/folders/p3/95t2_00n2jl3r2cn79bfn18h0000gp/T//fm-turnend-guard.IpXS2c/grok-native-true-bin/fakebin:/Users/AI/.grok/bin:/Users/AI/bin:/Users/AI/.homebrew/opt/node@24/bin:/Users/AI/.local/bin:/Users/AI/.homebrew/bin:/Users/AI/.homebrew/sbin:/usr/local/bin:/System/Cryptexes/App/usr/bin:/usr/bin:/bin:/usr/sbin:/sbin:/var/run/com.apple.security.cryptexd/codex.system/bootstrap/usr/local/bin:/var/run/com.apple.security.cryptexd/codex.system/bootstrap/usr/bin:/var/run/com.apple.security.cryptexd/codex.system/bootstrap/usr/appleinternal/bin:/pkg/env/global/bin:/opt/homebrew/bin:/Users/AI/.codex/tmp/arg0/codex-arg019qtEJ:/Users/AI/.grok/bin:/Users/AI/bin:/Users/AI/.homebrew/opt/node@24/bin:/Users/AI/.local/bin:/Users/AI/go/bin:/Users/AI/.cargo/bin:/opt/homebrew/sbin:/usr/local/sbin
++ GROK_WORKSPACE_ROOT=/var/folders/p3/95t2_00n2jl3r2cn79bfn18h0000gp/T//fm-turnend-guard.IpXS2c/grok-native-true
++ bash /var/folders/p3/95t2_00n2jl3r2cn79bfn18h0000gp/T//fm-turnend-guard.IpXS2c/grok-native-true/bin/fm-turnend-guard-grok.sh
+ out=
+ status=0
+ expect_code 0 0 'native stopHookActive=true must allow the bounded continuation to stop'
+ local expected=0 actual=0 'label=native stopHookActive=true must allow the bounded continuation to stop'
+ '[' 0 = 0 ']'
+ '[' -z '' ']'
+ '[' '!' -e /var/folders/p3/95t2_00n2jl3r2cn79bfn18h0000gp/T//fm-turnend-guard.IpXS2c/grok-native-true.log ']'
+ pass 'fm-turnend-guard-grok: native true remains bounded and starts no resume process'
+ printf 'ok - %s\n' 'fm-turnend-guard-grok: native true remains bounded and starts no resume process'
ok - fm-turnend-guard-grok: native true remains bounded and starts no resume process
+ test_grok_adapter_snake_case_native_and_camel_precedence
+ local dir out status
++ make_primary_dir /var/folders/p3/95t2_00n2jl3r2cn79bfn18h0000gp/T//fm-turnend-guard.IpXS2c/grok-native-spellings
++ local dir=/var/folders/p3/95t2_00n2jl3r2cn79bfn18h0000gp/T//fm-turnend-guard.IpXS2c/grok-native-spellings
++ mkdir -p /var/folders/p3/95t2_00n2jl3r2cn79bfn18h0000gp/T//fm-turnend-guard.IpXS2c/grok-native-spellings/state
++ git init -q /var/folders/p3/95t2_00n2jl3r2cn79bfn18h0000gp/T//fm-turnend-guard.IpXS2c/grok-native-spellings
++ git -C /var/folders/p3/95t2_00n2jl3r2cn79bfn18h0000gp/T//fm-turnend-guard.IpXS2c/grok-native-spellings commit -q --allow-empty -m init
++ :
++ install_guard_scripts /var/folders/p3/95t2_00n2jl3r2cn79bfn18h0000gp/T//fm-turnend-guard.IpXS2c/grok-native-spellings
++ local dir=/var/folders/p3/95t2_00n2jl3r2cn79bfn18h0000gp/T//fm-turnend-guard.IpXS2c/grok-native-spellings
++ mkdir -p /var/folders/p3/95t2_00n2jl3r2cn79bfn18h0000gp/T//fm-turnend-guard.IpXS2c/grok-native-spellings/bin
++ cp /Users/AI/.no-mistakes/worktrees/edb446952c22/01M1EYV82B3ZA2ZEAH2A2NMK1R/bin/fm-turnend-guard.sh /var/folders/p3/95t2_00n2jl3r2cn79bfn18h0000gp/T//fm-turnend-guard.IpXS2c/grok-native-spellings/bin/fm-turnend-guard.sh
++ cp /Users/AI/.no-mistakes/worktrees/edb446952c22/01M1EYV82B3ZA2ZEAH2A2NMK1R/bin/fm-turnend-guard-grok.sh /var/folders/p3/95t2_00n2jl3r2cn79bfn18h0000gp/T//fm-turnend-guard.IpXS2c/grok-native-spellings/bin/fm-turnend-guard-grok.sh
++ cp /Users/AI/.no-mistakes/worktrees/edb446952c22/01M1EYV82B3ZA2ZEAH2A2NMK1R/bin/fm-operational-input.sh /var/folders/p3/95t2_00n2jl3r2cn79bfn18h0000gp/T//fm-turnend-guard.IpXS2c/grok-native-spellings/bin/fm-operational-input.sh
++ cp /Users/AI/.no-mistakes/worktrees/edb446952c22/01M1EYV82B3ZA2ZEAH2A2NMK1R/bin/fm-supervision-instructions.sh /var/folders/p3/95t2_00n2jl3r2cn79bfn18h0000gp/T//fm-turnend-guard.IpXS2c/grok-native-spellings/bin/fm-supervision-instructions.sh
++ cp /Users/AI/.no-mistakes/worktrees/edb446952c22/01M1EYV82B3ZA2ZEAH2A2NMK1R/bin/fm-harness.sh /var/folders/p3/95t2_00n2jl3r2cn79bfn18h0000gp/T//fm-turnend-guard.IpXS2c/grok-native-spellings/bin/fm-harness.sh
++ cp /Users/AI/.no-mistakes/worktrees/edb446952c22/01M1EYV82B3ZA2ZEAH2A2NMK1R/bin/fm-primary-scope-lib.sh /var/folders/p3/95t2_00n2jl3r2cn79bfn18h0000gp/T//fm-turnend-guard.IpXS2c/grok-native-spellings/bin/fm-primary-scope-lib.sh
++ cp /Users/AI/.no-mistakes/worktrees/edb446952c22/01M1EYV82B3ZA2ZEAH2A2NMK1R/bin/fm-supervision-lib.sh /var/folders/p3/95t2_00n2jl3r2cn79bfn18h0000gp/T//fm-turnend-guard.IpXS2c/grok-native-spellings/bin/fm-supervision-lib.sh
++ cp /Users/AI/.no-mistakes/worktrees/edb446952c22/01M1EYV82B3ZA2ZEAH2A2NMK1R/bin/fm-wake-lib.sh /var/folders/p3/95t2_00n2jl3r2cn79bfn18h0000gp/T//fm-turnend-guard.IpXS2c/grok-native-spellings/bin/fm-wake-lib.sh
++ cp /Users/AI/.no-mistakes/worktrees/edb446952c22/01M1EYV82B3ZA2ZEAH2A2NMK1R/bin/fm-hook-host-lib.sh /var/folders/p3/95t2_00n2jl3r2cn79bfn18h0000gp/T//fm-turnend-guard.IpXS2c/grok-native-spellings/bin/fm-hook-host-lib.sh
++ cp /Users/AI/.no-mistakes/worktrees/edb446952c22/01M1EYV82B3ZA2ZEAH2A2NMK1R/bin/fm-timeout-lib.sh /var/folders/p3/95t2_00n2jl3r2cn79bfn18h0000gp/T//fm-turnend-guard.IpXS2c/grok-native-spellings/bin/fm-timeout-lib.sh
++ cp /Users/AI/.no-mistakes/worktrees/edb446952c22/01M1EYV82B3ZA2ZEAH2A2NMK1R/bin/fm-owner-invoke-wait-check.sh /var/folders/p3/95t2_00n2jl3r2cn79bfn18h0000gp/T//fm-turnend-guard.IpXS2c/grok-native-spellings/bin/fm-owner-invoke-wait-check.sh
++ mkdir -p /var/folders/p3/95t2_00n2jl3r2cn79bfn18h0000gp/T//fm-turnend-guard.IpXS2c/grok-native-spellings/docs
++ cp -R /Users/AI/.no-mistakes/worktrees/edb446952c22/01M1EYV82B3ZA2ZEAH2A2NMK1R/docs/supervision-protocols /var/folders/p3/95t2_00n2jl3r2cn79bfn18h0000gp/T//fm-turnend-guard.IpXS2c/grok-native-spellings/docs/supervision-protocols
++ chmod +x /var/folders/p3/95t2_00n2jl3r2cn79bfn18h0000gp/T//fm-turnend-guard.IpXS2c/grok-native-spellings/bin/fm-turnend-guard.sh /var/folders/p3/95t2_00n2jl3r2cn79bfn18h0000gp/T//fm-turnend-guard.IpXS2c/grok-native-spellings/bin/fm-turnend-guard-grok.sh /var/folders/p3/95t2_00n2jl3r2cn79bfn18h0000gp/T//fm-turnend-guard.IpXS2c/grok-native-spellings/bin/fm-operational-input.sh /var/folders/p3/95t2_00n2jl3r2cn79bfn18h0000gp/T//fm-turnend-guard.IpXS2c/grok-native-spellings/bin/fm-supervision-instructions.sh /var/folders/p3/95t2_00n2jl3r2cn79bfn18h0000gp/T//fm-turnend-guard.IpXS2c/grok-native-spellings/bin/fm-harness.sh /var/folders/p3/95t2_00n2jl3r2cn79bfn18h0000gp/T//fm-turnend-guard.IpXS2c/grok-native-spellings/bin/fm-owner-invoke-wait-check.sh
++ printf '%s\n' /var/folders/p3/95t2_00n2jl3r2cn79bfn18h0000gp/T//fm-turnend-guard.IpXS2c/grok-native-spellings
+ dir=/var/folders/p3/95t2_00n2jl3r2cn79bfn18h0000gp/T//fm-turnend-guard.IpXS2c/grok-native-spellings
+ :
++ printf %s '{"sessionId":"native","stop_hook_active":false}'
++ GROK_WORKSPACE_ROOT=/var/folders/p3/95t2_00n2jl3r2cn79bfn18h0000gp/T//fm-turnend-guard.IpXS2c/grok-native-spellings
++ bash /var/folders/p3/95t2_00n2jl3r2cn79bfn18h0000gp/T//fm-turnend-guard.IpXS2c/grok-native-spellings/bin/fm-turnend-guard-grok.sh
+ out='●━━━━━━━━━━━━━━━━━━━━━━━━━━━━━━━━━━━━━━━━━━━━━━━━━━━━━━━━━━━━━━━━━━━━━━━
●  TURN WOULD END BLIND - SUPERVISION IS OFF
●  1 task(s) in flight, but no live watcher holds this home lock (last beat: never).
●  repair missing watcher supervision according to the session-start block for this harness; do not use shell &.
●━━━━━━━━━━━━━━━━━━━━━━━━━━━━━━━━━━━━━━━━━━━━━━━━━━━━━━━━━━━━━━━━━━━━━━━'
+ status=2
+ expect_code 2 2 'typed snake_case false must select native blocking'
+ local expected=2 actual=2 'label=typed snake_case false must select native blocking'
+ '[' 2 = 2 ']'
+ assert_contains '●━━━━━━━━━━━━━━━━━━━━━━━━━━━━━━━━━━━━━━━━━━━━━━━━━━━━━━━━━━━━━━━━━━━━━━━
●  TURN WOULD END BLIND - SUPERVISION IS OFF
●  1 task(s) in flight, but no live watcher holds this home lock (last beat: never).
●  repair missing watcher supervision according to the session-start block for this harness; do not use shell &.
●━━━━━━━━━━━━━━━━━━━━━━━━━━━━━━━━━━━━━━━━━━━━━━━━━━━━━━━━━━━━━━━━━━━━━━━' 'TURN WOULD END BLIND' 'snake_case native block lost feedback'
+ case "$1" in
+ :
++ printf %s '{"sessionId":"native","stopHookActive":true,"stop_hook_active":false}'
++ GROK_WORKSPACE_ROOT=/var/folders/p3/95t2_00n2jl3r2cn79bfn18h0000gp/T//fm-turnend-guard.IpXS2c/grok-native-spellings
++ bash /var/folders/p3/95t2_00n2jl3r2cn79bfn18h0000gp/T//fm-turnend-guard.IpXS2c/grok-native-spellings/bin/fm-turnend-guard-grok.sh
+ out=
+ status=0
+ expect_code 0 0 'camelCase true must win over snake_case false'
+ local expected=0 actual=0 'label=camelCase true must win over snake_case false'
+ '[' 0 = 0 ']'
++ printf %s '{"sessionId":"native","stopHookActive":false,"stop_hook_active":true}'
++ GROK_WORKSPACE_ROOT=/var/folders/p3/95t2_00n2jl3r2cn79bfn18h0000gp/T//fm-turnend-guard.IpXS2c/grok-native-spellings
++ bash /var/folders/p3/95t2_00n2jl3r2cn79bfn18h0000gp/T//fm-turnend-guard.IpXS2c/grok-native-spellings/bin/fm-turnend-guard-grok.sh
+ out='●━━━━━━━━━━━━━━━━━━━━━━━━━━━━━━━━━━━━━━━━━━━━━━━━━━━━━━━━━━━━━━━━━━━━━━━
●  TURN WOULD END BLIND - SUPERVISION IS OFF
●  1 task(s) in flight, but no live watcher holds this home lock (last beat: never).
●  repair missing watcher supervision according to the session-start block for this harness; do not use shell &.
●━━━━━━━━━━━━━━━━━━━━━━━━━━━━━━━━━━━━━━━━━━━━━━━━━━━━━━━━━━━━━━━━━━━━━━━'
+ status=2
+ expect_code 2 2 'camelCase false must win over snake_case true'
+ local expected=2 actual=2 'label=camelCase false must win over snake_case true'
+ '[' 2 = 2 ']'
+ pass 'fm-turnend-guard-grok: both spellings are typed and camelCase has deterministic precedence'
+ printf 'ok - %s\n' 'fm-turnend-guard-grok: both spellings are typed and camelCase has deterministic precedence'
ok - fm-turnend-guard-grok: both spellings are typed and camelCase has deterministic precedence
+ test_grok_adapter_invalid_inputs_start_neither_path
+ local dir fakebin log payload out status
++ make_primary_dir /var/folders/p3/95t2_00n2jl3r2cn79bfn18h0000gp/T//fm-turnend-guard.IpXS2c/grok-invalid-inputs
++ local dir=/var/folders/p3/95t2_00n2jl3r2cn79bfn18h0000gp/T//fm-turnend-guard.IpXS2c/grok-invalid-inputs
++ mkdir -p /var/folders/p3/95t2_00n2jl3r2cn79bfn18h0000gp/T//fm-turnend-guard.IpXS2c/grok-invalid-inputs/state
++ git init -q /var/folders/p3/95t2_00n2jl3r2cn79bfn18h0000gp/T//fm-turnend-guard.IpXS2c/grok-invalid-inputs
++ git -C /var/folders/p3/95t2_00n2jl3r2cn79bfn18h0000gp/T//fm-turnend-guard.IpXS2c/grok-invalid-inputs commit -q --allow-empty -m init
++ :
++ install_guard_scripts /var/folders/p3/95t2_00n2jl3r2cn79bfn18h0000gp/T//fm-turnend-guard.IpXS2c/grok-invalid-inputs
++ local dir=/var/folders/p3/95t2_00n2jl3r2cn79bfn18h0000gp/T//fm-turnend-guard.IpXS2c/grok-invalid-inputs
++ mkdir -p /var/folders/p3/95t2_00n2jl3r2cn79bfn18h0000gp/T//fm-turnend-guard.IpXS2c/grok-invalid-inputs/bin
++ cp /Users/AI/.no-mistakes/worktrees/edb446952c22/01M1EYV82B3ZA2ZEAH2A2NMK1R/bin/fm-turnend-guard.sh /var/folders/p3/95t2_00n2jl3r2cn79bfn18h0000gp/T//fm-turnend-guard.IpXS2c/grok-invalid-inputs/bin/fm-turnend-guard.sh
++ cp /Users/AI/.no-mistakes/worktrees/edb446952c22/01M1EYV82B3ZA2ZEAH2A2NMK1R/bin/fm-turnend-guard-grok.sh /var/folders/p3/95t2_00n2jl3r2cn79bfn18h0000gp/T//fm-turnend-guard.IpXS2c/grok-invalid-inputs/bin/fm-turnend-guard-grok.sh
++ cp /Users/AI/.no-mistakes/worktrees/edb446952c22/01M1EYV82B3ZA2ZEAH2A2NMK1R/bin/fm-operational-input.sh /var/folders/p3/95t2_00n2jl3r2cn79bfn18h0000gp/T//fm-turnend-guard.IpXS2c/grok-invalid-inputs/bin/fm-operational-input.sh
++ cp /Users/AI/.no-mistakes/worktrees/edb446952c22/01M1EYV82B3ZA2ZEAH2A2NMK1R/bin/fm-supervision-instructions.sh /var/folders/p3/95t2_00n2jl3r2cn79bfn18h0000gp/T//fm-turnend-guard.IpXS2c/grok-invalid-inputs/bin/fm-supervision-instructions.sh
++ cp /Users/AI/.no-mistakes/worktrees/edb446952c22/01M1EYV82B3ZA2ZEAH2A2NMK1R/bin/fm-harness.sh /var/folders/p3/95t2_00n2jl3r2cn79bfn18h0000gp/T//fm-turnend-guard.IpXS2c/grok-invalid-inputs/bin/fm-harness.sh
++ cp /Users/AI/.no-mistakes/worktrees/edb446952c22/01M1EYV82B3ZA2ZEAH2A2NMK1R/bin/fm-primary-scope-lib.sh /var/folders/p3/95t2_00n2jl3r2cn79bfn18h0000gp/T//fm-turnend-guard.IpXS2c/grok-invalid-inputs/bin/fm-primary-scope-lib.sh
++ cp /Users/AI/.no-mistakes/worktrees/edb446952c22/01M1EYV82B3ZA2ZEAH2A2NMK1R/bin/fm-supervision-lib.sh /var/folders/p3/95t2_00n2jl3r2cn79bfn18h0000gp/T//fm-turnend-guard.IpXS2c/grok-invalid-inputs/bin/fm-supervision-lib.sh
++ cp /Users/AI/.no-mistakes/worktrees/edb446952c22/01M1EYV82B3ZA2ZEAH2A2NMK1R/bin/fm-wake-lib.sh /var/folders/p3/95t2_00n2jl3r2cn79bfn18h0000gp/T//fm-turnend-guard.IpXS2c/grok-invalid-inputs/bin/fm-wake-lib.sh
++ cp /Users/AI/.no-mistakes/worktrees/edb446952c22/01M1EYV82B3ZA2ZEAH2A2NMK1R/bin/fm-hook-host-lib.sh /var/folders/p3/95t2_00n2jl3r2cn79bfn18h0000gp/T//fm-turnend-guard.IpXS2c/grok-invalid-inputs/bin/fm-hook-host-lib.sh
++ cp /Users/AI/.no-mistakes/worktrees/edb446952c22/01M1EYV82B3ZA2ZEAH2A2NMK1R/bin/fm-timeout-lib.sh /var/folders/p3/95t2_00n2jl3r2cn79bfn18h0000gp/T//fm-turnend-guard.IpXS2c/grok-invalid-inputs/bin/fm-timeout-lib.sh
++ cp /Users/AI/.no-mistakes/worktrees/edb446952c22/01M1EYV82B3ZA2ZEAH2A2NMK1R/bin/fm-owner-invoke-wait-check.sh /var/folders/p3/95t2_00n2jl3r2cn79bfn18h0000gp/T//fm-turnend-guard.IpXS2c/grok-invalid-inputs/bin/fm-owner-invoke-wait-check.sh
++ mkdir -p /var/folders/p3/95t2_00n2jl3r2cn79bfn18h0000gp/T//fm-turnend-guard.IpXS2c/grok-invalid-inputs/docs
++ cp -R /Users/AI/.no-mistakes/worktrees/edb446952c22/01M1EYV82B3ZA2ZEAH2A2NMK1R/docs/supervision-protocols /var/folders/p3/95t2_00n2jl3r2cn79bfn18h0000gp/T//fm-turnend-guard.IpXS2c/grok-invalid-inputs/docs/supervision-protocols
++ chmod +x /var/folders/p3/95t2_00n2jl3r2cn79bfn18h0000gp/T//fm-turnend-guard.IpXS2c/grok-invalid-inputs/bin/fm-turnend-guard.sh /var/folders/p3/95t2_00n2jl3r2cn79bfn18h0000gp/T//fm-turnend-guard.IpXS2c/grok-invalid-inputs/bin/fm-turnend-guard-grok.sh /var/folders/p3/95t2_00n2jl3r2cn79bfn18h0000gp/T//fm-turnend-guard.IpXS2c/grok-invalid-inputs/bin/fm-operational-input.sh /var/folders/p3/95t2_00n2jl3r2cn79bfn18h0000gp/T//fm-turnend-guard.IpXS2c/grok-invalid-inputs/bin/fm-supervision-instructions.sh /var/folders/p3/95t2_00n2jl3r2cn79bfn18h0000gp/T//fm-turnend-guard.IpXS2c/grok-invalid-inputs/bin/fm-harness.sh /var/folders/p3/95t2_00n2jl3r2cn79bfn18h0000gp/T//fm-turnend-guard.IpXS2c/grok-invalid-inputs/bin/fm-owner-invoke-wait-check.sh
++ printf '%s\n' /var/folders/p3/95t2_00n2jl3r2cn79bfn18h0000gp/T//fm-turnend-guard.IpXS2c/grok-invalid-inputs
+ dir=/var/folders/p3/95t2_00n2jl3r2cn79bfn18h0000gp/T//fm-turnend-guard.IpXS2c/grok-invalid-inputs
+ :
++ fm_fakebin /var/folders/p3/95t2_00n2jl3r2cn79bfn18h0000gp/T//fm-turnend-guard.IpXS2c/grok-invalid-bin
++ local dir=/var/folders/p3/95t2_00n2jl3r2cn79bfn18h0000gp/T//fm-turnend-guard.IpXS2c/grok-invalid-bin fakebin=/var/folders/p3/95t2_00n2jl3r2cn79bfn18h0000gp/T//fm-turnend-guard.IpXS2c/grok-invalid-bin/fakebin
++ mkdir -p /var/folders/p3/95t2_00n2jl3r2cn79bfn18h0000gp/T//fm-turnend-guard.IpXS2c/grok-invalid-bin/fakebin
++ printf '%s\n' /var/folders/p3/95t2_00n2jl3r2cn79bfn18h0000gp/T//fm-turnend-guard.IpXS2c/grok-invalid-bin/fakebin
+ fakebin=/var/folders/p3/95t2_00n2jl3r2cn79bfn18h0000gp/T//fm-turnend-guard.IpXS2c/grok-invalid-bin/fakebin
+ log=/var/folders/p3/95t2_00n2jl3r2cn79bfn18h0000gp/T//fm-turnend-guard.IpXS2c/grok-invalid.log
+ printf '#!/usr/bin/env bash\nprintf called >> %q\n' /var/folders/p3/95t2_00n2jl3r2cn79bfn18h0000gp/T//fm-turnend-guard.IpXS2c/grok-invalid.log
+ chmod +x /var/folders/p3/95t2_00n2jl3r2cn79bfn18h0000gp/T//fm-turnend-guard.IpXS2c/grok-invalid-bin/fakebin/grok
+ for payload in ''\'' '\''' ''\''{'\''' ''\''{"sessionId":"x","stopHookActive":"false"}'\''' ''\''{"sessionId":"x","stop_hook_active":1}'\''' ''\''{"sessionId":"x"}{"sessionId":"y"}'\''' ''\''{"sessionId":"x","stopHookActive":false}{"sessionId":"y","stopHookActive":false}'\''' ''\''{"sessionId":"x","stopHookActive":"bad","stopHookActive":false}'\''' ''\''{"sessionId":"x","stop_hook_active":false,"stop_hook_active":false}'\''' ''\''{"sessionId":"x","sessionId":"y"}'\'''
++ printf %s ' '
++ PATH=/var/folders/p3/95t2_00n2jl3r2cn79bfn18h0000gp/T//fm-turnend-guard.IpXS2c/grok-invalid-bin/fakebin:/Users/AI/.grok/bin:/Users/AI/bin:/Users/AI/.homebrew/opt/node@24/bin:/Users/AI/.local/bin:/Users/AI/.homebrew/bin:/Users/AI/.homebrew/sbin:/usr/local/bin:/System/Cryptexes/App/usr/bin:/usr/bin:/bin:/usr/sbin:/sbin:/var/run/com.apple.security.cryptexd/codex.system/bootstrap/usr/local/bin:/var/run/com.apple.security.cryptexd/codex.system/bootstrap/usr/bin:/var/run/com.apple.security.cryptexd/codex.system/bootstrap/usr/appleinternal/bin:/pkg/env/global/bin:/opt/homebrew/bin:/Users/AI/.codex/tmp/arg0/codex-arg019qtEJ:/Users/AI/.grok/bin:/Users/AI/bin:/Users/AI/.homebrew/opt/node@24/bin:/Users/AI/.local/bin:/Users/AI/go/bin:/Users/AI/.cargo/bin:/opt/homebrew/sbin:/usr/local/sbin
++ GROK_WORKSPACE_ROOT=/var/folders/p3/95t2_00n2jl3r2cn79bfn18h0000gp/T//fm-turnend-guard.IpXS2c/grok-invalid-inputs
++ bash /var/folders/p3/95t2_00n2jl3r2cn79bfn18h0000gp/T//fm-turnend-guard.IpXS2c/grok-invalid-inputs/bin/fm-turnend-guard-grok.sh
+ out=
+ status=0
+ expect_code 0 0 'invalid Grok payload must conservatively allow without choosing a path'
+ local expected=0 actual=0 'label=invalid Grok payload must conservatively allow without choosing a path'
+ '[' 0 = 0 ']'
+ '[' -z '' ']'
+ for payload in ''\'' '\''' ''\''{'\''' ''\''{"sessionId":"x","stopHookActive":"false"}'\''' ''\''{"sessionId":"x","stop_hook_active":1}'\''' ''\''{"sessionId":"x"}{"sessionId":"y"}'\''' ''\''{"sessionId":"x","stopHookActive":false}{"sessionId":"y","stopHookActive":false}'\''' ''\''{"sessionId":"x","stopHookActive":"bad","stopHookActive":false}'\''' ''\''{"sessionId":"x","stop_hook_active":false,"stop_hook_active":false}'\''' ''\''{"sessionId":"x","sessionId":"y"}'\'''
++ printf %s '{'
++ PATH=/var/folders/p3/95t2_00n2jl3r2cn79bfn18h0000gp/T//fm-turnend-guard.IpXS2c/grok-invalid-bin/fakebin:/Users/AI/.grok/bin:/Users/AI/bin:/Users/AI/.homebrew/opt/node@24/bin:/Users/AI/.local/bin:/Users/AI/.homebrew/bin:/Users/AI/.homebrew/sbin:/usr/local/bin:/System/Cryptexes/App/usr/bin:/usr/bin:/bin:/usr/sbin:/sbin:/var/run/com.apple.security.cryptexd/codex.system/bootstrap/usr/local/bin:/var/run/com.apple.security.cryptexd/codex.system/bootstrap/usr/bin:/var/run/com.apple.security.cryptexd/codex.system/bootstrap/usr/appleinternal/bin:/pkg/env/global/bin:/opt/homebrew/bin:/Users/AI/.codex/tmp/arg0/codex-arg019qtEJ:/Users/AI/.grok/bin:/Users/AI/bin:/Users/AI/.homebrew/opt/node@24/bin:/Users/AI/.local/bin:/Users/AI/go/bin:/Users/AI/.cargo/bin:/opt/homebrew/sbin:/usr/local/sbin
++ GROK_WORKSPACE_ROOT=/var/folders/p3/95t2_00n2jl3r2cn79bfn18h0000gp/T//fm-turnend-guard.IpXS2c/grok-invalid-inputs
++ bash /var/folders/p3/95t2_00n2jl3r2cn79bfn18h0000gp/T//fm-turnend-guard.IpXS2c/grok-invalid-inputs/bin/fm-turnend-guard-grok.sh
+ out=
+ status=0
+ expect_code 0 0 'invalid Grok payload must conservatively allow without choosing a path'
+ local expected=0 actual=0 'label=invalid Grok payload must conservatively allow without choosing a path'
+ '[' 0 = 0 ']'
+ '[' -z '' ']'
+ for payload in ''\'' '\''' ''\''{'\''' ''\''{"sessionId":"x","stopHookActive":"false"}'\''' ''\''{"sessionId":"x","stop_hook_active":1}'\''' ''\''{"sessionId":"x"}{"sessionId":"y"}'\''' ''\''{"sessionId":"x","stopHookActive":false}{"sessionId":"y","stopHookActive":false}'\''' ''\''{"sessionId":"x","stopHookActive":"bad","stopHookActive":false}'\''' ''\''{"sessionId":"x","stop_hook_active":false,"stop_hook_active":false}'\''' ''\''{"sessionId":"x","sessionId":"y"}'\'''
++ printf %s '{"sessionId":"x","stopHookActive":"false"}'
++ PATH=/var/folders/p3/95t2_00n2jl3r2cn79bfn18h0000gp/T//fm-turnend-guard.IpXS2c/grok-invalid-bin/fakebin:/Users/AI/.grok/bin:/Users/AI/bin:/Users/AI/.homebrew/opt/node@24/bin:/Users/AI/.local/bin:/Users/AI/.homebrew/bin:/Users/AI/.homebrew/sbin:/usr/local/bin:/System/Cryptexes/App/usr/bin:/usr/bin:/bin:/usr/sbin:/sbin:/var/run/com.apple.security.cryptexd/codex.system/bootstrap/usr/local/bin:/var/run/com.apple.security.cryptexd/codex.system/bootstrap/usr/bin:/var/run/com.apple.security.cryptexd/codex.system/bootstrap/usr/appleinternal/bin:/pkg/env/global/bin:/opt/homebrew/bin:/Users/AI/.codex/tmp/arg0/codex-arg019qtEJ:/Users/AI/.grok/bin:/Users/AI/bin:/Users/AI/.homebrew/opt/node@24/bin:/Users/AI/.local/bin:/Users/AI/go/bin:/Users/AI/.cargo/bin:/opt/homebrew/sbin:/usr/local/sbin
++ GROK_WORKSPACE_ROOT=/var/folders/p3/95t2_00n2jl3r2cn79bfn18h0000gp/T//fm-turnend-guard.IpXS2c/grok-invalid-inputs
++ bash /var/folders/p3/95t2_00n2jl3r2cn79bfn18h0000gp/T//fm-turnend-guard.IpXS2c/grok-invalid-inputs/bin/fm-turnend-guard-grok.sh
+ out=
+ status=0
+ expect_code 0 0 'invalid Grok payload must conservatively allow without choosing a path'
+ local expected=0 actual=0 'label=invalid Grok payload must conservatively allow without choosing a path'
+ '[' 0 = 0 ']'
+ '[' -z '' ']'
+ for payload in ''\'' '\''' ''\''{'\''' ''\''{"sessionId":"x","stopHookActive":"false"}'\''' ''\''{"sessionId":"x","stop_hook_active":1}'\''' ''\''{"sessionId":"x"}{"sessionId":"y"}'\''' ''\''{"sessionId":"x","stopHookActive":false}{"sessionId":"y","stopHookActive":false}'\''' ''\''{"sessionId":"x","stopHookActive":"bad","stopHookActive":false}'\''' ''\''{"sessionId":"x","stop_hook_active":false,"stop_hook_active":false}'\''' ''\''{"sessionId":"x","sessionId":"y"}'\'''
++ printf %s '{"sessionId":"x","stop_hook_active":1}'
++ PATH=/var/folders/p3/95t2_00n2jl3r2cn79bfn18h0000gp/T//fm-turnend-guard.IpXS2c/grok-invalid-bin/fakebin:/Users/AI/.grok/bin:/Users/AI/bin:/Users/AI/.homebrew/opt/node@24/bin:/Users/AI/.local/bin:/Users/AI/.homebrew/bin:/Users/AI/.homebrew/sbin:/usr/local/bin:/System/Cryptexes/App/usr/bin:/usr/bin:/bin:/usr/sbin:/sbin:/var/run/com.apple.security.cryptexd/codex.system/bootstrap/usr/local/bin:/var/run/com.apple.security.cryptexd/codex.system/bootstrap/usr/bin:/var/run/com.apple.security.cryptexd/codex.system/bootstrap/usr/appleinternal/bin:/pkg/env/global/bin:/opt/homebrew/bin:/Users/AI/.codex/tmp/arg0/codex-arg019qtEJ:/Users/AI/.grok/bin:/Users/AI/bin:/Users/AI/.homebrew/opt/node@24/bin:/Users/AI/.local/bin:/Users/AI/go/bin:/Users/AI/.cargo/bin:/opt/homebrew/sbin:/usr/local/sbin
++ GROK_WORKSPACE_ROOT=/var/folders/p3/95t2_00n2jl3r2cn79bfn18h0000gp/T//fm-turnend-guard.IpXS2c/grok-invalid-inputs
++ bash /var/folders/p3/95t2_00n2jl3r2cn79bfn18h0000gp/T//fm-turnend-guard.IpXS2c/grok-invalid-inputs/bin/fm-turnend-guard-grok.sh
+ out=
+ status=0
+ expect_code 0 0 'invalid Grok payload must conservatively allow without choosing a path'
+ local expected=0 actual=0 'label=invalid Grok payload must conservatively allow without choosing a path'
+ '[' 0 = 0 ']'
+ '[' -z '' ']'
+ for payload in ''\'' '\''' ''\''{'\''' ''\''{"sessionId":"x","stopHookActive":"false"}'\''' ''\''{"sessionId":"x","stop_hook_active":1}'\''' ''\''{"sessionId":"x"}{"sessionId":"y"}'\''' ''\''{"sessionId":"x","stopHookActive":false}{"sessionId":"y","stopHookActive":false}'\''' ''\''{"sessionId":"x","stopHookActive":"bad","stopHookActive":false}'\''' ''\''{"sessionId":"x","stop_hook_active":false,"stop_hook_active":false}'\''' ''\''{"sessionId":"x","sessionId":"y"}'\'''
++ printf %s '{"sessionId":"x"}{"sessionId":"y"}'
++ PATH=/var/folders/p3/95t2_00n2jl3r2cn79bfn18h0000gp/T//fm-turnend-guard.IpXS2c/grok-invalid-bin/fakebin:/Users/AI/.grok/bin:/Users/AI/bin:/Users/AI/.homebrew/opt/node@24/bin:/Users/AI/.local/bin:/Users/AI/.homebrew/bin:/Users/AI/.homebrew/sbin:/usr/local/bin:/System/Cryptexes/App/usr/bin:/usr/bin:/bin:/usr/sbin:/sbin:/var/run/com.apple.security.cryptexd/codex.system/bootstrap/usr/local/bin:/var/run/com.apple.security.cryptexd/codex.system/bootstrap/usr/bin:/var/run/com.apple.security.cryptexd/codex.system/bootstrap/usr/appleinternal/bin:/pkg/env/global/bin:/opt/homebrew/bin:/Users/AI/.codex/tmp/arg0/codex-arg019qtEJ:/Users/AI/.grok/bin:/Users/AI/bin:/Users/AI/.homebrew/opt/node@24/bin:/Users/AI/.local/bin:/Users/AI/go/bin:/Users/AI/.cargo/bin:/opt/homebrew/sbin:/usr/local/sbin
++ GROK_WORKSPACE_ROOT=/var/folders/p3/95t2_00n2jl3r2cn79bfn18h0000gp/T//fm-turnend-guard.IpXS2c/grok-invalid-inputs
++ bash /var/folders/p3/95t2_00n2jl3r2cn79bfn18h0000gp/T//fm-turnend-guard.IpXS2c/grok-invalid-inputs/bin/fm-turnend-guard-grok.sh
+ out=
+ status=0
+ expect_code 0 0 'invalid Grok payload must conservatively allow without choosing a path'
+ local expected=0 actual=0 'label=invalid Grok payload must conservatively allow without choosing a path'
+ '[' 0 = 0 ']'
+ '[' -z '' ']'
+ for payload in ''\'' '\''' ''\''{'\''' ''\''{"sessionId":"x","stopHookActive":"false"}'\''' ''\''{"sessionId":"x","stop_hook_active":1}'\''' ''\''{"sessionId":"x"}{"sessionId":"y"}'\''' ''\''{"sessionId":"x","stopHookActive":false}{"sessionId":"y","stopHookActive":false}'\''' ''\''{"sessionId":"x","stopHookActive":"bad","stopHookActive":false}'\''' ''\''{"sessionId":"x","stop_hook_active":false,"stop_hook_active":false}'\''' ''\''{"sessionId":"x","sessionId":"y"}'\'''
++ printf %s '{"sessionId":"x","stopHookActive":false}{"sessionId":"y","stopHookActive":false}'
++ PATH=/var/folders/p3/95t2_00n2jl3r2cn79bfn18h0000gp/T//fm-turnend-guard.IpXS2c/grok-invalid-bin/fakebin:/Users/AI/.grok/bin:/Users/AI/bin:/Users/AI/.homebrew/opt/node@24/bin:/Users/AI/.local/bin:/Users/AI/.homebrew/bin:/Users/AI/.homebrew/sbin:/usr/local/bin:/System/Cryptexes/App/usr/bin:/usr/bin:/bin:/usr/sbin:/sbin:/var/run/com.apple.security.cryptexd/codex.system/bootstrap/usr/local/bin:/var/run/com.apple.security.cryptexd/codex.system/bootstrap/usr/bin:/var/run/com.apple.security.cryptexd/codex.system/bootstrap/usr/appleinternal/bin:/pkg/env/global/bin:/opt/homebrew/bin:/Users/AI/.codex/tmp/arg0/codex-arg019qtEJ:/Users/AI/.grok/bin:/Users/AI/bin:/Users/AI/.homebrew/opt/node@24/bin:/Users/AI/.local/bin:/Users/AI/go/bin:/Users/AI/.cargo/bin:/opt/homebrew/sbin:/usr/local/sbin
++ GROK_WORKSPACE_ROOT=/var/folders/p3/95t2_00n2jl3r2cn79bfn18h0000gp/T//fm-turnend-guard.IpXS2c/grok-invalid-inputs
++ bash /var/folders/p3/95t2_00n2jl3r2cn79bfn18h0000gp/T//fm-turnend-guard.IpXS2c/grok-invalid-inputs/bin/fm-turnend-guard-grok.sh
+ out=
+ status=0
+ expect_code 0 0 'invalid Grok payload must conservatively allow without choosing a path'
+ local expected=0 actual=0 'label=invalid Grok payload must conservatively allow without choosing a path'
+ '[' 0 = 0 ']'
+ '[' -z '' ']'
+ for payload in ''\'' '\''' ''\''{'\''' ''\''{"sessionId":"x","stopHookActive":"false"}'\''' ''\''{"sessionId":"x","stop_hook_active":1}'\''' ''\''{"sessionId":"x"}{"sessionId":"y"}'\''' ''\''{"sessionId":"x","stopHookActive":false}{"sessionId":"y","stopHookActive":false}'\''' ''\''{"sessionId":"x","stopHookActive":"bad","stopHookActive":false}'\''' ''\''{"sessionId":"x","stop_hook_active":false,"stop_hook_active":false}'\''' ''\''{"sessionId":"x","sessionId":"y"}'\'''
++ printf %s '{"sessionId":"x","stopHookActive":"bad","stopHookActive":false}'
++ PATH=/var/folders/p3/95t2_00n2jl3r2cn79bfn18h0000gp/T//fm-turnend-guard.IpXS2c/grok-invalid-bin/fakebin:/Users/AI/.grok/bin:/Users/AI/bin:/Users/AI/.homebrew/opt/node@24/bin:/Users/AI/.local/bin:/Users/AI/.homebrew/bin:/Users/AI/.homebrew/sbin:/usr/local/bin:/System/Cryptexes/App/usr/bin:/usr/bin:/bin:/usr/sbin:/sbin:/var/run/com.apple.security.cryptexd/codex.system/bootstrap/usr/local/bin:/var/run/com.apple.security.cryptexd/codex.system/bootstrap/usr/bin:/var/run/com.apple.security.cryptexd/codex.system/bootstrap/usr/appleinternal/bin:/pkg/env/global/bin:/opt/homebrew/bin:/Users/AI/.codex/tmp/arg0/codex-arg019qtEJ:/Users/AI/.grok/bin:/Users/AI/bin:/Users/AI/.homebrew/opt/node@24/bin:/Users/AI/.local/bin:/Users/AI/go/bin:/Users/AI/.cargo/bin:/opt/homebrew/sbin:/usr/local/sbin
++ GROK_WORKSPACE_ROOT=/var/folders/p3/95t2_00n2jl3r2cn79bfn18h0000gp/T//fm-turnend-guard.IpXS2c/grok-invalid-inputs
++ bash /var/folders/p3/95t2_00n2jl3r2cn79bfn18h0000gp/T//fm-turnend-guard.IpXS2c/grok-invalid-inputs/bin/fm-turnend-guard-grok.sh
+ out=
+ status=0
+ expect_code 0 0 'invalid Grok payload must conservatively allow without choosing a path'
+ local expected=0 actual=0 'label=invalid Grok payload must conservatively allow without choosing a path'
+ '[' 0 = 0 ']'
+ '[' -z '' ']'
+ for payload in ''\'' '\''' ''\''{'\''' ''\''{"sessionId":"x","stopHookActive":"false"}'\''' ''\''{"sessionId":"x","stop_hook_active":1}'\''' ''\''{"sessionId":"x"}{"sessionId":"y"}'\''' ''\''{"sessionId":"x","stopHookActive":false}{"sessionId":"y","stopHookActive":false}'\''' ''\''{"sessionId":"x","stopHookActive":"bad","stopHookActive":false}'\''' ''\''{"sessionId":"x","stop_hook_active":false,"stop_hook_active":false}'\''' ''\''{"sessionId":"x","sessionId":"y"}'\'''
++ printf %s '{"sessionId":"x","stop_hook_active":false,"stop_hook_active":false}'
++ PATH=/var/folders/p3/95t2_00n2jl3r2cn79bfn18h0000gp/T//fm-turnend-guard.IpXS2c/grok-invalid-bin/fakebin:/Users/AI/.grok/bin:/Users/AI/bin:/Users/AI/.homebrew/opt/node@24/bin:/Users/AI/.local/bin:/Users/AI/.homebrew/bin:/Users/AI/.homebrew/sbin:/usr/local/bin:/System/Cryptexes/App/usr/bin:/usr/bin:/bin:/usr/sbin:/sbin:/var/run/com.apple.security.cryptexd/codex.system/bootstrap/usr/local/bin:/var/run/com.apple.security.cryptexd/codex.system/bootstrap/usr/bin:/var/run/com.apple.security.cryptexd/codex.system/bootstrap/usr/appleinternal/bin:/pkg/env/global/bin:/opt/homebrew/bin:/Users/AI/.codex/tmp/arg0/codex-arg019qtEJ:/Users/AI/.grok/bin:/Users/AI/bin:/Users/AI/.homebrew/opt/node@24/bin:/Users/AI/.local/bin:/Users/AI/go/bin:/Users/AI/.cargo/bin:/opt/homebrew/sbin:/usr/local/sbin
++ GROK_WORKSPACE_ROOT=/var/folders/p3/95t2_00n2jl3r2cn79bfn18h0000gp/T//fm-turnend-guard.IpXS2c/grok-invalid-inputs
++ bash /var/folders/p3/95t2_00n2jl3r2cn79bfn18h0000gp/T//fm-turnend-guard.IpXS2c/grok-invalid-inputs/bin/fm-turnend-guard-grok.sh
+ out=
+ status=0
+ expect_code 0 0 'invalid Grok payload must conservatively allow without choosing a path'
+ local expected=0 actual=0 'label=invalid Grok payload must conservatively allow without choosing a path'
+ '[' 0 = 0 ']'
+ '[' -z '' ']'
+ for payload in ''\'' '\''' ''\''{'\''' ''\''{"sessionId":"x","stopHookActive":"false"}'\''' ''\''{"sessionId":"x","stop_hook_active":1}'\''' ''\''{"sessionId":"x"}{"sessionId":"y"}'\''' ''\''{"sessionId":"x","stopHookActive":false}{"sessionId":"y","stopHookActive":false}'\''' ''\''{"sessionId":"x","stopHookActive":"bad","stopHookActive":false}'\''' ''\''{"sessionId":"x","stop_hook_active":false,"stop_hook_active":false}'\''' ''\''{"sessionId":"x","sessionId":"y"}'\'''
++ printf %s '{"sessionId":"x","sessionId":"y"}'
++ PATH=/var/folders/p3/95t2_00n2jl3r2cn79bfn18h0000gp/T//fm-turnend-guard.IpXS2c/grok-invalid-bin/fakebin:/Users/AI/.grok/bin:/Users/AI/bin:/Users/AI/.homebrew/opt/node@24/bin:/Users/AI/.local/bin:/Users/AI/.homebrew/bin:/Users/AI/.homebrew/sbin:/usr/local/bin:/System/Cryptexes/App/usr/bin:/usr/bin:/bin:/usr/sbin:/sbin:/var/run/com.apple.security.cryptexd/codex.system/bootstrap/usr/local/bin:/var/run/com.apple.security.cryptexd/codex.system/bootstrap/usr/bin:/var/run/com.apple.security.cryptexd/codex.system/bootstrap/usr/appleinternal/bin:/pkg/env/global/bin:/opt/homebrew/bin:/Users/AI/.codex/tmp/arg0/codex-arg019qtEJ:/Users/AI/.grok/bin:/Users/AI/bin:/Users/AI/.homebrew/opt/node@24/bin:/Users/AI/.local/bin:/Users/AI/go/bin:/Users/AI/.cargo/bin:/opt/homebrew/sbin:/usr/local/sbin
++ GROK_WORKSPACE_ROOT=/var/folders/p3/95t2_00n2jl3r2cn79bfn18h0000gp/T//fm-turnend-guard.IpXS2c/grok-invalid-inputs
++ bash /var/folders/p3/95t2_00n2jl3r2cn79bfn18h0000gp/T//fm-turnend-guard.IpXS2c/grok-invalid-inputs/bin/fm-turnend-guard-grok.sh
+ out=
+ status=0
+ expect_code 0 0 'invalid Grok payload must conservatively allow without choosing a path'
+ local expected=0 actual=0 'label=invalid Grok payload must conservatively allow without choosing a path'
+ '[' 0 = 0 ']'
+ '[' -z '' ']'
+ '[' '!' -e /var/folders/p3/95t2_00n2jl3r2cn79bfn18h0000gp/T//fm-turnend-guard.IpXS2c/grok-invalid.log ']'
++ printf %s '{"sessionId":"x","stopHookActive":false}'
++ PATH=/var/folders/p3/95t2_00n2jl3r2cn79bfn18h0000gp/T//fm-turnend-guard.IpXS2c/grok-invalid-bin/fakebin:/Users/AI/.grok/bin:/Users/AI/bin:/Users/AI/.homebrew/opt/node@24/bin:/Users/AI/.local/bin:/Users/AI/.homebrew/bin:/Users/AI/.homebrew/sbin:/usr/local/bin:/System/Cryptexes/App/usr/bin:/usr/bin:/bin:/usr/sbin:/sbin:/var/run/com.apple.security.cryptexd/codex.system/bootstrap/usr/local/bin:/var/run/com.apple.security.cryptexd/codex.system/bootstrap/usr/bin:/var/run/com.apple.security.cryptexd/codex.system/bootstrap/usr/appleinternal/bin:/pkg/env/global/bin:/opt/homebrew/bin:/Users/AI/.codex/tmp/arg0/codex-arg019qtEJ:/Users/AI/.grok/bin:/Users/AI/bin:/Users/AI/.homebrew/opt/node@24/bin:/Users/AI/.local/bin:/Users/AI/go/bin:/Users/AI/.cargo/bin:/opt/homebrew/sbin:/usr/local/sbin
++ GROK_WORKSPACE_ROOT=/var/folders/p3/95t2_00n2jl3r2cn79bfn18h0000gp/T//fm-turnend-guard.IpXS2c/missing-grok-root
++ bash /var/folders/p3/95t2_00n2jl3r2cn79bfn18h0000gp/T//fm-turnend-guard.IpXS2c/grok-invalid-inputs/bin/fm-turnend-guard-grok.sh
+ out=
+ status=0
+ expect_code 0 0 'missing shared-guard prerequisite must conservatively allow'
+ local expected=0 actual=0 'label=missing shared-guard prerequisite must conservatively allow'
+ '[' 0 = 0 ']'
+ '[' -z '' ']'
+ '[' '!' -e /var/folders/p3/95t2_00n2jl3r2cn79bfn18h0000gp/T//fm-turnend-guard.IpXS2c/grok-invalid.log ']'
+ pass 'fm-turnend-guard-grok: malformed, invalidly typed, and missing-prerequisite payloads start neither path'
+ printf 'ok - %s\n' 'fm-turnend-guard-grok: malformed, invalidly typed, and missing-prerequisite payloads start neither path'
ok - fm-turnend-guard-grok: malformed, invalidly typed, and missing-prerequisite payloads start neither path
+ test_grok_adapter_missing_jq_and_no_supervision_allow
+ local dir fakebin log out status tool tool_path
++ make_primary_dir /var/folders/p3/95t2_00n2jl3r2cn79bfn18h0000gp/T//fm-turnend-guard.IpXS2c/grok-nojq
++ local dir=/var/folders/p3/95t2_00n2jl3r2cn79bfn18h0000gp/T//fm-turnend-guard.IpXS2c/grok-nojq
++ mkdir -p /var/folders/p3/95t2_00n2jl3r2cn79bfn18h0000gp/T//fm-turnend-guard.IpXS2c/grok-nojq/state
++ git init -q /var/folders/p3/95t2_00n2jl3r2cn79bfn18h0000gp/T//fm-turnend-guard.IpXS2c/grok-nojq
++ git -C /var/folders/p3/95t2_00n2jl3r2cn79bfn18h0000gp/T//fm-turnend-guard.IpXS2c/grok-nojq commit -q --allow-empty -m init
++ :
++ install_guard_scripts /var/folders/p3/95t2_00n2jl3r2cn79bfn18h0000gp/T//fm-turnend-guard.IpXS2c/grok-nojq
++ local dir=/var/folders/p3/95t2_00n2jl3r2cn79bfn18h0000gp/T//fm-turnend-guard.IpXS2c/grok-nojq
++ mkdir -p /var/folders/p3/95t2_00n2jl3r2cn79bfn18h0000gp/T//fm-turnend-guard.IpXS2c/grok-nojq/bin
++ cp /Users/AI/.no-mistakes/worktrees/edb446952c22/01M1EYV82B3ZA2ZEAH2A2NMK1R/bin/fm-turnend-guard.sh /var/folders/p3/95t2_00n2jl3r2cn79bfn18h0000gp/T//fm-turnend-guard.IpXS2c/grok-nojq/bin/fm-turnend-guard.sh
++ cp /Users/AI/.no-mistakes/worktrees/edb446952c22/01M1EYV82B3ZA2ZEAH2A2NMK1R/bin/fm-turnend-guard-grok.sh /var/folders/p3/95t2_00n2jl3r2cn79bfn18h0000gp/T//fm-turnend-guard.IpXS2c/grok-nojq/bin/fm-turnend-guard-grok.sh
++ cp /Users/AI/.no-mistakes/worktrees/edb446952c22/01M1EYV82B3ZA2ZEAH2A2NMK1R/bin/fm-operational-input.sh /var/folders/p3/95t2_00n2jl3r2cn79bfn18h0000gp/T//fm-turnend-guard.IpXS2c/grok-nojq/bin/fm-operational-input.sh
++ cp /Users/AI/.no-mistakes/worktrees/edb446952c22/01M1EYV82B3ZA2ZEAH2A2NMK1R/bin/fm-supervision-instructions.sh /var/folders/p3/95t2_00n2jl3r2cn79bfn18h0000gp/T//fm-turnend-guard.IpXS2c/grok-nojq/bin/fm-supervision-instructions.sh
++ cp /Users/AI/.no-mistakes/worktrees/edb446952c22/01M1EYV82B3ZA2ZEAH2A2NMK1R/bin/fm-harness.sh /var/folders/p3/95t2_00n2jl3r2cn79bfn18h0000gp/T//fm-turnend-guard.IpXS2c/grok-nojq/bin/fm-harness.sh
++ cp /Users/AI/.no-mistakes/worktrees/edb446952c22/01M1EYV82B3ZA2ZEAH2A2NMK1R/bin/fm-primary-scope-lib.sh /var/folders/p3/95t2_00n2jl3r2cn79bfn18h0000gp/T//fm-turnend-guard.IpXS2c/grok-nojq/bin/fm-primary-scope-lib.sh
++ cp /Users/AI/.no-mistakes/worktrees/edb446952c22/01M1EYV82B3ZA2ZEAH2A2NMK1R/bin/fm-supervision-lib.sh /var/folders/p3/95t2_00n2jl3r2cn79bfn18h0000gp/T//fm-turnend-guard.IpXS2c/grok-nojq/bin/fm-supervision-lib.sh
++ cp /Users/AI/.no-mistakes/worktrees/edb446952c22/01M1EYV82B3ZA2ZEAH2A2NMK1R/bin/fm-wake-lib.sh /var/folders/p3/95t2_00n2jl3r2cn79bfn18h0000gp/T//fm-turnend-guard.IpXS2c/grok-nojq/bin/fm-wake-lib.sh
++ cp /Users/AI/.no-mistakes/worktrees/edb446952c22/01M1EYV82B3ZA2ZEAH2A2NMK1R/bin/fm-hook-host-lib.sh /var/folders/p3/95t2_00n2jl3r2cn79bfn18h0000gp/T//fm-turnend-guard.IpXS2c/grok-nojq/bin/fm-hook-host-lib.sh
++ cp /Users/AI/.no-mistakes/worktrees/edb446952c22/01M1EYV82B3ZA2ZEAH2A2NMK1R/bin/fm-timeout-lib.sh /var/folders/p3/95t2_00n2jl3r2cn79bfn18h0000gp/T//fm-turnend-guard.IpXS2c/grok-nojq/bin/fm-timeout-lib.sh
++ cp /Users/AI/.no-mistakes/worktrees/edb446952c22/01M1EYV82B3ZA2ZEAH2A2NMK1R/bin/fm-owner-invoke-wait-check.sh /var/folders/p3/95t2_00n2jl3r2cn79bfn18h0000gp/T//fm-turnend-guard.IpXS2c/grok-nojq/bin/fm-owner-invoke-wait-check.sh
++ mkdir -p /var/folders/p3/95t2_00n2jl3r2cn79bfn18h0000gp/T//fm-turnend-guard.IpXS2c/grok-nojq/docs
++ cp -R /Users/AI/.no-mistakes/worktrees/edb446952c22/01M1EYV82B3ZA2ZEAH2A2NMK1R/docs/supervision-protocols /var/folders/p3/95t2_00n2jl3r2cn79bfn18h0000gp/T//fm-turnend-guard.IpXS2c/grok-nojq/docs/supervision-protocols
++ chmod +x /var/folders/p3/95t2_00n2jl3r2cn79bfn18h0000gp/T//fm-turnend-guard.IpXS2c/grok-nojq/bin/fm-turnend-guard.sh /var/folders/p3/95t2_00n2jl3r2cn79bfn18h0000gp/T//fm-turnend-guard.IpXS2c/grok-nojq/bin/fm-turnend-guard-grok.sh /var/folders/p3/95t2_00n2jl3r2cn79bfn18h0000gp/T//fm-turnend-guard.IpXS2c/grok-nojq/bin/fm-operational-input.sh /var/folders/p3/95t2_00n2jl3r2cn79bfn18h0000gp/T//fm-turnend-guard.IpXS2c/grok-nojq/bin/fm-supervision-instructions.sh /var/folders/p3/95t2_00n2jl3r2cn79bfn18h0000gp/T//fm-turnend-guard.IpXS2c/grok-nojq/bin/fm-harness.sh /var/folders/p3/95t2_00n2jl3r2cn79bfn18h0000gp/T//fm-turnend-guard.IpXS2c/grok-nojq/bin/fm-owner-invoke-wait-check.sh
++ printf '%s\n' /var/folders/p3/95t2_00n2jl3r2cn79bfn18h0000gp/T//fm-turnend-guard.IpXS2c/grok-nojq
+ dir=/var/folders/p3/95t2_00n2jl3r2cn79bfn18h0000gp/T//fm-turnend-guard.IpXS2c/grok-nojq
+ :
++ fm_fakebin /var/folders/p3/95t2_00n2jl3r2cn79bfn18h0000gp/T//fm-turnend-guard.IpXS2c/grok-nojq-bin
++ local dir=/var/folders/p3/95t2_00n2jl3r2cn79bfn18h0000gp/T//fm-turnend-guard.IpXS2c/grok-nojq-bin fakebin=/var/folders/p3/95t2_00n2jl3r2cn79bfn18h0000gp/T//fm-turnend-guard.IpXS2c/grok-nojq-bin/fakebin
++ mkdir -p /var/folders/p3/95t2_00n2jl3r2cn79bfn18h0000gp/T//fm-turnend-guard.IpXS2c/grok-nojq-bin/fakebin
++ printf '%s\n' /var/folders/p3/95t2_00n2jl3r2cn79bfn18h0000gp/T//fm-turnend-guard.IpXS2c/grok-nojq-bin/fakebin
+ fakebin=/var/folders/p3/95t2_00n2jl3r2cn79bfn18h0000gp/T//fm-turnend-guard.IpXS2c/grok-nojq-bin/fakebin
+ log=/var/folders/p3/95t2_00n2jl3r2cn79bfn18h0000gp/T//fm-turnend-guard.IpXS2c/grok-nojq.log
+ for tool in bash cat printf
++ command -v bash
+ tool_path=/bin/bash
+ ln -s /bin/bash /var/folders/p3/95t2_00n2jl3r2cn79bfn18h0000gp/T//fm-turnend-guard.IpXS2c/grok-nojq-bin/fakebin/bash
+ for tool in bash cat printf
++ command -v cat
+ tool_path=/bin/cat
+ ln -s /bin/cat /var/folders/p3/95t2_00n2jl3r2cn79bfn18h0000gp/T//fm-turnend-guard.IpXS2c/grok-nojq-bin/fakebin/cat
+ for tool in bash cat printf
++ command -v printf
+ tool_path=printf
+ ln -s printf /var/folders/p3/95t2_00n2jl3r2cn79bfn18h0000gp/T//fm-turnend-guard.IpXS2c/grok-nojq-bin/fakebin/printf
+ printf '#!/usr/bin/env bash\nprintf called >> %q\n' /var/folders/p3/95t2_00n2jl3r2cn79bfn18h0000gp/T//fm-turnend-guard.IpXS2c/grok-nojq.log
+ chmod +x /var/folders/p3/95t2_00n2jl3r2cn79bfn18h0000gp/T//fm-turnend-guard.IpXS2c/grok-nojq-bin/fakebin/grok
++ printf %s '{"sessionId":"x","stopHookActive":false}'
++ PATH=/var/folders/p3/95t2_00n2jl3r2cn79bfn18h0000gp/T//fm-turnend-guard.IpXS2c/grok-nojq-bin/fakebin
++ GROK_WORKSPACE_ROOT=/var/folders/p3/95t2_00n2jl3r2cn79bfn18h0000gp/T//fm-turnend-guard.IpXS2c/grok-nojq
++ bash /var/folders/p3/95t2_00n2jl3r2cn79bfn18h0000gp/T//fm-turnend-guard.IpXS2c/grok-nojq/bin/fm-turnend-guard-grok.sh
+ out=
+ status=0
+ expect_code 0 0 'missing jq must conservatively allow'
+ local expected=0 actual=0 'label=missing jq must conservatively allow'
+ '[' 0 = 0 ']'
+ '[' -z '' ']'
+ '[' '!' -e /var/folders/p3/95t2_00n2jl3r2cn79bfn18h0000gp/T//fm-turnend-guard.IpXS2c/grok-nojq.log ']'
++ make_primary_dir /var/folders/p3/95t2_00n2jl3r2cn79bfn18h0000gp/T//fm-turnend-guard.IpXS2c/grok-native-no-work
++ local dir=/var/folders/p3/95t2_00n2jl3r2cn79bfn18h0000gp/T//fm-turnend-guard.IpXS2c/grok-native-no-work
++ mkdir -p /var/folders/p3/95t2_00n2jl3r2cn79bfn18h0000gp/T//fm-turnend-guard.IpXS2c/grok-native-no-work/state
++ git init -q /var/folders/p3/95t2_00n2jl3r2cn79bfn18h0000gp/T//fm-turnend-guard.IpXS2c/grok-native-no-work
++ git -C /var/folders/p3/95t2_00n2jl3r2cn79bfn18h0000gp/T//fm-turnend-guard.IpXS2c/grok-native-no-work commit -q --allow-empty -m init
++ :
++ install_guard_scripts /var/folders/p3/95t2_00n2jl3r2cn79bfn18h0000gp/T//fm-turnend-guard.IpXS2c/grok-native-no-work
++ local dir=/var/folders/p3/95t2_00n2jl3r2cn79bfn18h0000gp/T//fm-turnend-guard.IpXS2c/grok-native-no-work
++ mkdir -p /var/folders/p3/95t2_00n2jl3r2cn79bfn18h0000gp/T//fm-turnend-guard.IpXS2c/grok-native-no-work/bin
++ cp /Users/AI/.no-mistakes/worktrees/edb446952c22/01M1EYV82B3ZA2ZEAH2A2NMK1R/bin/fm-turnend-guard.sh /var/folders/p3/95t2_00n2jl3r2cn79bfn18h0000gp/T//fm-turnend-guard.IpXS2c/grok-native-no-work/bin/fm-turnend-guard.sh
++ cp /Users/AI/.no-mistakes/worktrees/edb446952c22/01M1EYV82B3ZA2ZEAH2A2NMK1R/bin/fm-turnend-guard-grok.sh /var/folders/p3/95t2_00n2jl3r2cn79bfn18h0000gp/T//fm-turnend-guard.IpXS2c/grok-native-no-work/bin/fm-turnend-guard-grok.sh
++ cp /Users/AI/.no-mistakes/worktrees/edb446952c22/01M1EYV82B3ZA2ZEAH2A2NMK1R/bin/fm-operational-input.sh /var/folders/p3/95t2_00n2jl3r2cn79bfn18h0000gp/T//fm-turnend-guard.IpXS2c/grok-native-no-work/bin/fm-operational-input.sh
++ cp /Users/AI/.no-mistakes/worktrees/edb446952c22/01M1EYV82B3ZA2ZEAH2A2NMK1R/bin/fm-supervision-instructions.sh /var/folders/p3/95t2_00n2jl3r2cn79bfn18h0000gp/T//fm-turnend-guard.IpXS2c/grok-native-no-work/bin/fm-supervision-instructions.sh
++ cp /Users/AI/.no-mistakes/worktrees/edb446952c22/01M1EYV82B3ZA2ZEAH2A2NMK1R/bin/fm-harness.sh /var/folders/p3/95t2_00n2jl3r2cn79bfn18h0000gp/T//fm-turnend-guard.IpXS2c/grok-native-no-work/bin/fm-harness.sh
++ cp /Users/AI/.no-mistakes/worktrees/edb446952c22/01M1EYV82B3ZA2ZEAH2A2NMK1R/bin/fm-primary-scope-lib.sh /var/folders/p3/95t2_00n2jl3r2cn79bfn18h0000gp/T//fm-turnend-guard.IpXS2c/grok-native-no-work/bin/fm-primary-scope-lib.sh
++ cp /Users/AI/.no-mistakes/worktrees/edb446952c22/01M1EYV82B3ZA2ZEAH2A2NMK1R/bin/fm-supervision-lib.sh /var/folders/p3/95t2_00n2jl3r2cn79bfn18h0000gp/T//fm-turnend-guard.IpXS2c/grok-native-no-work/bin/fm-supervision-lib.sh
++ cp /Users/AI/.no-mistakes/worktrees/edb446952c22/01M1EYV82B3ZA2ZEAH2A2NMK1R/bin/fm-wake-lib.sh /var/folders/p3/95t2_00n2jl3r2cn79bfn18h0000gp/T//fm-turnend-guard.IpXS2c/grok-native-no-work/bin/fm-wake-lib.sh
++ cp /Users/AI/.no-mistakes/worktrees/edb446952c22/01M1EYV82B3ZA2ZEAH2A2NMK1R/bin/fm-hook-host-lib.sh /var/folders/p3/95t2_00n2jl3r2cn79bfn18h0000gp/T//fm-turnend-guard.IpXS2c/grok-native-no-work/bin/fm-hook-host-lib.sh
++ cp /Users/AI/.no-mistakes/worktrees/edb446952c22/01M1EYV82B3ZA2ZEAH2A2NMK1R/bin/fm-timeout-lib.sh /var/folders/p3/95t2_00n2jl3r2cn79bfn18h0000gp/T//fm-turnend-guard.IpXS2c/grok-native-no-work/bin/fm-timeout-lib.sh
++ cp /Users/AI/.no-mistakes/worktrees/edb446952c22/01M1EYV82B3ZA2ZEAH2A2NMK1R/bin/fm-owner-invoke-wait-check.sh /var/folders/p3/95t2_00n2jl3r2cn79bfn18h0000gp/T//fm-turnend-guard.IpXS2c/grok-native-no-work/bin/fm-owner-invoke-wait-check.sh
++ mkdir -p /var/folders/p3/95t2_00n2jl3r2cn79bfn18h0000gp/T//fm-turnend-guard.IpXS2c/grok-native-no-work/docs
++ cp -R /Users/AI/.no-mistakes/worktrees/edb446952c22/01M1EYV82B3ZA2ZEAH2A2NMK1R/docs/supervision-protocols /var/folders/p3/95t2_00n2jl3r2cn79bfn18h0000gp/T//fm-turnend-guard.IpXS2c/grok-native-no-work/docs/supervision-protocols
++ chmod +x /var/folders/p3/95t2_00n2jl3r2cn79bfn18h0000gp/T//fm-turnend-guard.IpXS2c/grok-native-no-work/bin/fm-turnend-guard.sh /var/folders/p3/95t2_00n2jl3r2cn79bfn18h0000gp/T//fm-turnend-guard.IpXS2c/grok-native-no-work/bin/fm-turnend-guard-grok.sh /var/folders/p3/95t2_00n2jl3r2cn79bfn18h0000gp/T//fm-turnend-guard.IpXS2c/grok-native-no-work/bin/fm-operational-input.sh /var/folders/p3/95t2_00n2jl3r2cn79bfn18h0000gp/T//fm-turnend-guard.IpXS2c/grok-native-no-work/bin/fm-supervision-instructions.sh /var/folders/p3/95t2_00n2jl3r2cn79bfn18h0000gp/T//fm-turnend-guard.IpXS2c/grok-native-no-work/bin/fm-harness.sh /var/folders/p3/95t2_00n2jl3r2cn79bfn18h0000gp/T//fm-turnend-guard.IpXS2c/grok-native-no-work/bin/fm-owner-invoke-wait-check.sh
++ printf '%s\n' /var/folders/p3/95t2_00n2jl3r2cn79bfn18h0000gp/T//fm-turnend-guard.IpXS2c/grok-native-no-work
+ dir=/var/folders/p3/95t2_00n2jl3r2cn79bfn18h0000gp/T//fm-turnend-guard.IpXS2c/grok-native-no-work
++ printf %s '{"sessionId":"x","stopHookActive":false}'
++ FM_HOME=/var/folders/p3/95t2_00n2jl3r2cn79bfn18h0000gp/T//fm-turnend-guard.IpXS2c/grok-native-no-work
++ GROK_WORKSPACE_ROOT=/var/folders/p3/95t2_00n2jl3r2cn79bfn18h0000gp/T//fm-turnend-guard.IpXS2c/grok-native-no-work
++ bash /var/folders/p3/95t2_00n2jl3r2cn79bfn18h0000gp/T//fm-turnend-guard.IpXS2c/grok-native-no-work/bin/fm-turnend-guard-grok.sh
+ out=
+ status=0
+ expect_code 0 0 'healthy no-supervision-needed native stop must allow'
+ local expected=0 actual=0 'label=healthy no-supervision-needed native stop must allow'
+ '[' 0 = 0 ']'
+ '[' -z '' ']'
+ pass 'fm-turnend-guard-grok: missing jq and no-supervision-needed stops stay silent and bounded'
+ printf 'ok - %s\n' 'fm-turnend-guard-grok: missing jq and no-supervision-needed stops stay silent and bounded'
ok - fm-turnend-guard-grok: missing jq and no-supervision-needed stops stay silent and bounded
+ test_tracked_claude_entries_inert_under_grok
+ local dir cmd script target guarded=0 unguarded=0
+ command -v jq
+ dir=/var/folders/p3/95t2_00n2jl3r2cn79bfn18h0000gp/T//fm-turnend-guard.IpXS2c/claude-entries-grok-inert
+ mkdir -p /var/folders/p3/95t2_00n2jl3r2cn79bfn18h0000gp/T//fm-turnend-guard.IpXS2c/claude-entries-grok-inert/bin
+ for script in fm-turnend-guard.sh fm-claude-stop-autoarm.sh fm-sessionstart-run.sh fm-arm-pretool-check.sh fm-cd-pretool-check.sh fm-skill-load-record.sh fm-subagent-pretool-check.sh fm-project-write-pretool-check.sh
+ printf '#!/usr/bin/env bash\nprintf ran >> %q\n' /var/folders/p3/95t2_00n2jl3r2cn79bfn18h0000gp/T//fm-turnend-guard.IpXS2c/claude-entries-grok-inert/invoked
+ chmod +x /var/folders/p3/95t2_00n2jl3r2cn79bfn18h0000gp/T//fm-turnend-guard.IpXS2c/claude-entries-grok-inert/bin/fm-turnend-guard.sh
+ for script in fm-turnend-guard.sh fm-claude-stop-autoarm.sh fm-sessionstart-run.sh fm-arm-pretool-check.sh fm-cd-pretool-check.sh fm-skill-load-record.sh fm-subagent-pretool-check.sh fm-project-write-pretool-check.sh
+ printf '#!/usr/bin/env bash\nprintf ran >> %q\n' /var/folders/p3/95t2_00n2jl3r2cn79bfn18h0000gp/T//fm-turnend-guard.IpXS2c/claude-entries-grok-inert/invoked
+ chmod +x /var/folders/p3/95t2_00n2jl3r2cn79bfn18h0000gp/T//fm-turnend-guard.IpXS2c/claude-entries-grok-inert/bin/fm-claude-stop-autoarm.sh
+ for script in fm-turnend-guard.sh fm-claude-stop-autoarm.sh fm-sessionstart-run.sh fm-arm-pretool-check.sh fm-cd-pretool-check.sh fm-skill-load-record.sh fm-subagent-pretool-check.sh fm-project-write-pretool-check.sh
+ printf '#!/usr/bin/env bash\nprintf ran >> %q\n' /var/folders/p3/95t2_00n2jl3r2cn79bfn18h0000gp/T//fm-turnend-guard.IpXS2c/claude-entries-grok-inert/invoked
+ chmod +x /var/folders/p3/95t2_00n2jl3r2cn79bfn18h0000gp/T//fm-turnend-guard.IpXS2c/claude-entries-grok-inert/bin/fm-sessionstart-run.sh
+ for script in fm-turnend-guard.sh fm-claude-stop-autoarm.sh fm-sessionstart-run.sh fm-arm-pretool-check.sh fm-cd-pretool-check.sh fm-skill-load-record.sh fm-subagent-pretool-check.sh fm-project-write-pretool-check.sh
+ printf '#!/usr/bin/env bash\nprintf ran >> %q\n' /var/folders/p3/95t2_00n2jl3r2cn79bfn18h0000gp/T//fm-turnend-guard.IpXS2c/claude-entries-grok-inert/invoked
+ chmod +x /var/folders/p3/95t2_00n2jl3r2cn79bfn18h0000gp/T//fm-turnend-guard.IpXS2c/claude-entries-grok-inert/bin/fm-arm-pretool-check.sh
+ for script in fm-turnend-guard.sh fm-claude-stop-autoarm.sh fm-sessionstart-run.sh fm-arm-pretool-check.sh fm-cd-pretool-check.sh fm-skill-load-record.sh fm-subagent-pretool-check.sh fm-project-write-pretool-check.sh
+ printf '#!/usr/bin/env bash\nprintf ran >> %q\n' /var/folders/p3/95t2_00n2jl3r2cn79bfn18h0000gp/T//fm-turnend-guard.IpXS2c/claude-entries-grok-inert/invoked
+ chmod +x /var/folders/p3/95t2_00n2jl3r2cn79bfn18h0000gp/T//fm-turnend-guard.IpXS2c/claude-entries-grok-inert/bin/fm-cd-pretool-check.sh
+ for script in fm-turnend-guard.sh fm-claude-stop-autoarm.sh fm-sessionstart-run.sh fm-arm-pretool-check.sh fm-cd-pretool-check.sh fm-skill-load-record.sh fm-subagent-pretool-check.sh fm-project-write-pretool-check.sh
+ printf '#!/usr/bin/env bash\nprintf ran >> %q\n' /var/folders/p3/95t2_00n2jl3r2cn79bfn18h0000gp/T//fm-turnend-guard.IpXS2c/claude-entries-grok-inert/invoked
+ chmod +x /var/folders/p3/95t2_00n2jl3r2cn79bfn18h0000gp/T//fm-turnend-guard.IpXS2c/claude-entries-grok-inert/bin/fm-skill-load-record.sh
+ for script in fm-turnend-guard.sh fm-claude-stop-autoarm.sh fm-sessionstart-run.sh fm-arm-pretool-check.sh fm-cd-pretool-check.sh fm-skill-load-record.sh fm-subagent-pretool-check.sh fm-project-write-pretool-check.sh
+ printf '#!/usr/bin/env bash\nprintf ran >> %q\n' /var/folders/p3/95t2_00n2jl3r2cn79bfn18h0000gp/T//fm-turnend-guard.IpXS2c/claude-entries-grok-inert/invoked
+ chmod +x /var/folders/p3/95t2_00n2jl3r2cn79bfn18h0000gp/T//fm-turnend-guard.IpXS2c/claude-entries-grok-inert/bin/fm-subagent-pretool-check.sh
+ for script in fm-turnend-guard.sh fm-claude-stop-autoarm.sh fm-sessionstart-run.sh fm-arm-pretool-check.sh fm-cd-pretool-check.sh fm-skill-load-record.sh fm-subagent-pretool-check.sh fm-project-write-pretool-check.sh
+ printf '#!/usr/bin/env bash\nprintf ran >> %q\n' /var/folders/p3/95t2_00n2jl3r2cn79bfn18h0000gp/T//fm-turnend-guard.IpXS2c/claude-entries-grok-inert/invoked
+ chmod +x /var/folders/p3/95t2_00n2jl3r2cn79bfn18h0000gp/T//fm-turnend-guard.IpXS2c/claude-entries-grok-inert/bin/fm-project-write-pretool-check.sh
+ IFS=
++ jq -r '.hooks[][].hooks[].command' /Users/AI/.no-mistakes/worktrees/edb446952c22/01M1EYV82B3ZA2ZEAH2A2NMK1R/.claude/settings.json
+ read -r cmd
+ '[' -n '[ -z "${GROK_AGENT:-}${GROK_HOOK_EVENT:-}" ] || exit 0; exec "$CLAUDE_PROJECT_DIR"/bin/fm-sessionstart-run.sh' ']'
++ printf '%s\n' '[ -z "${GROK_AGENT:-}${GROK_HOOK_EVENT:-}" ] || exit 0; exec "$CLAUDE_PROJECT_DIR"/bin/fm-sessionstart-run.sh'
++ sed -n 's|.*/bin/\([a-z0-9-]*\.sh\).*|\1|p'
+ target=fm-sessionstart-run.sh
+ '[' -n fm-sessionstart-run.sh ']'
+ ran_under -u GROK_AGENT -u GROK_HOOK_EVENT -u GROK_HOOK_NAME -u GROK_SESSION_ID -u GROK_WORKSPACE_ROOT
+ rm -f /var/folders/p3/95t2_00n2jl3r2cn79bfn18h0000gp/T//fm-turnend-guard.IpXS2c/claude-entries-grok-inert/invoked
+ env -u GROK_AGENT -u GROK_HOOK_EVENT -u GROK_HOOK_NAME -u GROK_SESSION_ID -u GROK_WORKSPACE_ROOT CLAUDE_PROJECT_DIR=/var/folders/p3/95t2_00n2jl3r2cn79bfn18h0000gp/T//fm-turnend-guard.IpXS2c/claude-entries-grok-inert bash -c '[ -z "${GROK_AGENT:-}${GROK_HOOK_EVENT:-}" ] || exit 0; exec "$CLAUDE_PROJECT_DIR"/bin/fm-sessionstart-run.sh'
+ '[' -e /var/folders/p3/95t2_00n2jl3r2cn79bfn18h0000gp/T//fm-turnend-guard.IpXS2c/claude-entries-grok-inert/invoked ']'
+ case "$target" in
+ guarded=1
+ ran_under -u GROK_AGENT GROK_HOOK_EVENT=stop 'GROK_HOOK_NAME=project/settings:stop[0].hooks[0]' GROK_SESSION_ID=grok-test-session GROK_WORKSPACE_ROOT=/var/folders/p3/95t2_00n2jl3r2cn79bfn18h0000gp/T//fm-turnend-guard.IpXS2c/claude-entries-grok-inert
+ rm -f /var/folders/p3/95t2_00n2jl3r2cn79bfn18h0000gp/T//fm-turnend-guard.IpXS2c/claude-entries-grok-inert/invoked
+ env -u GROK_AGENT GROK_HOOK_EVENT=stop 'GROK_HOOK_NAME=project/settings:stop[0].hooks[0]' GROK_SESSION_ID=grok-test-session GROK_WORKSPACE_ROOT=/var/folders/p3/95t2_00n2jl3r2cn79bfn18h0000gp/T//fm-turnend-guard.IpXS2c/claude-entries-grok-inert CLAUDE_PROJECT_DIR=/var/folders/p3/95t2_00n2jl3r2cn79bfn18h0000gp/T//fm-turnend-guard.IpXS2c/claude-entries-grok-inert bash -c '[ -z "${GROK_AGENT:-}${GROK_HOOK_EVENT:-}" ] || exit 0; exec "$CLAUDE_PROJECT_DIR"/bin/fm-sessionstart-run.sh'
+ '[' -e /var/folders/p3/95t2_00n2jl3r2cn79bfn18h0000gp/T//fm-turnend-guard.IpXS2c/claude-entries-grok-inert/invoked ']'
+ ran_under -u GROK_HOOK_EVENT -u GROK_HOOK_NAME GROK_AGENT=1
+ rm -f /var/folders/p3/95t2_00n2jl3r2cn79bfn18h0000gp/T//fm-turnend-guard.IpXS2c/claude-entries-grok-inert/invoked
+ env -u GROK_HOOK_EVENT -u GROK_HOOK_NAME GROK_AGENT=1 CLAUDE_PROJECT_DIR=/var/folders/p3/95t2_00n2jl3r2cn79bfn18h0000gp/T//fm-turnend-guard.IpXS2c/claude-entries-grok-inert bash -c '[ -z "${GROK_AGENT:-}${GROK_HOOK_EVENT:-}" ] || exit 0; exec "$CLAUDE_PROJECT_DIR"/bin/fm-sessionstart-run.sh'
+ '[' -e /var/folders/p3/95t2_00n2jl3r2cn79bfn18h0000gp/T//fm-turnend-guard.IpXS2c/claude-entries-grok-inert/invoked ']'
+ IFS=
+ read -r cmd
+ '[' -n '[ -z "${GROK_AGENT:-}${GROK_HOOK_EVENT:-}" ] || exit 0; exec "$CLAUDE_PROJECT_DIR"/bin/fm-arm-pretool-check.sh --claude' ']'
++ printf '%s\n' '[ -z "${GROK_AGENT:-}${GROK_HOOK_EVENT:-}" ] || exit 0; exec "$CLAUDE_PROJECT_DIR"/bin/fm-arm-pretool-check.sh --claude'
++ sed -n 's|.*/bin/\([a-z0-9-]*\.sh\).*|\1|p'
+ target=fm-arm-pretool-check.sh
+ '[' -n fm-arm-pretool-check.sh ']'
+ ran_under -u GROK_AGENT -u GROK_HOOK_EVENT -u GROK_HOOK_NAME -u GROK_SESSION_ID -u GROK_WORKSPACE_ROOT
+ rm -f /var/folders/p3/95t2_00n2jl3r2cn79bfn18h0000gp/T//fm-turnend-guard.IpXS2c/claude-entries-grok-inert/invoked
+ env -u GROK_AGENT -u GROK_HOOK_EVENT -u GROK_HOOK_NAME -u GROK_SESSION_ID -u GROK_WORKSPACE_ROOT CLAUDE_PROJECT_DIR=/var/folders/p3/95t2_00n2jl3r2cn79bfn18h0000gp/T//fm-turnend-guard.IpXS2c/claude-entries-grok-inert bash -c '[ -z "${GROK_AGENT:-}${GROK_HOOK_EVENT:-}" ] || exit 0; exec "$CLAUDE_PROJECT_DIR"/bin/fm-arm-pretool-check.sh --claude'
+ '[' -e /var/folders/p3/95t2_00n2jl3r2cn79bfn18h0000gp/T//fm-turnend-guard.IpXS2c/claude-entries-grok-inert/invoked ']'
+ case "$target" in
+ guarded=2
+ ran_under -u GROK_AGENT GROK_HOOK_EVENT=stop 'GROK_HOOK_NAME=project/settings:stop[0].hooks[0]' GROK_SESSION_ID=grok-test-session GROK_WORKSPACE_ROOT=/var/folders/p3/95t2_00n2jl3r2cn79bfn18h0000gp/T//fm-turnend-guard.IpXS2c/claude-entries-grok-inert
+ rm -f /var/folders/p3/95t2_00n2jl3r2cn79bfn18h0000gp/T//fm-turnend-guard.IpXS2c/claude-entries-grok-inert/invoked
+ env -u GROK_AGENT GROK_HOOK_EVENT=stop 'GROK_HOOK_NAME=project/settings:stop[0].hooks[0]' GROK_SESSION_ID=grok-test-session GROK_WORKSPACE_ROOT=/var/folders/p3/95t2_00n2jl3r2cn79bfn18h0000gp/T//fm-turnend-guard.IpXS2c/claude-entries-grok-inert CLAUDE_PROJECT_DIR=/var/folders/p3/95t2_00n2jl3r2cn79bfn18h0000gp/T//fm-turnend-guard.IpXS2c/claude-entries-grok-inert bash -c '[ -z "${GROK_AGENT:-}${GROK_HOOK_EVENT:-}" ] || exit 0; exec "$CLAUDE_PROJECT_DIR"/bin/fm-arm-pretool-check.sh --claude'
+ '[' -e /var/folders/p3/95t2_00n2jl3r2cn79bfn18h0000gp/T//fm-turnend-guard.IpXS2c/claude-entries-grok-inert/invoked ']'
+ ran_under -u GROK_HOOK_EVENT -u GROK_HOOK_NAME GROK_AGENT=1
+ rm -f /var/folders/p3/95t2_00n2jl3r2cn79bfn18h0000gp/T//fm-turnend-guard.IpXS2c/claude-entries-grok-inert/invoked
+ env -u GROK_HOOK_EVENT -u GROK_HOOK_NAME GROK_AGENT=1 CLAUDE_PROJECT_DIR=/var/folders/p3/95t2_00n2jl3r2cn79bfn18h0000gp/T//fm-turnend-guard.IpXS2c/claude-entries-grok-inert bash -c '[ -z "${GROK_AGENT:-}${GROK_HOOK_EVENT:-}" ] || exit 0; exec "$CLAUDE_PROJECT_DIR"/bin/fm-arm-pretool-check.sh --claude'
+ '[' -e /var/folders/p3/95t2_00n2jl3r2cn79bfn18h0000gp/T//fm-turnend-guard.IpXS2c/claude-entries-grok-inert/invoked ']'
+ IFS=
+ read -r cmd
+ '[' -n '[ -z "${GROK_AGENT:-}${GROK_HOOK_EVENT:-}" ] || exit 0; exec "$CLAUDE_PROJECT_DIR"/bin/fm-cd-pretool-check.sh --claude' ']'
++ printf '%s\n' '[ -z "${GROK_AGENT:-}${GROK_HOOK_EVENT:-}" ] || exit 0; exec "$CLAUDE_PROJECT_DIR"/bin/fm-cd-pretool-check.sh --claude'
++ sed -n 's|.*/bin/\([a-z0-9-]*\.sh\).*|\1|p'
+ target=fm-cd-pretool-check.sh
+ '[' -n fm-cd-pretool-check.sh ']'
+ ran_under -u GROK_AGENT -u GROK_HOOK_EVENT -u GROK_HOOK_NAME -u GROK_SESSION_ID -u GROK_WORKSPACE_ROOT
+ rm -f /var/folders/p3/95t2_00n2jl3r2cn79bfn18h0000gp/T//fm-turnend-guard.IpXS2c/claude-entries-grok-inert/invoked
+ env -u GROK_AGENT -u GROK_HOOK_EVENT -u GROK_HOOK_NAME -u GROK_SESSION_ID -u GROK_WORKSPACE_ROOT CLAUDE_PROJECT_DIR=/var/folders/p3/95t2_00n2jl3r2cn79bfn18h0000gp/T//fm-turnend-guard.IpXS2c/claude-entries-grok-inert bash -c '[ -z "${GROK_AGENT:-}${GROK_HOOK_EVENT:-}" ] || exit 0; exec "$CLAUDE_PROJECT_DIR"/bin/fm-cd-pretool-check.sh --claude'
+ '[' -e /var/folders/p3/95t2_00n2jl3r2cn79bfn18h0000gp/T//fm-turnend-guard.IpXS2c/claude-entries-grok-inert/invoked ']'
+ case "$target" in
+ guarded=3
+ ran_under -u GROK_AGENT GROK_HOOK_EVENT=stop 'GROK_HOOK_NAME=project/settings:stop[0].hooks[0]' GROK_SESSION_ID=grok-test-session GROK_WORKSPACE_ROOT=/var/folders/p3/95t2_00n2jl3r2cn79bfn18h0000gp/T//fm-turnend-guard.IpXS2c/claude-entries-grok-inert
+ rm -f /var/folders/p3/95t2_00n2jl3r2cn79bfn18h0000gp/T//fm-turnend-guard.IpXS2c/claude-entries-grok-inert/invoked
+ env -u GROK_AGENT GROK_HOOK_EVENT=stop 'GROK_HOOK_NAME=project/settings:stop[0].hooks[0]' GROK_SESSION_ID=grok-test-session GROK_WORKSPACE_ROOT=/var/folders/p3/95t2_00n2jl3r2cn79bfn18h0000gp/T//fm-turnend-guard.IpXS2c/claude-entries-grok-inert CLAUDE_PROJECT_DIR=/var/folders/p3/95t2_00n2jl3r2cn79bfn18h0000gp/T//fm-turnend-guard.IpXS2c/claude-entries-grok-inert bash -c '[ -z "${GROK_AGENT:-}${GROK_HOOK_EVENT:-}" ] || exit 0; exec "$CLAUDE_PROJECT_DIR"/bin/fm-cd-pretool-check.sh --claude'
+ '[' -e /var/folders/p3/95t2_00n2jl3r2cn79bfn18h0000gp/T//fm-turnend-guard.IpXS2c/claude-entries-grok-inert/invoked ']'
+ ran_under -u GROK_HOOK_EVENT -u GROK_HOOK_NAME GROK_AGENT=1
+ rm -f /var/folders/p3/95t2_00n2jl3r2cn79bfn18h0000gp/T//fm-turnend-guard.IpXS2c/claude-entries-grok-inert/invoked
+ env -u GROK_HOOK_EVENT -u GROK_HOOK_NAME GROK_AGENT=1 CLAUDE_PROJECT_DIR=/var/folders/p3/95t2_00n2jl3r2cn79bfn18h0000gp/T//fm-turnend-guard.IpXS2c/claude-entries-grok-inert bash -c '[ -z "${GROK_AGENT:-}${GROK_HOOK_EVENT:-}" ] || exit 0; exec "$CLAUDE_PROJECT_DIR"/bin/fm-cd-pretool-check.sh --claude'
+ '[' -e /var/folders/p3/95t2_00n2jl3r2cn79bfn18h0000gp/T//fm-turnend-guard.IpXS2c/claude-entries-grok-inert/invoked ']'
+ IFS=
+ read -r cmd
+ '[' -n '"$CLAUDE_PROJECT_DIR"/bin/fm-subagent-pretool-check.sh --claude' ']'
++ printf '%s\n' '"$CLAUDE_PROJECT_DIR"/bin/fm-subagent-pretool-check.sh --claude'
++ sed -n 's|.*/bin/\([a-z0-9-]*\.sh\).*|\1|p'
+ target=fm-subagent-pretool-check.sh
+ '[' -n fm-subagent-pretool-check.sh ']'
+ ran_under -u GROK_AGENT -u GROK_HOOK_EVENT -u GROK_HOOK_NAME -u GROK_SESSION_ID -u GROK_WORKSPACE_ROOT
+ rm -f /var/folders/p3/95t2_00n2jl3r2cn79bfn18h0000gp/T//fm-turnend-guard.IpXS2c/claude-entries-grok-inert/invoked
+ env -u GROK_AGENT -u GROK_HOOK_EVENT -u GROK_HOOK_NAME -u GROK_SESSION_ID -u GROK_WORKSPACE_ROOT CLAUDE_PROJECT_DIR=/var/folders/p3/95t2_00n2jl3r2cn79bfn18h0000gp/T//fm-turnend-guard.IpXS2c/claude-entries-grok-inert bash -c '"$CLAUDE_PROJECT_DIR"/bin/fm-subagent-pretool-check.sh --claude'
+ '[' -e /var/folders/p3/95t2_00n2jl3r2cn79bfn18h0000gp/T//fm-turnend-guard.IpXS2c/claude-entries-grok-inert/invoked ']'
+ case "$target" in
+ unguarded=1
+ ran_under -u GROK_AGENT GROK_HOOK_EVENT=pre_tool_use GROK_SESSION_ID=grok-test-session
+ rm -f /var/folders/p3/95t2_00n2jl3r2cn79bfn18h0000gp/T//fm-turnend-guard.IpXS2c/claude-entries-grok-inert/invoked
+ env -u GROK_AGENT GROK_HOOK_EVENT=pre_tool_use GROK_SESSION_ID=grok-test-session CLAUDE_PROJECT_DIR=/var/folders/p3/95t2_00n2jl3r2cn79bfn18h0000gp/T//fm-turnend-guard.IpXS2c/claude-entries-grok-inert bash -c '"$CLAUDE_PROJECT_DIR"/bin/fm-subagent-pretool-check.sh --claude'
+ '[' -e /var/folders/p3/95t2_00n2jl3r2cn79bfn18h0000gp/T//fm-turnend-guard.IpXS2c/claude-entries-grok-inert/invoked ']'
+ continue
+ IFS=
+ read -r cmd
+ '[' -n '"$CLAUDE_PROJECT_DIR"/bin/fm-project-write-pretool-check.sh --claude' ']'
++ printf '%s\n' '"$CLAUDE_PROJECT_DIR"/bin/fm-project-write-pretool-check.sh --claude'
++ sed -n 's|.*/bin/\([a-z0-9-]*\.sh\).*|\1|p'
+ target=fm-project-write-pretool-check.sh
+ '[' -n fm-project-write-pretool-check.sh ']'
+ ran_under -u GROK_AGENT -u GROK_HOOK_EVENT -u GROK_HOOK_NAME -u GROK_SESSION_ID -u GROK_WORKSPACE_ROOT
+ rm -f /var/folders/p3/95t2_00n2jl3r2cn79bfn18h0000gp/T//fm-turnend-guard.IpXS2c/claude-entries-grok-inert/invoked
+ env -u GROK_AGENT -u GROK_HOOK_EVENT -u GROK_HOOK_NAME -u GROK_SESSION_ID -u GROK_WORKSPACE_ROOT CLAUDE_PROJECT_DIR=/var/folders/p3/95t2_00n2jl3r2cn79bfn18h0000gp/T//fm-turnend-guard.IpXS2c/claude-entries-grok-inert bash -c '"$CLAUDE_PROJECT_DIR"/bin/fm-project-write-pretool-check.sh --claude'
+ '[' -e /var/folders/p3/95t2_00n2jl3r2cn79bfn18h0000gp/T//fm-turnend-guard.IpXS2c/claude-entries-grok-inert/invoked ']'
+ case "$target" in
+ unguarded=2
+ ran_under -u GROK_AGENT GROK_HOOK_EVENT=pre_tool_use GROK_SESSION_ID=grok-test-session
+ rm -f /var/folders/p3/95t2_00n2jl3r2cn79bfn18h0000gp/T//fm-turnend-guard.IpXS2c/claude-entries-grok-inert/invoked
+ env -u GROK_AGENT GROK_HOOK_EVENT=pre_tool_use GROK_SESSION_ID=grok-test-session CLAUDE_PROJECT_DIR=/var/folders/p3/95t2_00n2jl3r2cn79bfn18h0000gp/T//fm-turnend-guard.IpXS2c/claude-entries-grok-inert bash -c '"$CLAUDE_PROJECT_DIR"/bin/fm-project-write-pretool-check.sh --claude'
+ '[' -e /var/folders/p3/95t2_00n2jl3r2cn79bfn18h0000gp/T//fm-turnend-guard.IpXS2c/claude-entries-grok-inert/invoked ']'
+ continue
+ IFS=
+ read -r cmd
+ '[' -n '[ -z "${GROK_AGENT:-}${GROK_HOOK_EVENT:-}" ] || exit 0; exec "$CLAUDE_PROJECT_DIR"/bin/fm-skill-load-record.sh --claude' ']'
++ printf '%s\n' '[ -z "${GROK_AGENT:-}${GROK_HOOK_EVENT:-}" ] || exit 0; exec "$CLAUDE_PROJECT_DIR"/bin/fm-skill-load-record.sh --claude'
++ sed -n 's|.*/bin/\([a-z0-9-]*\.sh\).*|\1|p'
+ target=fm-skill-load-record.sh
+ '[' -n fm-skill-load-record.sh ']'
+ ran_under -u GROK_AGENT -u GROK_HOOK_EVENT -u GROK_HOOK_NAME -u GROK_SESSION_ID -u GROK_WORKSPACE_ROOT
+ rm -f /var/folders/p3/95t2_00n2jl3r2cn79bfn18h0000gp/T//fm-turnend-guard.IpXS2c/claude-entries-grok-inert/invoked
+ env -u GROK_AGENT -u GROK_HOOK_EVENT -u GROK_HOOK_NAME -u GROK_SESSION_ID -u GROK_WORKSPACE_ROOT CLAUDE_PROJECT_DIR=/var/folders/p3/95t2_00n2jl3r2cn79bfn18h0000gp/T//fm-turnend-guard.IpXS2c/claude-entries-grok-inert bash -c '[ -z "${GROK_AGENT:-}${GROK_HOOK_EVENT:-}" ] || exit 0; exec "$CLAUDE_PROJECT_DIR"/bin/fm-skill-load-record.sh --claude'
+ '[' -e /var/folders/p3/95t2_00n2jl3r2cn79bfn18h0000gp/T//fm-turnend-guard.IpXS2c/claude-entries-grok-inert/invoked ']'
+ case "$target" in
+ guarded=4
+ ran_under -u GROK_AGENT GROK_HOOK_EVENT=stop 'GROK_HOOK_NAME=project/settings:stop[0].hooks[0]' GROK_SESSION_ID=grok-test-session GROK_WORKSPACE_ROOT=/var/folders/p3/95t2_00n2jl3r2cn79bfn18h0000gp/T//fm-turnend-guard.IpXS2c/claude-entries-grok-inert
+ rm -f /var/folders/p3/95t2_00n2jl3r2cn79bfn18h0000gp/T//fm-turnend-guard.IpXS2c/claude-entries-grok-inert/invoked
+ env -u GROK_AGENT GROK_HOOK_EVENT=stop 'GROK_HOOK_NAME=project/settings:stop[0].hooks[0]' GROK_SESSION_ID=grok-test-session GROK_WORKSPACE_ROOT=/var/folders/p3/95t2_00n2jl3r2cn79bfn18h0000gp/T//fm-turnend-guard.IpXS2c/claude-entries-grok-inert CLAUDE_PROJECT_DIR=/var/folders/p3/95t2_00n2jl3r2cn79bfn18h0000gp/T//fm-turnend-guard.IpXS2c/claude-entries-grok-inert bash -c '[ -z "${GROK_AGENT:-}${GROK_HOOK_EVENT:-}" ] || exit 0; exec "$CLAUDE_PROJECT_DIR"/bin/fm-skill-load-record.sh --claude'
+ '[' -e /var/folders/p3/95t2_00n2jl3r2cn79bfn18h0000gp/T//fm-turnend-guard.IpXS2c/claude-entries-grok-inert/invoked ']'
+ ran_under -u GROK_HOOK_EVENT -u GROK_HOOK_NAME GROK_AGENT=1
+ rm -f /var/folders/p3/95t2_00n2jl3r2cn79bfn18h0000gp/T//fm-turnend-guard.IpXS2c/claude-entries-grok-inert/invoked
+ env -u GROK_HOOK_EVENT -u GROK_HOOK_NAME GROK_AGENT=1 CLAUDE_PROJECT_DIR=/var/folders/p3/95t2_00n2jl3r2cn79bfn18h0000gp/T//fm-turnend-guard.IpXS2c/claude-entries-grok-inert bash -c '[ -z "${GROK_AGENT:-}${GROK_HOOK_EVENT:-}" ] || exit 0; exec "$CLAUDE_PROJECT_DIR"/bin/fm-skill-load-record.sh --claude'
+ '[' -e /var/folders/p3/95t2_00n2jl3r2cn79bfn18h0000gp/T//fm-turnend-guard.IpXS2c/claude-entries-grok-inert/invoked ']'
+ IFS=
+ read -r cmd
+ '[' -n '[ -z "${GROK_AGENT:-}${GROK_HOOK_EVENT:-}" ] || exit 0; exec "$CLAUDE_PROJECT_DIR"/bin/fm-turnend-guard.sh --claude' ']'
++ printf '%s\n' '[ -z "${GROK_AGENT:-}${GROK_HOOK_EVENT:-}" ] || exit 0; exec "$CLAUDE_PROJECT_DIR"/bin/fm-turnend-guard.sh --claude'
++ sed -n 's|.*/bin/\([a-z0-9-]*\.sh\).*|\1|p'
+ target=fm-turnend-guard.sh
+ '[' -n fm-turnend-guard.sh ']'
+ ran_under -u GROK_AGENT -u GROK_HOOK_EVENT -u GROK_HOOK_NAME -u GROK_SESSION_ID -u GROK_WORKSPACE_ROOT
+ rm -f /var/folders/p3/95t2_00n2jl3r2cn79bfn18h0000gp/T//fm-turnend-guard.IpXS2c/claude-entries-grok-inert/invoked
+ env -u GROK_AGENT -u GROK_HOOK_EVENT -u GROK_HOOK_NAME -u GROK_SESSION_ID -u GROK_WORKSPACE_ROOT CLAUDE_PROJECT_DIR=/var/folders/p3/95t2_00n2jl3r2cn79bfn18h0000gp/T//fm-turnend-guard.IpXS2c/claude-entries-grok-inert bash -c '[ -z "${GROK_AGENT:-}${GROK_HOOK_EVENT:-}" ] || exit 0; exec "$CLAUDE_PROJECT_DIR"/bin/fm-turnend-guard.sh --claude'
+ '[' -e /var/folders/p3/95t2_00n2jl3r2cn79bfn18h0000gp/T//fm-turnend-guard.IpXS2c/claude-entries-grok-inert/invoked ']'
+ case "$target" in
+ guarded=5
+ ran_under -u GROK_AGENT GROK_HOOK_EVENT=stop 'GROK_HOOK_NAME=project/settings:stop[0].hooks[0]' GROK_SESSION_ID=grok-test-session GROK_WORKSPACE_ROOT=/var/folders/p3/95t2_00n2jl3r2cn79bfn18h0000gp/T//fm-turnend-guard.IpXS2c/claude-entries-grok-inert
+ rm -f /var/folders/p3/95t2_00n2jl3r2cn79bfn18h0000gp/T//fm-turnend-guard.IpXS2c/claude-entries-grok-inert/invoked
+ env -u GROK_AGENT GROK_HOOK_EVENT=stop 'GROK_HOOK_NAME=project/settings:stop[0].hooks[0]' GROK_SESSION_ID=grok-test-session GROK_WORKSPACE_ROOT=/var/folders/p3/95t2_00n2jl3r2cn79bfn18h0000gp/T//fm-turnend-guard.IpXS2c/claude-entries-grok-inert CLAUDE_PROJECT_DIR=/var/folders/p3/95t2_00n2jl3r2cn79bfn18h0000gp/T//fm-turnend-guard.IpXS2c/claude-entries-grok-inert bash -c '[ -z "${GROK_AGENT:-}${GROK_HOOK_EVENT:-}" ] || exit 0; exec "$CLAUDE_PROJECT_DIR"/bin/fm-turnend-guard.sh --claude'
+ '[' -e /var/folders/p3/95t2_00n2jl3r2cn79bfn18h0000gp/T//fm-turnend-guard.IpXS2c/claude-entries-grok-inert/invoked ']'
+ ran_under -u GROK_HOOK_EVENT -u GROK_HOOK_NAME GROK_AGENT=1
+ rm -f /var/folders/p3/95t2_00n2jl3r2cn79bfn18h0000gp/T//fm-turnend-guard.IpXS2c/claude-entries-grok-inert/invoked
+ env -u GROK_HOOK_EVENT -u GROK_HOOK_NAME GROK_AGENT=1 CLAUDE_PROJECT_DIR=/var/folders/p3/95t2_00n2jl3r2cn79bfn18h0000gp/T//fm-turnend-guard.IpXS2c/claude-entries-grok-inert bash -c '[ -z "${GROK_AGENT:-}${GROK_HOOK_EVENT:-}" ] || exit 0; exec "$CLAUDE_PROJECT_DIR"/bin/fm-turnend-guard.sh --claude'
+ '[' -e /var/folders/p3/95t2_00n2jl3r2cn79bfn18h0000gp/T//fm-turnend-guard.IpXS2c/claude-entries-grok-inert/invoked ']'
+ IFS=
+ read -r cmd
+ '[' -n '[ -z "${GROK_AGENT:-}${GROK_HOOK_EVENT:-}" ] || exit 0; exec "$CLAUDE_PROJECT_DIR"/bin/fm-claude-stop-autoarm.sh' ']'
++ printf '%s\n' '[ -z "${GROK_AGENT:-}${GROK_HOOK_EVENT:-}" ] || exit 0; exec "$CLAUDE_PROJECT_DIR"/bin/fm-claude-stop-autoarm.sh'
++ sed -n 's|.*/bin/\([a-z0-9-]*\.sh\).*|\1|p'
+ target=fm-claude-stop-autoarm.sh
+ '[' -n fm-claude-stop-autoarm.sh ']'
+ ran_under -u GROK_AGENT -u GROK_HOOK_EVENT -u GROK_HOOK_NAME -u GROK_SESSION_ID -u GROK_WORKSPACE_ROOT
+ rm -f /var/folders/p3/95t2_00n2jl3r2cn79bfn18h0000gp/T//fm-turnend-guard.IpXS2c/claude-entries-grok-inert/invoked
+ env -u GROK_AGENT -u GROK_HOOK_EVENT -u GROK_HOOK_NAME -u GROK_SESSION_ID -u GROK_WORKSPACE_ROOT CLAUDE_PROJECT_DIR=/var/folders/p3/95t2_00n2jl3r2cn79bfn18h0000gp/T//fm-turnend-guard.IpXS2c/claude-entries-grok-inert bash -c '[ -z "${GROK_AGENT:-}${GROK_HOOK_EVENT:-}" ] || exit 0; exec "$CLAUDE_PROJECT_DIR"/bin/fm-claude-stop-autoarm.sh'
+ '[' -e /var/folders/p3/95t2_00n2jl3r2cn79bfn18h0000gp/T//fm-turnend-guard.IpXS2c/claude-entries-grok-inert/invoked ']'
+ case "$target" in
+ guarded=6
+ ran_under -u GROK_AGENT GROK_HOOK_EVENT=stop 'GROK_HOOK_NAME=project/settings:stop[0].hooks[0]' GROK_SESSION_ID=grok-test-session GROK_WORKSPACE_ROOT=/var/folders/p3/95t2_00n2jl3r2cn79bfn18h0000gp/T//fm-turnend-guard.IpXS2c/claude-entries-grok-inert
+ rm -f /var/folders/p3/95t2_00n2jl3r2cn79bfn18h0000gp/T//fm-turnend-guard.IpXS2c/claude-entries-grok-inert/invoked
+ env -u GROK_AGENT GROK_HOOK_EVENT=stop 'GROK_HOOK_NAME=project/settings:stop[0].hooks[0]' GROK_SESSION_ID=grok-test-session GROK_WORKSPACE_ROOT=/var/folders/p3/95t2_00n2jl3r2cn79bfn18h0000gp/T//fm-turnend-guard.IpXS2c/claude-entries-grok-inert CLAUDE_PROJECT_DIR=/var/folders/p3/95t2_00n2jl3r2cn79bfn18h0000gp/T//fm-turnend-guard.IpXS2c/claude-entries-grok-inert bash -c '[ -z "${GROK_AGENT:-}${GROK_HOOK_EVENT:-}" ] || exit 0; exec "$CLAUDE_PROJECT_DIR"/bin/fm-claude-stop-autoarm.sh'
+ '[' -e /var/folders/p3/95t2_00n2jl3r2cn79bfn18h0000gp/T//fm-turnend-guard.IpXS2c/claude-entries-grok-inert/invoked ']'
+ ran_under -u GROK_HOOK_EVENT -u GROK_HOOK_NAME GROK_AGENT=1
+ rm -f /var/folders/p3/95t2_00n2jl3r2cn79bfn18h0000gp/T//fm-turnend-guard.IpXS2c/claude-entries-grok-inert/invoked
+ env -u GROK_HOOK_EVENT -u GROK_HOOK_NAME GROK_AGENT=1 CLAUDE_PROJECT_DIR=/var/folders/p3/95t2_00n2jl3r2cn79bfn18h0000gp/T//fm-turnend-guard.IpXS2c/claude-entries-grok-inert bash -c '[ -z "${GROK_AGENT:-}${GROK_HOOK_EVENT:-}" ] || exit 0; exec "$CLAUDE_PROJECT_DIR"/bin/fm-claude-stop-autoarm.sh'
+ '[' -e /var/folders/p3/95t2_00n2jl3r2cn79bfn18h0000gp/T//fm-turnend-guard.IpXS2c/claude-entries-grok-inert/invoked ']'
+ IFS=
+ read -r cmd
+ '[' 6 -eq 6 ']'
+ '[' 2 -eq 2 ']'
+ pass 'tracked .claude/settings.json entries: 6 inert under grok, the 2 documented PreToolUse exceptions still armed, all live under Claude'
+ printf 'ok - %s\n' 'tracked .claude/settings.json entries: 6 inert under grok, the 2 documented PreToolUse exceptions still armed, all live under Claude'
ok - tracked .claude/settings.json entries: 6 inert under grok, the 2 documented PreToolUse exceptions still armed, all live under Claude
+ test_codex_hook_uses_process_pwd_when_payload_cwd_is_outside_root
+ local settings command dir expected_root outside payload out status
+ settings=/Users/AI/.no-mistakes/worktrees/edb446952c22/01M1EYV82B3ZA2ZEAH2A2NMK1R/.codex/hooks.json
+ '[' -f /Users/AI/.no-mistakes/worktrees/edb446952c22/01M1EYV82B3ZA2ZEAH2A2NMK1R/.codex/hooks.json ']'
++ jq -r '.hooks.Stop[0].hooks[0].command // empty' /Users/AI/.no-mistakes/worktrees/edb446952c22/01M1EYV82B3ZA2ZEAH2A2NMK1R/.codex/hooks.json
+ command='bash -lc '\''payload=$(cat 2>/dev/null || true); [ -n "$payload" ] || exit 0; command -v jq >/dev/null 2>&1 || exit 0; root=$(pwd -P) || exit 0; [ -x "$root/bin/fm-turnend-guard.sh" ] || exit 0; [ -f "$root/AGENTS.md" ] || exit 0; [ -f "$root/.codex/hooks.json" ] || exit 0; jq -e "any(.hooks.Stop[]?.hooks[]?.command?; type == \"string\" and contains(\"fm-turnend-guard.sh\"))" "$root/.codex/hooks.json" >/dev/null 2>&1 || exit 0; printf "%s" "$payload" | "$root/bin/fm-turnend-guard.sh"'\'''
+ '[' -n 'bash -lc '\''payload=$(cat 2>/dev/null || true); [ -n "$payload" ] || exit 0; command -v jq >/dev/null 2>&1 || exit 0; root=$(pwd -P) || exit 0; [ -x "$root/bin/fm-turnend-guard.sh" ] || exit 0; [ -f "$root/AGENTS.md" ] || exit 0; [ -f "$root/.codex/hooks.json" ] || exit 0; jq -e "any(.hooks.Stop[]?.hooks[]?.command?; type == \"string\" and contains(\"fm-turnend-guard.sh\"))" "$root/.codex/hooks.json" >/dev/null 2>&1 || exit 0; printf "%s" "$payload" | "$root/bin/fm-turnend-guard.sh"'\''' ']'
++ make_primary_dir /var/folders/p3/95t2_00n2jl3r2cn79bfn18h0000gp/T//fm-turnend-guard.IpXS2c/codex-hook-root
++ local dir=/var/folders/p3/95t2_00n2jl3r2cn79bfn18h0000gp/T//fm-turnend-guard.IpXS2c/codex-hook-root
++ mkdir -p /var/folders/p3/95t2_00n2jl3r2cn79bfn18h0000gp/T//fm-turnend-guard.IpXS2c/codex-hook-root/state
++ git init -q /var/folders/p3/95t2_00n2jl3r2cn79bfn18h0000gp/T//fm-turnend-guard.IpXS2c/codex-hook-root
++ git -C /var/folders/p3/95t2_00n2jl3r2cn79bfn18h0000gp/T//fm-turnend-guard.IpXS2c/codex-hook-root commit -q --allow-empty -m init
++ :
++ install_guard_scripts /var/folders/p3/95t2_00n2jl3r2cn79bfn18h0000gp/T//fm-turnend-guard.IpXS2c/codex-hook-root
++ local dir=/var/folders/p3/95t2_00n2jl3r2cn79bfn18h0000gp/T//fm-turnend-guard.IpXS2c/codex-hook-root
++ mkdir -p /var/folders/p3/95t2_00n2jl3r2cn79bfn18h0000gp/T//fm-turnend-guard.IpXS2c/codex-hook-root/bin
++ cp /Users/AI/.no-mistakes/worktrees/edb446952c22/01M1EYV82B3ZA2ZEAH2A2NMK1R/bin/fm-turnend-guard.sh /var/folders/p3/95t2_00n2jl3r2cn79bfn18h0000gp/T//fm-turnend-guard.IpXS2c/codex-hook-root/bin/fm-turnend-guard.sh
++ cp /Users/AI/.no-mistakes/worktrees/edb446952c22/01M1EYV82B3ZA2ZEAH2A2NMK1R/bin/fm-turnend-guard-grok.sh /var/folders/p3/95t2_00n2jl3r2cn79bfn18h0000gp/T//fm-turnend-guard.IpXS2c/codex-hook-root/bin/fm-turnend-guard-grok.sh
++ cp /Users/AI/.no-mistakes/worktrees/edb446952c22/01M1EYV82B3ZA2ZEAH2A2NMK1R/bin/fm-operational-input.sh /var/folders/p3/95t2_00n2jl3r2cn79bfn18h0000gp/T//fm-turnend-guard.IpXS2c/codex-hook-root/bin/fm-operational-input.sh
++ cp /Users/AI/.no-mistakes/worktrees/edb446952c22/01M1EYV82B3ZA2ZEAH2A2NMK1R/bin/fm-supervision-instructions.sh /var/folders/p3/95t2_00n2jl3r2cn79bfn18h0000gp/T//fm-turnend-guard.IpXS2c/codex-hook-root/bin/fm-supervision-instructions.sh
++ cp /Users/AI/.no-mistakes/worktrees/edb446952c22/01M1EYV82B3ZA2ZEAH2A2NMK1R/bin/fm-harness.sh /var/folders/p3/95t2_00n2jl3r2cn79bfn18h0000gp/T//fm-turnend-guard.IpXS2c/codex-hook-root/bin/fm-harness.sh
++ cp /Users/AI/.no-mistakes/worktrees/edb446952c22/01M1EYV82B3ZA2ZEAH2A2NMK1R/bin/fm-primary-scope-lib.sh /var/folders/p3/95t2_00n2jl3r2cn79bfn18h0000gp/T//fm-turnend-guard.IpXS2c/codex-hook-root/bin/fm-primary-scope-lib.sh
++ cp /Users/AI/.no-mistakes/worktrees/edb446952c22/01M1EYV82B3ZA2ZEAH2A2NMK1R/bin/fm-supervision-lib.sh /var/folders/p3/95t2_00n2jl3r2cn79bfn18h0000gp/T//fm-turnend-guard.IpXS2c/codex-hook-root/bin/fm-supervision-lib.sh
++ cp /Users/AI/.no-mistakes/worktrees/edb446952c22/01M1EYV82B3ZA2ZEAH2A2NMK1R/bin/fm-wake-lib.sh /var/folders/p3/95t2_00n2jl3r2cn79bfn18h0000gp/T//fm-turnend-guard.IpXS2c/codex-hook-root/bin/fm-wake-lib.sh
++ cp /Users/AI/.no-mistakes/worktrees/edb446952c22/01M1EYV82B3ZA2ZEAH2A2NMK1R/bin/fm-hook-host-lib.sh /var/folders/p3/95t2_00n2jl3r2cn79bfn18h0000gp/T//fm-turnend-guard.IpXS2c/codex-hook-root/bin/fm-hook-host-lib.sh
++ cp /Users/AI/.no-mistakes/worktrees/edb446952c22/01M1EYV82B3ZA2ZEAH2A2NMK1R/bin/fm-timeout-lib.sh /var/folders/p3/95t2_00n2jl3r2cn79bfn18h0000gp/T//fm-turnend-guard.IpXS2c/codex-hook-root/bin/fm-timeout-lib.sh
++ cp /Users/AI/.no-mistakes/worktrees/edb446952c22/01M1EYV82B3ZA2ZEAH2A2NMK1R/bin/fm-owner-invoke-wait-check.sh /var/folders/p3/95t2_00n2jl3r2cn79bfn18h0000gp/T//fm-turnend-guard.IpXS2c/codex-hook-root/bin/fm-owner-invoke-wait-check.sh
++ mkdir -p /var/folders/p3/95t2_00n2jl3r2cn79bfn18h0000gp/T//fm-turnend-guard.IpXS2c/codex-hook-root/docs
++ cp -R /Users/AI/.no-mistakes/worktrees/edb446952c22/01M1EYV82B3ZA2ZEAH2A2NMK1R/docs/supervision-protocols /var/folders/p3/95t2_00n2jl3r2cn79bfn18h0000gp/T//fm-turnend-guard.IpXS2c/codex-hook-root/docs/supervision-protocols
++ chmod +x /var/folders/p3/95t2_00n2jl3r2cn79bfn18h0000gp/T//fm-turnend-guard.IpXS2c/codex-hook-root/bin/fm-turnend-guard.sh /var/folders/p3/95t2_00n2jl3r2cn79bfn18h0000gp/T//fm-turnend-guard.IpXS2c/codex-hook-root/bin/fm-turnend-guard-grok.sh /var/folders/p3/95t2_00n2jl3r2cn79bfn18h0000gp/T//fm-turnend-guard.IpXS2c/codex-hook-root/bin/fm-operational-input.sh /var/folders/p3/95t2_00n2jl3r2cn79bfn18h0000gp/T//fm-turnend-guard.IpXS2c/codex-hook-root/bin/fm-supervision-instructions.sh /var/folders/p3/95t2_00n2jl3r2cn79bfn18h0000gp/T//fm-turnend-guard.IpXS2c/codex-hook-root/bin/fm-harness.sh /var/folders/p3/95t2_00n2jl3r2cn79bfn18h0000gp/T//fm-turnend-guard.IpXS2c/codex-hook-root/bin/fm-owner-invoke-wait-check.sh
++ printf '%s\n' /var/folders/p3/95t2_00n2jl3r2cn79bfn18h0000gp/T//fm-turnend-guard.IpXS2c/codex-hook-root
+ dir=/var/folders/p3/95t2_00n2jl3r2cn79bfn18h0000gp/T//fm-turnend-guard.IpXS2c/codex-hook-root
+ mark_codex_hook_root /var/folders/p3/95t2_00n2jl3r2cn79bfn18h0000gp/T//fm-turnend-guard.IpXS2c/codex-hook-root
+ local dir=/var/folders/p3/95t2_00n2jl3r2cn79bfn18h0000gp/T//fm-turnend-guard.IpXS2c/codex-hook-root
+ mkdir -p /var/folders/p3/95t2_00n2jl3r2cn79bfn18h0000gp/T//fm-turnend-guard.IpXS2c/codex-hook-root/.codex
+ printf '{"hooks":{"Stop":[{"hooks":[{"type":"command","command":"fm-turnend-guard.sh"}]}]}}\n'
++ cd /var/folders/p3/95t2_00n2jl3r2cn79bfn18h0000gp/T//fm-turnend-guard.IpXS2c/codex-hook-root
++ pwd -P
+ expected_root=/private/var/folders/p3/95t2_00n2jl3r2cn79bfn18h0000gp/T/fm-turnend-guard.IpXS2c/codex-hook-root
+ outside=/var/folders/p3/95t2_00n2jl3r2cn79bfn18h0000gp/T//fm-turnend-guard.IpXS2c/codex-hook-outside
+ mkdir -p /var/folders/p3/95t2_00n2jl3r2cn79bfn18h0000gp/T//fm-turnend-guard.IpXS2c/codex-hook-outside
+ cat
+ chmod +x /var/folders/p3/95t2_00n2jl3r2cn79bfn18h0000gp/T//fm-turnend-guard.IpXS2c/codex-hook-root/bin/fm-turnend-guard.sh
++ jq -cn --arg cwd /var/folders/p3/95t2_00n2jl3r2cn79bfn18h0000gp/T//fm-turnend-guard.IpXS2c/codex-hook-outside '{cwd:$cwd,stop_hook_active:false}'
+ payload='{"cwd":"/var/folders/p3/95t2_00n2jl3r2cn79bfn18h0000gp/T//fm-turnend-guard.IpXS2c/codex-hook-outside","stop_hook_active":false}'
++ printf %s '{"cwd":"/var/folders/p3/95t2_00n2jl3r2cn79bfn18h0000gp/T//fm-turnend-guard.IpXS2c/codex-hook-outside","stop_hook_active":false}'
+ out='++ cd /var/folders/p3/95t2_00n2jl3r2cn79bfn18h0000gp/T//fm-turnend-guard.IpXS2c/codex-hook-root
++ bash -c '\''bash -lc '\''\'\'''\''payload=$(cat 2>/dev/null || true); [ -n "$payload" ] || exit 0; command -v jq >/dev/null 2>&1 || exit 0; root=$(pwd -P) || exit 0; [ -x "$root/bin/fm-turnend-guard.sh" ] || exit 0; [ -f "$root/AGENTS.md" ] || exit 0; [ -f "$root/.codex/hooks.json" ] || exit 0; jq -e "any(.hooks.Stop[]?.hooks[]?.command?; type == \"string\" and contains(\"fm-turnend-guard.sh\"))" "$root/.codex/hooks.json" >/dev/null 2>&1 || exit 0; printf "%s" "$payload" | "$root/bin/fm-turnend-guard.sh"'\''\'\'''\'''\''
guard=/private/var/folders/p3/95t2_00n2jl3r2cn79bfn18h0000gp/T/fm-turnend-guard.IpXS2c/codex-hook-root/bin/fm-turnend-guard.sh
{"cwd":"/var/folders/p3/95t2_00n2jl3r2cn79bfn18h0000gp/T//fm-turnend-guard.IpXS2c/codex-hook-outside","stop_hook_active":false}'
+ status=0
+ expect_code 0 0 'codex hook must execute successfully when payload cwd is outside the firstmate root'
+ local expected=0 actual=0 'label=codex hook must execute successfully when payload cwd is outside the firstmate root'
+ '[' 0 = 0 ']'
+ assert_contains '++ cd /var/folders/p3/95t2_00n2jl3r2cn79bfn18h0000gp/T//fm-turnend-guard.IpXS2c/codex-hook-root
++ bash -c '\''bash -lc '\''\'\'''\''payload=$(cat 2>/dev/null || true); [ -n "$payload" ] || exit 0; command -v jq >/dev/null 2>&1 || exit 0; root=$(pwd -P) || exit 0; [ -x "$root/bin/fm-turnend-guard.sh" ] || exit 0; [ -f "$root/AGENTS.md" ] || exit 0; [ -f "$root/.codex/hooks.json" ] || exit 0; jq -e "any(.hooks.Stop[]?.hooks[]?.command?; type == \"string\" and contains(\"fm-turnend-guard.sh\"))" "$root/.codex/hooks.json" >/dev/null 2>&1 || exit 0; printf "%s" "$payload" | "$root/bin/fm-turnend-guard.sh"'\''\'\'''\'''\''
guard=/private/var/folders/p3/95t2_00n2jl3r2cn79bfn18h0000gp/T/fm-turnend-guard.IpXS2c/codex-hook-root/bin/fm-turnend-guard.sh
{"cwd":"/var/folders/p3/95t2_00n2jl3r2cn79bfn18h0000gp/T//fm-turnend-guard.IpXS2c/codex-hook-outside","stop_hook_active":false}' guard=/private/var/folders/p3/95t2_00n2jl3r2cn79bfn18h0000gp/T/fm-turnend-guard.IpXS2c/codex-hook-root/bin/fm-turnend-guard.sh 'codex hook must use the hook process root'
+ case "$1" in
+ :
+ assert_contains '++ cd /var/folders/p3/95t2_00n2jl3r2cn79bfn18h0000gp/T//fm-turnend-guard.IpXS2c/codex-hook-root
++ bash -c '\''bash -lc '\''\'\'''\''payload=$(cat 2>/dev/null || true); [ -n "$payload" ] || exit 0; command -v jq >/dev/null 2>&1 || exit 0; root=$(pwd -P) || exit 0; [ -x "$root/bin/fm-turnend-guard.sh" ] || exit 0; [ -f "$root/AGENTS.md" ] || exit 0; [ -f "$root/.codex/hooks.json" ] || exit 0; jq -e "any(.hooks.Stop[]?.hooks[]?.command?; type == \"string\" and contains(\"fm-turnend-guard.sh\"))" "$root/.codex/hooks.json" >/dev/null 2>&1 || exit 0; printf "%s" "$payload" | "$root/bin/fm-turnend-guard.sh"'\''\'\'''\'''\''
guard=/private/var/folders/p3/95t2_00n2jl3r2cn79bfn18h0000gp/T/fm-turnend-guard.IpXS2c/codex-hook-root/bin/fm-turnend-guard.sh
{"cwd":"/var/folders/p3/95t2_00n2jl3r2cn79bfn18h0000gp/T//fm-turnend-guard.IpXS2c/codex-hook-outside","stop_hook_active":false}' '{"cwd":"/var/folders/p3/95t2_00n2jl3r2cn79bfn18h0000gp/T//fm-turnend-guard.IpXS2c/codex-hook-outside","stop_hook_active":false}' 'codex hook must pass the original payload to the guard'
+ case "$1" in
+ :
+ pass '.codex/hooks.json: Stop hook uses hook process root when payload cwd is outside'
+ printf 'ok - %s\n' '.codex/hooks.json: Stop hook uses hook process root when payload cwd is outside'
ok - .codex/hooks.json: Stop hook uses hook process root when payload cwd is outside
+ test_codex_hook_ignores_nested_git_root_guard
+ local settings command dir nested subdir expected_root payload out status
+ settings=/Users/AI/.no-mistakes/worktrees/edb446952c22/01M1EYV82B3ZA2ZEAH2A2NMK1R/.codex/hooks.json
+ '[' -f /Users/AI/.no-mistakes/worktrees/edb446952c22/01M1EYV82B3ZA2ZEAH2A2NMK1R/.codex/hooks.json ']'
++ jq -r '.hooks.Stop[0].hooks[0].command // empty' /Users/AI/.no-mistakes/worktrees/edb446952c22/01M1EYV82B3ZA2ZEAH2A2NMK1R/.codex/hooks.json
+ command='bash -lc '\''payload=$(cat 2>/dev/null || true); [ -n "$payload" ] || exit 0; command -v jq >/dev/null 2>&1 || exit 0; root=$(pwd -P) || exit 0; [ -x "$root/bin/fm-turnend-guard.sh" ] || exit 0; [ -f "$root/AGENTS.md" ] || exit 0; [ -f "$root/.codex/hooks.json" ] || exit 0; jq -e "any(.hooks.Stop[]?.hooks[]?.command?; type == \"string\" and contains(\"fm-turnend-guard.sh\"))" "$root/.codex/hooks.json" >/dev/null 2>&1 || exit 0; printf "%s" "$payload" | "$root/bin/fm-turnend-guard.sh"'\'''
+ '[' -n 'bash -lc '\''payload=$(cat 2>/dev/null || true); [ -n "$payload" ] || exit 0; command -v jq >/dev/null 2>&1 || exit 0; root=$(pwd -P) || exit 0; [ -x "$root/bin/fm-turnend-guard.sh" ] || exit 0; [ -f "$root/AGENTS.md" ] || exit 0; [ -f "$root/.codex/hooks.json" ] || exit 0; jq -e "any(.hooks.Stop[]?.hooks[]?.command?; type == \"string\" and contains(\"fm-turnend-guard.sh\"))" "$root/.codex/hooks.json" >/dev/null 2>&1 || exit 0; printf "%s" "$payload" | "$root/bin/fm-turnend-guard.sh"'\''' ']'
++ make_primary_dir /var/folders/p3/95t2_00n2jl3r2cn79bfn18h0000gp/T//fm-turnend-guard.IpXS2c/codex-hook-outer
++ local dir=/var/folders/p3/95t2_00n2jl3r2cn79bfn18h0000gp/T//fm-turnend-guard.IpXS2c/codex-hook-outer
++ mkdir -p /var/folders/p3/95t2_00n2jl3r2cn79bfn18h0000gp/T//fm-turnend-guard.IpXS2c/codex-hook-outer/state
++ git init -q /var/folders/p3/95t2_00n2jl3r2cn79bfn18h0000gp/T//fm-turnend-guard.IpXS2c/codex-hook-outer
++ git -C /var/folders/p3/95t2_00n2jl3r2cn79bfn18h0000gp/T//fm-turnend-guard.IpXS2c/codex-hook-outer commit -q --allow-empty -m init
++ :
++ install_guard_scripts /var/folders/p3/95t2_00n2jl3r2cn79bfn18h0000gp/T//fm-turnend-guard.IpXS2c/codex-hook-outer
++ local dir=/var/folders/p3/95t2_00n2jl3r2cn79bfn18h0000gp/T//fm-turnend-guard.IpXS2c/codex-hook-outer
++ mkdir -p /var/folders/p3/95t2_00n2jl3r2cn79bfn18h0000gp/T//fm-turnend-guard.IpXS2c/codex-hook-outer/bin
++ cp /Users/AI/.no-mistakes/worktrees/edb446952c22/01M1EYV82B3ZA2ZEAH2A2NMK1R/bin/fm-turnend-guard.sh /var/folders/p3/95t2_00n2jl3r2cn79bfn18h0000gp/T//fm-turnend-guard.IpXS2c/codex-hook-outer/bin/fm-turnend-guard.sh
++ cp /Users/AI/.no-mistakes/worktrees/edb446952c22/01M1EYV82B3ZA2ZEAH2A2NMK1R/bin/fm-turnend-guard-grok.sh /var/folders/p3/95t2_00n2jl3r2cn79bfn18h0000gp/T//fm-turnend-guard.IpXS2c/codex-hook-outer/bin/fm-turnend-guard-grok.sh
++ cp /Users/AI/.no-mistakes/worktrees/edb446952c22/01M1EYV82B3ZA2ZEAH2A2NMK1R/bin/fm-operational-input.sh /var/folders/p3/95t2_00n2jl3r2cn79bfn18h0000gp/T//fm-turnend-guard.IpXS2c/codex-hook-outer/bin/fm-operational-input.sh
++ cp /Users/AI/.no-mistakes/worktrees/edb446952c22/01M1EYV82B3ZA2ZEAH2A2NMK1R/bin/fm-supervision-instructions.sh /var/folders/p3/95t2_00n2jl3r2cn79bfn18h0000gp/T//fm-turnend-guard.IpXS2c/codex-hook-outer/bin/fm-supervision-instructions.sh
++ cp /Users/AI/.no-mistakes/worktrees/edb446952c22/01M1EYV82B3ZA2ZEAH2A2NMK1R/bin/fm-harness.sh /var/folders/p3/95t2_00n2jl3r2cn79bfn18h0000gp/T//fm-turnend-guard.IpXS2c/codex-hook-outer/bin/fm-harness.sh
++ cp /Users/AI/.no-mistakes/worktrees/edb446952c22/01M1EYV82B3ZA2ZEAH2A2NMK1R/bin/fm-primary-scope-lib.sh /var/folders/p3/95t2_00n2jl3r2cn79bfn18h0000gp/T//fm-turnend-guard.IpXS2c/codex-hook-outer/bin/fm-primary-scope-lib.sh
++ cp /Users/AI/.no-mistakes/worktrees/edb446952c22/01M1EYV82B3ZA2ZEAH2A2NMK1R/bin/fm-supervision-lib.sh /var/folders/p3/95t2_00n2jl3r2cn79bfn18h0000gp/T//fm-turnend-guard.IpXS2c/codex-hook-outer/bin/fm-supervision-lib.sh
++ cp /Users/AI/.no-mistakes/worktrees/edb446952c22/01M1EYV82B3ZA2ZEAH2A2NMK1R/bin/fm-wake-lib.sh /var/folders/p3/95t2_00n2jl3r2cn79bfn18h0000gp/T//fm-turnend-guard.IpXS2c/codex-hook-outer/bin/fm-wake-lib.sh
++ cp /Users/AI/.no-mistakes/worktrees/edb446952c22/01M1EYV82B3ZA2ZEAH2A2NMK1R/bin/fm-hook-host-lib.sh /var/folders/p3/95t2_00n2jl3r2cn79bfn18h0000gp/T//fm-turnend-guard.IpXS2c/codex-hook-outer/bin/fm-hook-host-lib.sh
++ cp /Users/AI/.no-mistakes/worktrees/edb446952c22/01M1EYV82B3ZA2ZEAH2A2NMK1R/bin/fm-timeout-lib.sh /var/folders/p3/95t2_00n2jl3r2cn79bfn18h0000gp/T//fm-turnend-guard.IpXS2c/codex-hook-outer/bin/fm-timeout-lib.sh
++ cp /Users/AI/.no-mistakes/worktrees/edb446952c22/01M1EYV82B3ZA2ZEAH2A2NMK1R/bin/fm-owner-invoke-wait-check.sh /var/folders/p3/95t2_00n2jl3r2cn79bfn18h0000gp/T//fm-turnend-guard.IpXS2c/codex-hook-outer/bin/fm-owner-invoke-wait-check.sh
++ mkdir -p /var/folders/p3/95t2_00n2jl3r2cn79bfn18h0000gp/T//fm-turnend-guard.IpXS2c/codex-hook-outer/docs
++ cp -R /Users/AI/.no-mistakes/worktrees/edb446952c22/01M1EYV82B3ZA2ZEAH2A2NMK1R/docs/supervision-protocols /var/folders/p3/95t2_00n2jl3r2cn79bfn18h0000gp/T//fm-turnend-guard.IpXS2c/codex-hook-outer/docs/supervision-protocols
++ chmod +x /var/folders/p3/95t2_00n2jl3r2cn79bfn18h0000gp/T//fm-turnend-guard.IpXS2c/codex-hook-outer/bin/fm-turnend-guard.sh /var/folders/p3/95t2_00n2jl3r2cn79bfn18h0000gp/T//fm-turnend-guard.IpXS2c/codex-hook-outer/bin/fm-turnend-guard-grok.sh /var/folders/p3/95t2_00n2jl3r2cn79bfn18h0000gp/T//fm-turnend-guard.IpXS2c/codex-hook-outer/bin/fm-operational-input.sh /var/folders/p3/95t2_00n2jl3r2cn79bfn18h0000gp/T//fm-turnend-guard.IpXS2c/codex-hook-outer/bin/fm-supervision-instructions.sh /var/folders/p3/95t2_00n2jl3r2cn79bfn18h0000gp/T//fm-turnend-guard.IpXS2c/codex-hook-outer/bin/fm-harness.sh /var/folders/p3/95t2_00n2jl3r2cn79bfn18h0000gp/T//fm-turnend-guard.IpXS2c/codex-hook-outer/bin/fm-owner-invoke-wait-check.sh
++ printf '%s\n' /var/folders/p3/95t2_00n2jl3r2cn79bfn18h0000gp/T//fm-turnend-guard.IpXS2c/codex-hook-outer
+ dir=/var/folders/p3/95t2_00n2jl3r2cn79bfn18h0000gp/T//fm-turnend-guard.IpXS2c/codex-hook-outer
+ mark_codex_hook_root /var/folders/p3/95t2_00n2jl3r2cn79bfn18h0000gp/T//fm-turnend-guard.IpXS2c/codex-hook-outer
+ local dir=/var/folders/p3/95t2_00n2jl3r2cn79bfn18h0000gp/T//fm-turnend-guard.IpXS2c/codex-hook-outer
+ mkdir -p /var/folders/p3/95t2_00n2jl3r2cn79bfn18h0000gp/T//fm-turnend-guard.IpXS2c/codex-hook-outer/.codex
+ printf '{"hooks":{"Stop":[{"hooks":[{"type":"command","command":"fm-turnend-guard.sh"}]}]}}\n'
++ cd /var/folders/p3/95t2_00n2jl3r2cn79bfn18h0000gp/T//fm-turnend-guard.IpXS2c/codex-hook-outer
++ pwd -P
+ expected_root=/private/var/folders/p3/95t2_00n2jl3r2cn79bfn18h0000gp/T/fm-turnend-guard.IpXS2c/codex-hook-outer
+ nested=/var/folders/p3/95t2_00n2jl3r2cn79bfn18h0000gp/T//fm-turnend-guard.IpXS2c/codex-hook-outer/projects/other
+ mkdir -p /var/folders/p3/95t2_00n2jl3r2cn79bfn18h0000gp/T//fm-turnend-guard.IpXS2c/codex-hook-outer/projects/other
+ git init -q /var/folders/p3/95t2_00n2jl3r2cn79bfn18h0000gp/T//fm-turnend-guard.IpXS2c/codex-hook-outer/projects/other
+ git -C /var/folders/p3/95t2_00n2jl3r2cn79bfn18h0000gp/T//fm-turnend-guard.IpXS2c/codex-hook-outer/projects/other commit -q --allow-empty -m init
+ mkdir -p /var/folders/p3/95t2_00n2jl3r2cn79bfn18h0000gp/T//fm-turnend-guard.IpXS2c/codex-hook-outer/projects/other/bin /var/folders/p3/95t2_00n2jl3r2cn79bfn18h0000gp/T//fm-turnend-guard.IpXS2c/codex-hook-outer/projects/other/.codex
+ :
+ printf '{"hooks":{"Stop":[{"hooks":[{"type":"command","command":"fm-turnend-guard.sh"}]}]}}\n'
+ cat
+ chmod +x /var/folders/p3/95t2_00n2jl3r2cn79bfn18h0000gp/T//fm-turnend-guard.IpXS2c/codex-hook-outer/projects/other/bin/fm-turnend-guard.sh
+ cat
+ chmod +x /var/folders/p3/95t2_00n2jl3r2cn79bfn18h0000gp/T//fm-turnend-guard.IpXS2c/codex-hook-outer/bin/fm-turnend-guard.sh
+ subdir=/var/folders/p3/95t2_00n2jl3r2cn79bfn18h0000gp/T//fm-turnend-guard.IpXS2c/codex-hook-outer/projects/other/deep/path
+ mkdir -p /var/folders/p3/95t2_00n2jl3r2cn79bfn18h0000gp/T//fm-turnend-guard.IpXS2c/codex-hook-outer/projects/other/deep/path
++ jq -cn --arg cwd /var/folders/p3/95t2_00n2jl3r2cn79bfn18h0000gp/T//fm-turnend-guard.IpXS2c/codex-hook-outer/projects/other/deep/path '{cwd:$cwd,stop_hook_active:false}'
+ payload='{"cwd":"/var/folders/p3/95t2_00n2jl3r2cn79bfn18h0000gp/T//fm-turnend-guard.IpXS2c/codex-hook-outer/projects/other/deep/path","stop_hook_active":false}'
++ printf %s '{"cwd":"/var/folders/p3/95t2_00n2jl3r2cn79bfn18h0000gp/T//fm-turnend-guard.IpXS2c/codex-hook-outer/projects/other/deep/path","stop_hook_active":false}'
+ out='++ cd /var/folders/p3/95t2_00n2jl3r2cn79bfn18h0000gp/T//fm-turnend-guard.IpXS2c/codex-hook-outer
++ bash -c '\''bash -lc '\''\'\'''\''payload=$(cat 2>/dev/null || true); [ -n "$payload" ] || exit 0; command -v jq >/dev/null 2>&1 || exit 0; root=$(pwd -P) || exit 0; [ -x "$root/bin/fm-turnend-guard.sh" ] || exit 0; [ -f "$root/AGENTS.md" ] || exit 0; [ -f "$root/.codex/hooks.json" ] || exit 0; jq -e "any(.hooks.Stop[]?.hooks[]?.command?; type == \"string\" and contains(\"fm-turnend-guard.sh\"))" "$root/.codex/hooks.json" >/dev/null 2>&1 || exit 0; printf "%s" "$payload" | "$root/bin/fm-turnend-guard.sh"'\''\'\'''\'''\''
guard=/private/var/folders/p3/95t2_00n2jl3r2cn79bfn18h0000gp/T/fm-turnend-guard.IpXS2c/codex-hook-outer/bin/fm-turnend-guard.sh
{"cwd":"/var/folders/p3/95t2_00n2jl3r2cn79bfn18h0000gp/T//fm-turnend-guard.IpXS2c/codex-hook-outer/projects/other/deep/path","stop_hook_active":false}'
+ status=0
+ expect_code 0 0 'codex hook must not execute a nested project guard'
+ local expected=0 actual=0 'label=codex hook must not execute a nested project guard'
+ '[' 0 = 0 ']'
+ assert_contains '++ cd /var/folders/p3/95t2_00n2jl3r2cn79bfn18h0000gp/T//fm-turnend-guard.IpXS2c/codex-hook-outer
++ bash -c '\''bash -lc '\''\'\'''\''payload=$(cat 2>/dev/null || true); [ -n "$payload" ] || exit 0; command -v jq >/dev/null 2>&1 || exit 0; root=$(pwd -P) || exit 0; [ -x "$root/bin/fm-turnend-guard.sh" ] || exit 0; [ -f "$root/AGENTS.md" ] || exit 0; [ -f "$root/.codex/hooks.json" ] || exit 0; jq -e "any(.hooks.Stop[]?.hooks[]?.command?; type == \"string\" and contains(\"fm-turnend-guard.sh\"))" "$root/.codex/hooks.json" >/dev/null 2>&1 || exit 0; printf "%s" "$payload" | "$root/bin/fm-turnend-guard.sh"'\''\'\'''\'''\''
guard=/private/var/folders/p3/95t2_00n2jl3r2cn79bfn18h0000gp/T/fm-turnend-guard.IpXS2c/codex-hook-outer/bin/fm-turnend-guard.sh
{"cwd":"/var/folders/p3/95t2_00n2jl3r2cn79bfn18h0000gp/T//fm-turnend-guard.IpXS2c/codex-hook-outer/projects/other/deep/path","stop_hook_active":false}' guard=/private/var/folders/p3/95t2_00n2jl3r2cn79bfn18h0000gp/T/fm-turnend-guard.IpXS2c/codex-hook-outer/bin/fm-turnend-guard.sh 'codex hook must keep using the outer firstmate guard'
+ case "$1" in
+ :
+ assert_not_contains '++ cd /var/folders/p3/95t2_00n2jl3r2cn79bfn18h0000gp/T//fm-turnend-guard.IpXS2c/codex-hook-outer
++ bash -c '\''bash -lc '\''\'\'''\''payload=$(cat 2>/dev/null || true); [ -n "$payload" ] || exit 0; command -v jq >/dev/null 2>&1 || exit 0; root=$(pwd -P) || exit 0; [ -x "$root/bin/fm-turnend-guard.sh" ] || exit 0; [ -f "$root/AGENTS.md" ] || exit 0; [ -f "$root/.codex/hooks.json" ] || exit 0; jq -e "any(.hooks.Stop[]?.hooks[]?.command?; type == \"string\" and contains(\"fm-turnend-guard.sh\"))" "$root/.codex/hooks.json" >/dev/null 2>&1 || exit 0; printf "%s" "$payload" | "$root/bin/fm-turnend-guard.sh"'\''\'\'''\'''\''
guard=/private/var/folders/p3/95t2_00n2jl3r2cn79bfn18h0000gp/T/fm-turnend-guard.IpXS2c/codex-hook-outer/bin/fm-turnend-guard.sh
{"cwd":"/var/folders/p3/95t2_00n2jl3r2cn79bfn18h0000gp/T//fm-turnend-guard.IpXS2c/codex-hook-outer/projects/other/deep/path","stop_hook_active":false}' 'nested guard executed' 'codex hook must not execute nested project code'
+ case "$1" in
+ :
+ pass '.codex/hooks.json: Stop hook ignores nested git root guard scripts'
+ printf 'ok - %s\n' '.codex/hooks.json: Stop hook ignores nested git root guard scripts'
ok - .codex/hooks.json: Stop hook ignores nested git root guard scripts
+ test_opencode_plugin_anchors_guard_to_worktree
+ local plugin parent worktree_dir wrong_dir out status
+ plugin=/Users/AI/.no-mistakes/worktrees/edb446952c22/01M1EYV82B3ZA2ZEAH2A2NMK1R/.opencode/plugins/fm-primary-turnend-guard.js
+ '[' -f /Users/AI/.no-mistakes/worktrees/edb446952c22/01M1EYV82B3ZA2ZEAH2A2NMK1R/.opencode/plugins/fm-primary-turnend-guard.js ']'
+ parent=/var/folders/p3/95t2_00n2jl3r2cn79bfn18h0000gp/T//fm-turnend-guard.IpXS2c/opencode-plugin-parent
+ git init -q /var/folders/p3/95t2_00n2jl3r2cn79bfn18h0000gp/T//fm-turnend-guard.IpXS2c/opencode-plugin-parent
+ worktree_dir=/var/folders/p3/95t2_00n2jl3r2cn79bfn18h0000gp/T//fm-turnend-guard.IpXS2c/opencode-plugin-parent/nested/opencode-plugin-worktree
+ wrong_dir=/var/folders/p3/95t2_00n2jl3r2cn79bfn18h0000gp/T//fm-turnend-guard.IpXS2c/opencode-plugin-cwd/subdir
+ mkdir -p /var/folders/p3/95t2_00n2jl3r2cn79bfn18h0000gp/T//fm-turnend-guard.IpXS2c/opencode-plugin-parent/nested/opencode-plugin-worktree/bin /var/folders/p3/95t2_00n2jl3r2cn79bfn18h0000gp/T//fm-turnend-guard.IpXS2c/opencode-plugin-cwd/subdir
+ cat
+ chmod +x /var/folders/p3/95t2_00n2jl3r2cn79bfn18h0000gp/T//fm-turnend-guard.IpXS2c/opencode-plugin-parent/nested/opencode-plugin-worktree/bin/fm-turnend-guard.sh
++ NODE_NO_WARNINGS=1
++ PLUGIN=/Users/AI/.no-mistakes/worktrees/edb446952c22/01M1EYV82B3ZA2ZEAH2A2NMK1R/.opencode/plugins/fm-primary-turnend-guard.js
++ DIRECTORY=/var/folders/p3/95t2_00n2jl3r2cn79bfn18h0000gp/T//fm-turnend-guard.IpXS2c/opencode-plugin-cwd/subdir
++ WORKTREE=/var/folders/p3/95t2_00n2jl3r2cn79bfn18h0000gp/T//fm-turnend-guard.IpXS2c/opencode-plugin-parent/nested/opencode-plugin-worktree
++ node
+ out=
+ status=0
+ expect_code 0 0 'OpenCode plugin must run the guard from worktree even when directory is elsewhere'
+ local expected=0 actual=0 'label=OpenCode plugin must run the guard from worktree even when directory is elsewhere'
+ '[' 0 = 0 ']'
+ '[' -z '' ']'
+ pass '.opencode primary plugin: guard path is anchored to worktree, not directory'
+ printf 'ok - %s\n' '.opencode primary plugin: guard path is anchored to worktree, not directory'
ok - .opencode primary plugin: guard path is anchored to worktree, not directory
+ test_pi_extension_injects_once_per_logical_agent_run
+ local repo home ext log out status
+ repo=/var/folders/p3/95t2_00n2jl3r2cn79bfn18h0000gp/T//fm-turnend-guard.IpXS2c/pi-logical-run-root
+ home=/var/folders/p3/95t2_00n2jl3r2cn79bfn18h0000gp/T//fm-turnend-guard.IpXS2c/pi-logical-run-home
+ ext=/var/folders/p3/95t2_00n2jl3r2cn79bfn18h0000gp/T//fm-turnend-guard.IpXS2c/pi-logical-run-root/.pi/extensions/fm-primary-turnend-guard.ts
+ log=/var/folders/p3/95t2_00n2jl3r2cn79bfn18h0000gp/T//fm-turnend-guard.IpXS2c/pi-logical-run-guard.log
+ mkdir -p /var/folders/p3/95t2_00n2jl3r2cn79bfn18h0000gp/T//fm-turnend-guard.IpXS2c/pi-logical-run-root/.pi/extensions/lib /var/folders/p3/95t2_00n2jl3r2cn79bfn18h0000gp/T//fm-turnend-guard.IpXS2c/pi-logical-run-root/bin /var/folders/p3/95t2_00n2jl3r2cn79bfn18h0000gp/T//fm-turnend-guard.IpXS2c/pi-logical-run-home/state
+ cp /Users/AI/.no-mistakes/worktrees/edb446952c22/01M1EYV82B3ZA2ZEAH2A2NMK1R/.pi/extensions/fm-primary-turnend-guard.ts /var/folders/p3/95t2_00n2jl3r2cn79bfn18h0000gp/T//fm-turnend-guard.IpXS2c/pi-logical-run-root/.pi/extensions/fm-primary-turnend-guard.ts
+ cp /Users/AI/.no-mistakes/worktrees/edb446952c22/01M1EYV82B3ZA2ZEAH2A2NMK1R/.pi/extensions/lib/fm-operational-input.ts /var/folders/p3/95t2_00n2jl3r2cn79bfn18h0000gp/T//fm-turnend-guard.IpXS2c/pi-logical-run-root/.pi/extensions/lib/fm-operational-input.ts
+ cp /Users/AI/.no-mistakes/worktrees/edb446952c22/01M1EYV82B3ZA2ZEAH2A2NMK1R/bin/fm-operational-input.sh /var/folders/p3/95t2_00n2jl3r2cn79bfn18h0000gp/T//fm-turnend-guard.IpXS2c/pi-logical-run-root/bin/fm-operational-input.sh
+ cat
+ cat
+ chmod +x /var/folders/p3/95t2_00n2jl3r2cn79bfn18h0000gp/T//fm-turnend-guard.IpXS2c/pi-logical-run-root/bin/fm-turnend-guard.sh /var/folders/p3/95t2_00n2jl3r2cn79bfn18h0000gp/T//fm-turnend-guard.IpXS2c/pi-logical-run-root/bin/fm-arm-pretool-check.sh
++ PLUGIN=/var/folders/p3/95t2_00n2jl3r2cn79bfn18h0000gp/T//fm-turnend-guard.IpXS2c/pi-logical-run-root/.pi/extensions/fm-primary-turnend-guard.ts
++ FM_HOME=/var/folders/p3/95t2_00n2jl3r2cn79bfn18h0000gp/T//fm-turnend-guard.IpXS2c/pi-logical-run-home
++ FM_GUARD_LOG=/var/folders/p3/95t2_00n2jl3r2cn79bfn18h0000gp/T//fm-turnend-guard.IpXS2c/pi-logical-run-guard.log
++ node --input-type=module
+ out=
+ status=0
+ expect_code 0 0 'Pi guard must inject once for no-tool and multi-tool logical runs'
+ local expected=0 actual=0 'label=Pi guard must inject once for no-tool and multi-tool logical runs'
+ '[' 0 = 0 ']'
+ '[' -z '' ']'
+ pass '.pi primary extension: no-tool and multi-tool runs each inject exactly one guard follow-up'
+ printf 'ok - %s\n' '.pi primary extension: no-tool and multi-tool runs each inject exactly one guard follow-up'
ok - .pi primary extension: no-tool and multi-tool runs each inject exactly one guard follow-up
+ test_pi_extension_retries_after_followup_delivery_failure
+ local repo home ext out status
+ repo=/var/folders/p3/95t2_00n2jl3r2cn79bfn18h0000gp/T//fm-turnend-guard.IpXS2c/pi-delivery-failure-root
+ home=/var/folders/p3/95t2_00n2jl3r2cn79bfn18h0000gp/T//fm-turnend-guard.IpXS2c/pi-delivery-failure-home
+ ext=/var/folders/p3/95t2_00n2jl3r2cn79bfn18h0000gp/T//fm-turnend-guard.IpXS2c/pi-delivery-failure-root/.pi/extensions/fm-primary-turnend-guard.ts
+ mkdir -p /var/folders/p3/95t2_00n2jl3r2cn79bfn18h0000gp/T//fm-turnend-guard.IpXS2c/pi-delivery-failure-root/.pi/extensions/lib /var/folders/p3/95t2_00n2jl3r2cn79bfn18h0000gp/T//fm-turnend-guard.IpXS2c/pi-delivery-failure-root/bin /var/folders/p3/95t2_00n2jl3r2cn79bfn18h0000gp/T//fm-turnend-guard.IpXS2c/pi-delivery-failure-home/state
+ cp /Users/AI/.no-mistakes/worktrees/edb446952c22/01M1EYV82B3ZA2ZEAH2A2NMK1R/.pi/extensions/fm-primary-turnend-guard.ts /var/folders/p3/95t2_00n2jl3r2cn79bfn18h0000gp/T//fm-turnend-guard.IpXS2c/pi-delivery-failure-root/.pi/extensions/fm-primary-turnend-guard.ts
+ cp /Users/AI/.no-mistakes/worktrees/edb446952c22/01M1EYV82B3ZA2ZEAH2A2NMK1R/.pi/extensions/lib/fm-operational-input.ts /var/folders/p3/95t2_00n2jl3r2cn79bfn18h0000gp/T//fm-turnend-guard.IpXS2c/pi-delivery-failure-root/.pi/extensions/lib/fm-operational-input.ts
+ cp /Users/AI/.no-mistakes/worktrees/edb446952c22/01M1EYV82B3ZA2ZEAH2A2NMK1R/bin/fm-operational-input.sh /var/folders/p3/95t2_00n2jl3r2cn79bfn18h0000gp/T//fm-turnend-guard.IpXS2c/pi-delivery-failure-root/bin/fm-operational-input.sh
+ cat
+ cat
+ chmod +x /var/folders/p3/95t2_00n2jl3r2cn79bfn18h0000gp/T//fm-turnend-guard.IpXS2c/pi-delivery-failure-root/bin/fm-turnend-guard.sh /var/folders/p3/95t2_00n2jl3r2cn79bfn18h0000gp/T//fm-turnend-guard.IpXS2c/pi-delivery-failure-root/bin/fm-arm-pretool-check.sh
++ PLUGIN=/var/folders/p3/95t2_00n2jl3r2cn79bfn18h0000gp/T//fm-turnend-guard.IpXS2c/pi-delivery-failure-root/.pi/extensions/fm-primary-turnend-guard.ts
++ FM_HOME=/var/folders/p3/95t2_00n2jl3r2cn79bfn18h0000gp/T//fm-turnend-guard.IpXS2c/pi-delivery-failure-home
++ node --input-type=module
+ out=
+ status=0
+ expect_code 0 0 'Pi guard latch must reset after follow-up delivery failure'
+ local expected=0 actual=0 'label=Pi guard latch must reset after follow-up delivery failure'
+ '[' 0 = 0 ']'
+ '[' -z '' ']'
+ pass '.pi primary extension: delivery failure resets the logical-run latch'
+ printf 'ok - %s\n' '.pi primary extension: delivery failure resets the logical-run latch'
ok - .pi primary extension: delivery failure resets the logical-run latch
+ test_hook_claude_mode_reblocks_stop_hook_active_when_unhealthy
+ local dir out status
++ make_primary_dir /var/folders/p3/95t2_00n2jl3r2cn79bfn18h0000gp/T//fm-turnend-guard.IpXS2c/hook-claude-reblock
++ local dir=/var/folders/p3/95t2_00n2jl3r2cn79bfn18h0000gp/T//fm-turnend-guard.IpXS2c/hook-claude-reblock
++ mkdir -p /var/folders/p3/95t2_00n2jl3r2cn79bfn18h0000gp/T//fm-turnend-guard.IpXS2c/hook-claude-reblock/state
++ git init -q /var/folders/p3/95t2_00n2jl3r2cn79bfn18h0000gp/T//fm-turnend-guard.IpXS2c/hook-claude-reblock
++ git -C /var/folders/p3/95t2_00n2jl3r2cn79bfn18h0000gp/T//fm-turnend-guard.IpXS2c/hook-claude-reblock commit -q --allow-empty -m init
++ :
++ install_guard_scripts /var/folders/p3/95t2_00n2jl3r2cn79bfn18h0000gp/T//fm-turnend-guard.IpXS2c/hook-claude-reblock
++ local dir=/var/folders/p3/95t2_00n2jl3r2cn79bfn18h0000gp/T//fm-turnend-guard.IpXS2c/hook-claude-reblock
++ mkdir -p /var/folders/p3/95t2_00n2jl3r2cn79bfn18h0000gp/T//fm-turnend-guard.IpXS2c/hook-claude-reblock/bin
++ cp /Users/AI/.no-mistakes/worktrees/edb446952c22/01M1EYV82B3ZA2ZEAH2A2NMK1R/bin/fm-turnend-guard.sh /var/folders/p3/95t2_00n2jl3r2cn79bfn18h0000gp/T//fm-turnend-guard.IpXS2c/hook-claude-reblock/bin/fm-turnend-guard.sh
++ cp /Users/AI/.no-mistakes/worktrees/edb446952c22/01M1EYV82B3ZA2ZEAH2A2NMK1R/bin/fm-turnend-guard-grok.sh /var/folders/p3/95t2_00n2jl3r2cn79bfn18h0000gp/T//fm-turnend-guard.IpXS2c/hook-claude-reblock/bin/fm-turnend-guard-grok.sh
++ cp /Users/AI/.no-mistakes/worktrees/edb446952c22/01M1EYV82B3ZA2ZEAH2A2NMK1R/bin/fm-operational-input.sh /var/folders/p3/95t2_00n2jl3r2cn79bfn18h0000gp/T//fm-turnend-guard.IpXS2c/hook-claude-reblock/bin/fm-operational-input.sh
++ cp /Users/AI/.no-mistakes/worktrees/edb446952c22/01M1EYV82B3ZA2ZEAH2A2NMK1R/bin/fm-supervision-instructions.sh /var/folders/p3/95t2_00n2jl3r2cn79bfn18h0000gp/T//fm-turnend-guard.IpXS2c/hook-claude-reblock/bin/fm-supervision-instructions.sh
++ cp /Users/AI/.no-mistakes/worktrees/edb446952c22/01M1EYV82B3ZA2ZEAH2A2NMK1R/bin/fm-harness.sh /var/folders/p3/95t2_00n2jl3r2cn79bfn18h0000gp/T//fm-turnend-guard.IpXS2c/hook-claude-reblock/bin/fm-harness.sh
++ cp /Users/AI/.no-mistakes/worktrees/edb446952c22/01M1EYV82B3ZA2ZEAH2A2NMK1R/bin/fm-primary-scope-lib.sh /var/folders/p3/95t2_00n2jl3r2cn79bfn18h0000gp/T//fm-turnend-guard.IpXS2c/hook-claude-reblock/bin/fm-primary-scope-lib.sh
++ cp /Users/AI/.no-mistakes/worktrees/edb446952c22/01M1EYV82B3ZA2ZEAH2A2NMK1R/bin/fm-supervision-lib.sh /var/folders/p3/95t2_00n2jl3r2cn79bfn18h0000gp/T//fm-turnend-guard.IpXS2c/hook-claude-reblock/bin/fm-supervision-lib.sh
++ cp /Users/AI/.no-mistakes/worktrees/edb446952c22/01M1EYV82B3ZA2ZEAH2A2NMK1R/bin/fm-wake-lib.sh /var/folders/p3/95t2_00n2jl3r2cn79bfn18h0000gp/T//fm-turnend-guard.IpXS2c/hook-claude-reblock/bin/fm-wake-lib.sh
++ cp /Users/AI/.no-mistakes/worktrees/edb446952c22/01M1EYV82B3ZA2ZEAH2A2NMK1R/bin/fm-hook-host-lib.sh /var/folders/p3/95t2_00n2jl3r2cn79bfn18h0000gp/T//fm-turnend-guard.IpXS2c/hook-claude-reblock/bin/fm-hook-host-lib.sh
++ cp /Users/AI/.no-mistakes/worktrees/edb446952c22/01M1EYV82B3ZA2ZEAH2A2NMK1R/bin/fm-timeout-lib.sh /var/folders/p3/95t2_00n2jl3r2cn79bfn18h0000gp/T//fm-turnend-guard.IpXS2c/hook-claude-reblock/bin/fm-timeout-lib.sh
++ cp /Users/AI/.no-mistakes/worktrees/edb446952c22/01M1EYV82B3ZA2ZEAH2A2NMK1R/bin/fm-owner-invoke-wait-check.sh /var/folders/p3/95t2_00n2jl3r2cn79bfn18h0000gp/T//fm-turnend-guard.IpXS2c/hook-claude-reblock/bin/fm-owner-invoke-wait-check.sh
++ mkdir -p /var/folders/p3/95t2_00n2jl3r2cn79bfn18h0000gp/T//fm-turnend-guard.IpXS2c/hook-claude-reblock/docs
++ cp -R /Users/AI/.no-mistakes/worktrees/edb446952c22/01M1EYV82B3ZA2ZEAH2A2NMK1R/docs/supervision-protocols /var/folders/p3/95t2_00n2jl3r2cn79bfn18h0000gp/T//fm-turnend-guard.IpXS2c/hook-claude-reblock/docs/supervision-protocols
++ chmod +x /var/folders/p3/95t2_00n2jl3r2cn79bfn18h0000gp/T//fm-turnend-guard.IpXS2c/hook-claude-reblock/bin/fm-turnend-guard.sh /var/folders/p3/95t2_00n2jl3r2cn79bfn18h0000gp/T//fm-turnend-guard.IpXS2c/hook-claude-reblock/bin/fm-turnend-guard-grok.sh /var/folders/p3/95t2_00n2jl3r2cn79bfn18h0000gp/T//fm-turnend-guard.IpXS2c/hook-claude-reblock/bin/fm-operational-input.sh /var/folders/p3/95t2_00n2jl3r2cn79bfn18h0000gp/T//fm-turnend-guard.IpXS2c/hook-claude-reblock/bin/fm-supervision-instructions.sh /var/folders/p3/95t2_00n2jl3r2cn79bfn18h0000gp/T//fm-turnend-guard.IpXS2c/hook-claude-reblock/bin/fm-harness.sh /var/folders/p3/95t2_00n2jl3r2cn79bfn18h0000gp/T//fm-turnend-guard.IpXS2c/hook-claude-reblock/bin/fm-owner-invoke-wait-check.sh
++ printf '%s\n' /var/folders/p3/95t2_00n2jl3r2cn79bfn18h0000gp/T//fm-turnend-guard.IpXS2c/hook-claude-reblock
+ dir=/var/folders/p3/95t2_00n2jl3r2cn79bfn18h0000gp/T//fm-turnend-guard.IpXS2c/hook-claude-reblock
+ :
++ FM_CLAUDE_AUTOARM_SYNC_WAIT_MS=200
++ run_hook_claude /var/folders/p3/95t2_00n2jl3r2cn79bfn18h0000gp/T//fm-turnend-guard.IpXS2c/hook-claude-reblock true
++ local dir=/var/folders/p3/95t2_00n2jl3r2cn79bfn18h0000gp/T//fm-turnend-guard.IpXS2c/hook-claude-reblock stop_active=true home
+++ cd /var/folders/p3/95t2_00n2jl3r2cn79bfn18h0000gp/T//fm-turnend-guard.IpXS2c/hook-claude-reblock
+++ pwd
++ home=/var/folders/p3/95t2_00n2jl3r2cn79bfn18h0000gp/T/fm-turnend-guard.IpXS2c/hook-claude-reblock
++ printf '{"stop_hook_active":%s,"session_id":"sess-claude-mode"}' true
++ CLAUDECODE=1
++ FM_HOME=/var/folders/p3/95t2_00n2jl3r2cn79bfn18h0000gp/T/fm-turnend-guard.IpXS2c/hook-claude-reblock
++ bash /var/folders/p3/95t2_00n2jl3r2cn79bfn18h0000gp/T//fm-turnend-guard.IpXS2c/hook-claude-reblock/bin/fm-turnend-guard.sh --claude
+ out='●━━━━━━━━━━━━━━━━━━━━━━━━━━━━━━━━━━━━━━━━━━━━━━━━━━━━━━━━━━━━━━━━━━━━━━━
●  TURN WOULD END BLIND - SUPERVISION IS OFF
●  1 task(s) in flight, but no live watcher holds this home lock (last beat: never).
●  The Stop-owned auto-arm did not claim this home either, so recovery is NOT already under way.
●  watcher supervision needs Stop-owned automatic recovery; inspect the hook registration and startup status before ending the turn.
●━━━━━━━━━━━━━━━━━━━━━━━━━━━━━━━━━━━━━━━━━━━━━━━━━━━━━━━━━━━━━━━━━━━━━━━'
+ status=2
+ expect_code 2 2 '--claude mode must re-block a stop_hook_active=true stop while unhealthy with no auto-arm claim'
+ local expected=2 actual=2 'label=--claude mode must re-block a stop_hook_active=true stop while unhealthy with no auto-arm claim'
+ '[' 2 = 2 ']'
+ assert_contains '●━━━━━━━━━━━━━━━━━━━━━━━━━━━━━━━━━━━━━━━━━━━━━━━━━━━━━━━━━━━━━━━━━━━━━━━
●  TURN WOULD END BLIND - SUPERVISION IS OFF
●  1 task(s) in flight, but no live watcher holds this home lock (last beat: never).
●  The Stop-owned auto-arm did not claim this home either, so recovery is NOT already under way.
●  watcher supervision needs Stop-owned automatic recovery; inspect the hook registration and startup status before ending the turn.
●━━━━━━━━━━━━━━━━━━━━━━━━━━━━━━━━━━━━━━━━━━━━━━━━━━━━━━━━━━━━━━━━━━━━━━━' 'TURN WOULD END BLIND' '--claude re-block must carry the blind-turn banner'
+ case "$1" in
+ :
+ assert_contains '●━━━━━━━━━━━━━━━━━━━━━━━━━━━━━━━━━━━━━━━━━━━━━━━━━━━━━━━━━━━━━━━━━━━━━━━
●  TURN WOULD END BLIND - SUPERVISION IS OFF
●  1 task(s) in flight, but no live watcher holds this home lock (last beat: never).
●  The Stop-owned auto-arm did not claim this home either, so recovery is NOT already under way.
●  watcher supervision needs Stop-owned automatic recovery; inspect the hook registration and startup status before ending the turn.
●━━━━━━━━━━━━━━━━━━━━━━━━━━━━━━━━━━━━━━━━━━━━━━━━━━━━━━━━━━━━━━━━━━━━━━━' 'Stop-owned auto-arm did not claim' '--claude re-block must explain the missing auto-arm claim'
+ case "$1" in
+ :
+ pass 'fm-turnend-guard --claude: re-blocks a loop-guarded stop while unhealthy and unclaimed (incident regression)'
+ printf 'ok - %s\n' 'fm-turnend-guard --claude: re-blocks a loop-guarded stop while unhealthy and unclaimed (incident regression)'
ok - fm-turnend-guard --claude: re-blocks a loop-guarded stop while unhealthy and unclaimed (incident regression)
+ test_hook_claude_ready_action_ignores_stop_hook_active
+ local dir out status
++ make_primary_dir /var/folders/p3/95t2_00n2jl3r2cn79bfn18h0000gp/T//fm-turnend-guard.IpXS2c/hook-claude-ready-stop-active
++ local dir=/var/folders/p3/95t2_00n2jl3r2cn79bfn18h0000gp/T//fm-turnend-guard.IpXS2c/hook-claude-ready-stop-active
++ mkdir -p /var/folders/p3/95t2_00n2jl3r2cn79bfn18h0000gp/T//fm-turnend-guard.IpXS2c/hook-claude-ready-stop-active/state
++ git init -q /var/folders/p3/95t2_00n2jl3r2cn79bfn18h0000gp/T//fm-turnend-guard.IpXS2c/hook-claude-ready-stop-active
++ git -C /var/folders/p3/95t2_00n2jl3r2cn79bfn18h0000gp/T//fm-turnend-guard.IpXS2c/hook-claude-ready-stop-active commit -q --allow-empty -m init
++ :
++ install_guard_scripts /var/folders/p3/95t2_00n2jl3r2cn79bfn18h0000gp/T//fm-turnend-guard.IpXS2c/hook-claude-ready-stop-active
++ local dir=/var/folders/p3/95t2_00n2jl3r2cn79bfn18h0000gp/T//fm-turnend-guard.IpXS2c/hook-claude-ready-stop-active
++ mkdir -p /var/folders/p3/95t2_00n2jl3r2cn79bfn18h0000gp/T//fm-turnend-guard.IpXS2c/hook-claude-ready-stop-active/bin
++ cp /Users/AI/.no-mistakes/worktrees/edb446952c22/01M1EYV82B3ZA2ZEAH2A2NMK1R/bin/fm-turnend-guard.sh /var/folders/p3/95t2_00n2jl3r2cn79bfn18h0000gp/T//fm-turnend-guard.IpXS2c/hook-claude-ready-stop-active/bin/fm-turnend-guard.sh
++ cp /Users/AI/.no-mistakes/worktrees/edb446952c22/01M1EYV82B3ZA2ZEAH2A2NMK1R/bin/fm-turnend-guard-grok.sh /var/folders/p3/95t2_00n2jl3r2cn79bfn18h0000gp/T//fm-turnend-guard.IpXS2c/hook-claude-ready-stop-active/bin/fm-turnend-guard-grok.sh
++ cp /Users/AI/.no-mistakes/worktrees/edb446952c22/01M1EYV82B3ZA2ZEAH2A2NMK1R/bin/fm-operational-input.sh /var/folders/p3/95t2_00n2jl3r2cn79bfn18h0000gp/T//fm-turnend-guard.IpXS2c/hook-claude-ready-stop-active/bin/fm-operational-input.sh
++ cp /Users/AI/.no-mistakes/worktrees/edb446952c22/01M1EYV82B3ZA2ZEAH2A2NMK1R/bin/fm-supervision-instructions.sh /var/folders/p3/95t2_00n2jl3r2cn79bfn18h0000gp/T//fm-turnend-guard.IpXS2c/hook-claude-ready-stop-active/bin/fm-supervision-instructions.sh
++ cp /Users/AI/.no-mistakes/worktrees/edb446952c22/01M1EYV82B3ZA2ZEAH2A2NMK1R/bin/fm-harness.sh /var/folders/p3/95t2_00n2jl3r2cn79bfn18h0000gp/T//fm-turnend-guard.IpXS2c/hook-claude-ready-stop-active/bin/fm-harness.sh
++ cp /Users/AI/.no-mistakes/worktrees/edb446952c22/01M1EYV82B3ZA2ZEAH2A2NMK1R/bin/fm-primary-scope-lib.sh /var/folders/p3/95t2_00n2jl3r2cn79bfn18h0000gp/T//fm-turnend-guard.IpXS2c/hook-claude-ready-stop-active/bin/fm-primary-scope-lib.sh
++ cp /Users/AI/.no-mistakes/worktrees/edb446952c22/01M1EYV82B3ZA2ZEAH2A2NMK1R/bin/fm-supervision-lib.sh /var/folders/p3/95t2_00n2jl3r2cn79bfn18h0000gp/T//fm-turnend-guard.IpXS2c/hook-claude-ready-stop-active/bin/fm-supervision-lib.sh
++ cp /Users/AI/.no-mistakes/worktrees/edb446952c22/01M1EYV82B3ZA2ZEAH2A2NMK1R/bin/fm-wake-lib.sh /var/folders/p3/95t2_00n2jl3r2cn79bfn18h0000gp/T//fm-turnend-guard.IpXS2c/hook-claude-ready-stop-active/bin/fm-wake-lib.sh
++ cp /Users/AI/.no-mistakes/worktrees/edb446952c22/01M1EYV82B3ZA2ZEAH2A2NMK1R/bin/fm-hook-host-lib.sh /var/folders/p3/95t2_00n2jl3r2cn79bfn18h0000gp/T//fm-turnend-guard.IpXS2c/hook-claude-ready-stop-active/bin/fm-hook-host-lib.sh
++ cp /Users/AI/.no-mistakes/worktrees/edb446952c22/01M1EYV82B3ZA2ZEAH2A2NMK1R/bin/fm-timeout-lib.sh /var/folders/p3/95t2_00n2jl3r2cn79bfn18h0000gp/T//fm-turnend-guard.IpXS2c/hook-claude-ready-stop-active/bin/fm-timeout-lib.sh
++ cp /Users/AI/.no-mistakes/worktrees/edb446952c22/01M1EYV82B3ZA2ZEAH2A2NMK1R/bin/fm-owner-invoke-wait-check.sh /var/folders/p3/95t2_00n2jl3r2cn79bfn18h0000gp/T//fm-turnend-guard.IpXS2c/hook-claude-ready-stop-active/bin/fm-owner-invoke-wait-check.sh
++ mkdir -p /var/folders/p3/95t2_00n2jl3r2cn79bfn18h0000gp/T//fm-turnend-guard.IpXS2c/hook-claude-ready-stop-active/docs
++ cp -R /Users/AI/.no-mistakes/worktrees/edb446952c22/01M1EYV82B3ZA2ZEAH2A2NMK1R/docs/supervision-protocols /var/folders/p3/95t2_00n2jl3r2cn79bfn18h0000gp/T//fm-turnend-guard.IpXS2c/hook-claude-ready-stop-active/docs/supervision-protocols
++ chmod +x /var/folders/p3/95t2_00n2jl3r2cn79bfn18h0000gp/T//fm-turnend-guard.IpXS2c/hook-claude-ready-stop-active/bin/fm-turnend-guard.sh /var/folders/p3/95t2_00n2jl3r2cn79bfn18h0000gp/T//fm-turnend-guard.IpXS2c/hook-claude-ready-stop-active/bin/fm-turnend-guard-grok.sh /var/folders/p3/95t2_00n2jl3r2cn79bfn18h0000gp/T//fm-turnend-guard.IpXS2c/hook-claude-ready-stop-active/bin/fm-operational-input.sh /var/folders/p3/95t2_00n2jl3r2cn79bfn18h0000gp/T//fm-turnend-guard.IpXS2c/hook-claude-ready-stop-active/bin/fm-supervision-instructions.sh /var/folders/p3/95t2_00n2jl3r2cn79bfn18h0000gp/T//fm-turnend-guard.IpXS2c/hook-claude-ready-stop-active/bin/fm-harness.sh /var/folders/p3/95t2_00n2jl3r2cn79bfn18h0000gp/T//fm-turnend-guard.IpXS2c/hook-claude-ready-stop-active/bin/fm-owner-invoke-wait-check.sh
++ printf '%s\n' /var/folders/p3/95t2_00n2jl3r2cn79bfn18h0000gp/T//fm-turnend-guard.IpXS2c/hook-claude-ready-stop-active
+ dir=/var/folders/p3/95t2_00n2jl3r2cn79bfn18h0000gp/T//fm-turnend-guard.IpXS2c/hook-claude-ready-stop-active
+ write_fake_ready_tasks_axi /var/folders/p3/95t2_00n2jl3r2cn79bfn18h0000gp/T//fm-turnend-guard.IpXS2c/hook-claude-ready-stop-active map-s4
+ local dir=/var/folders/p3/95t2_00n2jl3r2cn79bfn18h0000gp/T//fm-turnend-guard.IpXS2c/hook-claude-ready-stop-active
+ shift
+ mkdir -p /var/folders/p3/95t2_00n2jl3r2cn79bfn18h0000gp/T//fm-turnend-guard.IpXS2c/hook-claude-ready-stop-active/fakebin /var/folders/p3/95t2_00n2jl3r2cn79bfn18h0000gp/T//fm-turnend-guard.IpXS2c/hook-claude-ready-stop-active/data
+ printf '%s\n' '# backlog fixture'
+ cat
+ chmod +x /var/folders/p3/95t2_00n2jl3r2cn79bfn18h0000gp/T//fm-turnend-guard.IpXS2c/hook-claude-ready-stop-active/fakebin/tasks-axi
+ FM_FAKE_READY_IDS=map-s4
+ export FM_FAKE_READY_IDS
++ PATH=/var/folders/p3/95t2_00n2jl3r2cn79bfn18h0000gp/T//fm-turnend-guard.IpXS2c/hook-claude-ready-stop-active/fakebin:/Users/AI/.grok/bin:/Users/AI/bin:/Users/AI/.homebrew/opt/node@24/bin:/Users/AI/.local/bin:/Users/AI/.homebrew/bin:/Users/AI/.homebrew/sbin:/usr/local/bin:/System/Cryptexes/App/usr/bin:/usr/bin:/bin:/usr/sbin:/sbin:/var/run/com.apple.security.cryptexd/codex.system/bootstrap/usr/local/bin:/var/run/com.apple.security.cryptexd/codex.system/bootstrap/usr/bin:/var/run/com.apple.security.cryptexd/codex.system/bootstrap/usr/appleinternal/bin:/pkg/env/global/bin:/opt/homebrew/bin:/Users/AI/.codex/tmp/arg0/codex-arg019qtEJ:/Users/AI/.grok/bin:/Users/AI/bin:/Users/AI/.homebrew/opt/node@24/bin:/Users/AI/.local/bin:/Users/AI/go/bin:/Users/AI/.cargo/bin:/opt/homebrew/sbin:/usr/local/sbin
++ FM_CLAUDE_AUTOARM_SYNC_WAIT_MS=200
++ run_hook_claude /var/folders/p3/95t2_00n2jl3r2cn79bfn18h0000gp/T//fm-turnend-guard.IpXS2c/hook-claude-ready-stop-active true
++ local dir=/var/folders/p3/95t2_00n2jl3r2cn79bfn18h0000gp/T//fm-turnend-guard.IpXS2c/hook-claude-ready-stop-active stop_active=true home
+++ cd /var/folders/p3/95t2_00n2jl3r2cn79bfn18h0000gp/T//fm-turnend-guard.IpXS2c/hook-claude-ready-stop-active
+++ pwd
++ home=/var/folders/p3/95t2_00n2jl3r2cn79bfn18h0000gp/T/fm-turnend-guard.IpXS2c/hook-claude-ready-stop-active
++ printf '{"stop_hook_active":%s,"session_id":"sess-claude-mode"}' true
++ CLAUDECODE=1
++ FM_HOME=/var/folders/p3/95t2_00n2jl3r2cn79bfn18h0000gp/T/fm-turnend-guard.IpXS2c/hook-claude-ready-stop-active
++ bash /var/folders/p3/95t2_00n2jl3r2cn79bfn18h0000gp/T//fm-turnend-guard.IpXS2c/hook-claude-ready-stop-active/bin/fm-turnend-guard.sh --claude
+ out='●━━━━━━━━━━━━━━━━━━━━━━━━━━━━━━━━━━━━━━━━━━━━━━━━━━━━━━━━━━━━━━━━━━━━━━━
●  READY ACTION HAS NO WORKER
●  map-s4 is unblocked and queued, but this turn spawned or steered no matching worker.
●  Dispatch it now, or record its concrete blocker so tasks-axi no longer reports it ready. A plan, another go question, or “when you want” is not done.
●━━━━━━━━━━━━━━━━━━━━━━━━━━━━━━━━━━━━━━━━━━━━━━━━━━━━━━━━━━━━━━━━━━━━━━━'
+ status=2
+ unset FM_FAKE_READY_IDS
+ expect_code 2 2 '--claude mode must still refuse unowned ready action when stop_hook_active=true'
+ local expected=2 actual=2 'label=--claude mode must still refuse unowned ready action when stop_hook_active=true'
+ '[' 2 = 2 ']'
+ assert_contains '●━━━━━━━━━━━━━━━━━━━━━━━━━━━━━━━━━━━━━━━━━━━━━━━━━━━━━━━━━━━━━━━━━━━━━━━
●  READY ACTION HAS NO WORKER
●  map-s4 is unblocked and queued, but this turn spawned or steered no matching worker.
●  Dispatch it now, or record its concrete blocker so tasks-axi no longer reports it ready. A plan, another go question, or “when you want” is not done.
●━━━━━━━━━━━━━━━━━━━━━━━━━━━━━━━━━━━━━━━━━━━━━━━━━━━━━━━━━━━━━━━━━━━━━━━' 'map-s4 is unblocked and queued' 'claude ready-action refusal did not name the ownerless ticket under stop_hook_active'
+ case "$1" in
+ :
+ pass 'fm-turnend-guard --claude: stop_hook_active cannot skip unowned ready-action'
+ printf 'ok - %s\n' 'fm-turnend-guard --claude: stop_hook_active cannot skip unowned ready-action'
ok - fm-turnend-guard --claude: stop_hook_active cannot skip unowned ready-action
+ test_hook_claude_mode_reblocks_x_mode_without_tasks
+ local dir out status
++ make_primary_dir /var/folders/p3/95t2_00n2jl3r2cn79bfn18h0000gp/T//fm-turnend-guard.IpXS2c/hook-claude-x-mode
++ local dir=/var/folders/p3/95t2_00n2jl3r2cn79bfn18h0000gp/T//fm-turnend-guard.IpXS2c/hook-claude-x-mode
++ mkdir -p /var/folders/p3/95t2_00n2jl3r2cn79bfn18h0000gp/T//fm-turnend-guard.IpXS2c/hook-claude-x-mode/state
++ git init -q /var/folders/p3/95t2_00n2jl3r2cn79bfn18h0000gp/T//fm-turnend-guard.IpXS2c/hook-claude-x-mode
++ git -C /var/folders/p3/95t2_00n2jl3r2cn79bfn18h0000gp/T//fm-turnend-guard.IpXS2c/hook-claude-x-mode commit -q --allow-empty -m init
++ :
++ install_guard_scripts /var/folders/p3/95t2_00n2jl3r2cn79bfn18h0000gp/T//fm-turnend-guard.IpXS2c/hook-claude-x-mode
++ local dir=/var/folders/p3/95t2_00n2jl3r2cn79bfn18h0000gp/T//fm-turnend-guard.IpXS2c/hook-claude-x-mode
++ mkdir -p /var/folders/p3/95t2_00n2jl3r2cn79bfn18h0000gp/T//fm-turnend-guard.IpXS2c/hook-claude-x-mode/bin
++ cp /Users/AI/.no-mistakes/worktrees/edb446952c22/01M1EYV82B3ZA2ZEAH2A2NMK1R/bin/fm-turnend-guard.sh /var/folders/p3/95t2_00n2jl3r2cn79bfn18h0000gp/T//fm-turnend-guard.IpXS2c/hook-claude-x-mode/bin/fm-turnend-guard.sh
++ cp /Users/AI/.no-mistakes/worktrees/edb446952c22/01M1EYV82B3ZA2ZEAH2A2NMK1R/bin/fm-turnend-guard-grok.sh /var/folders/p3/95t2_00n2jl3r2cn79bfn18h0000gp/T//fm-turnend-guard.IpXS2c/hook-claude-x-mode/bin/fm-turnend-guard-grok.sh
++ cp /Users/AI/.no-mistakes/worktrees/edb446952c22/01M1EYV82B3ZA2ZEAH2A2NMK1R/bin/fm-operational-input.sh /var/folders/p3/95t2_00n2jl3r2cn79bfn18h0000gp/T//fm-turnend-guard.IpXS2c/hook-claude-x-mode/bin/fm-operational-input.sh
++ cp /Users/AI/.no-mistakes/worktrees/edb446952c22/01M1EYV82B3ZA2ZEAH2A2NMK1R/bin/fm-supervision-instructions.sh /var/folders/p3/95t2_00n2jl3r2cn79bfn18h0000gp/T//fm-turnend-guard.IpXS2c/hook-claude-x-mode/bin/fm-supervision-instructions.sh
++ cp /Users/AI/.no-mistakes/worktrees/edb446952c22/01M1EYV82B3ZA2ZEAH2A2NMK1R/bin/fm-harness.sh /var/folders/p3/95t2_00n2jl3r2cn79bfn18h0000gp/T//fm-turnend-guard.IpXS2c/hook-claude-x-mode/bin/fm-harness.sh
++ cp /Users/AI/.no-mistakes/worktrees/edb446952c22/01M1EYV82B3ZA2ZEAH2A2NMK1R/bin/fm-primary-scope-lib.sh /var/folders/p3/95t2_00n2jl3r2cn79bfn18h0000gp/T//fm-turnend-guard.IpXS2c/hook-claude-x-mode/bin/fm-primary-scope-lib.sh
++ cp /Users/AI/.no-mistakes/worktrees/edb446952c22/01M1EYV82B3ZA2ZEAH2A2NMK1R/bin/fm-supervision-lib.sh /var/folders/p3/95t2_00n2jl3r2cn79bfn18h0000gp/T//fm-turnend-guard.IpXS2c/hook-claude-x-mode/bin/fm-supervision-lib.sh
++ cp /Users/AI/.no-mistakes/worktrees/edb446952c22/01M1EYV82B3ZA2ZEAH2A2NMK1R/bin/fm-wake-lib.sh /var/folders/p3/95t2_00n2jl3r2cn79bfn18h0000gp/T//fm-turnend-guard.IpXS2c/hook-claude-x-mode/bin/fm-wake-lib.sh
++ cp /Users/AI/.no-mistakes/worktrees/edb446952c22/01M1EYV82B3ZA2ZEAH2A2NMK1R/bin/fm-hook-host-lib.sh /var/folders/p3/95t2_00n2jl3r2cn79bfn18h0000gp/T//fm-turnend-guard.IpXS2c/hook-claude-x-mode/bin/fm-hook-host-lib.sh
++ cp /Users/AI/.no-mistakes/worktrees/edb446952c22/01M1EYV82B3ZA2ZEAH2A2NMK1R/bin/fm-timeout-lib.sh /var/folders/p3/95t2_00n2jl3r2cn79bfn18h0000gp/T//fm-turnend-guard.IpXS2c/hook-claude-x-mode/bin/fm-timeout-lib.sh
++ cp /Users/AI/.no-mistakes/worktrees/edb446952c22/01M1EYV82B3ZA2ZEAH2A2NMK1R/bin/fm-owner-invoke-wait-check.sh /var/folders/p3/95t2_00n2jl3r2cn79bfn18h0000gp/T//fm-turnend-guard.IpXS2c/hook-claude-x-mode/bin/fm-owner-invoke-wait-check.sh
++ mkdir -p /var/folders/p3/95t2_00n2jl3r2cn79bfn18h0000gp/T//fm-turnend-guard.IpXS2c/hook-claude-x-mode/docs
++ cp -R /Users/AI/.no-mistakes/worktrees/edb446952c22/01M1EYV82B3ZA2ZEAH2A2NMK1R/docs/supervision-protocols /var/folders/p3/95t2_00n2jl3r2cn79bfn18h0000gp/T//fm-turnend-guard.IpXS2c/hook-claude-x-mode/docs/supervision-protocols
++ chmod +x /var/folders/p3/95t2_00n2jl3r2cn79bfn18h0000gp/T//fm-turnend-guard.IpXS2c/hook-claude-x-mode/bin/fm-turnend-guard.sh /var/folders/p3/95t2_00n2jl3r2cn79bfn18h0000gp/T//fm-turnend-guard.IpXS2c/hook-claude-x-mode/bin/fm-turnend-guard-grok.sh /var/folders/p3/95t2_00n2jl3r2cn79bfn18h0000gp/T//fm-turnend-guard.IpXS2c/hook-claude-x-mode/bin/fm-operational-input.sh /var/folders/p3/95t2_00n2jl3r2cn79bfn18h0000gp/T//fm-turnend-guard.IpXS2c/hook-claude-x-mode/bin/fm-supervision-instructions.sh /var/folders/p3/95t2_00n2jl3r2cn79bfn18h0000gp/T//fm-turnend-guard.IpXS2c/hook-claude-x-mode/bin/fm-harness.sh /var/folders/p3/95t2_00n2jl3r2cn79bfn18h0000gp/T//fm-turnend-guard.IpXS2c/hook-claude-x-mode/bin/fm-owner-invoke-wait-check.sh
++ printf '%s\n' /var/folders/p3/95t2_00n2jl3r2cn79bfn18h0000gp/T//fm-turnend-guard.IpXS2c/hook-claude-x-mode
+ dir=/var/folders/p3/95t2_00n2jl3r2cn79bfn18h0000gp/T//fm-turnend-guard.IpXS2c/hook-claude-x-mode
+ :
++ FM_CLAUDE_AUTOARM_SYNC_WAIT_MS=200
++ run_hook_claude /var/folders/p3/95t2_00n2jl3r2cn79bfn18h0000gp/T//fm-turnend-guard.IpXS2c/hook-claude-x-mode true
++ local dir=/var/folders/p3/95t2_00n2jl3r2cn79bfn18h0000gp/T//fm-turnend-guard.IpXS2c/hook-claude-x-mode stop_active=true home
+++ cd /var/folders/p3/95t2_00n2jl3r2cn79bfn18h0000gp/T//fm-turnend-guard.IpXS2c/hook-claude-x-mode
+++ pwd
++ home=/var/folders/p3/95t2_00n2jl3r2cn79bfn18h0000gp/T/fm-turnend-guard.IpXS2c/hook-claude-x-mode
++ printf '{"stop_hook_active":%s,"session_id":"sess-claude-mode"}' true
++ CLAUDECODE=1
++ FM_HOME=/var/folders/p3/95t2_00n2jl3r2cn79bfn18h0000gp/T/fm-turnend-guard.IpXS2c/hook-claude-x-mode
++ bash /var/folders/p3/95t2_00n2jl3r2cn79bfn18h0000gp/T//fm-turnend-guard.IpXS2c/hook-claude-x-mode/bin/fm-turnend-guard.sh --claude
+ out='●━━━━━━━━━━━━━━━━━━━━━━━━━━━━━━━━━━━━━━━━━━━━━━━━━━━━━━━━━━━━━━━━━━━━━━━
●  TURN WOULD END BLIND - SUPERVISION IS OFF
●  X-mode relay polling needs supervision, but no live watcher holds this home lock (last beat: never).
●  The Stop-owned auto-arm did not claim this home either, so recovery is NOT already under way.
●  watcher supervision needs Stop-owned automatic recovery; inspect the hook registration and startup status before ending the turn.
●━━━━━━━━━━━━━━━━━━━━━━━━━━━━━━━━━━━━━━━━━━━━━━━━━━━━━━━━━━━━━━━━━━━━━━━'
+ status=2
+ expect_code 2 2 '--claude mode must re-block an X-mode-only stop when no auto-arm claims recovery'
+ local expected=2 actual=2 'label=--claude mode must re-block an X-mode-only stop when no auto-arm claims recovery'
+ '[' 2 = 2 ']'
+ assert_contains '●━━━━━━━━━━━━━━━━━━━━━━━━━━━━━━━━━━━━━━━━━━━━━━━━━━━━━━━━━━━━━━━━━━━━━━━
●  TURN WOULD END BLIND - SUPERVISION IS OFF
●  X-mode relay polling needs supervision, but no live watcher holds this home lock (last beat: never).
●  The Stop-owned auto-arm did not claim this home either, so recovery is NOT already under way.
●  watcher supervision needs Stop-owned automatic recovery; inspect the hook registration and startup status before ending the turn.
●━━━━━━━━━━━━━━━━━━━━━━━━━━━━━━━━━━━━━━━━━━━━━━━━━━━━━━━━━━━━━━━━━━━━━━━' 'X-mode relay polling needs supervision' '--claude X-mode re-block must name the active supervision need'
+ case "$1" in
+ :
+ '[' -f /var/folders/p3/95t2_00n2jl3r2cn79bfn18h0000gp/T//fm-turnend-guard.IpXS2c/hook-claude-x-mode/state/.turnend-claude-blocks ']'
+ pass 'fm-turnend-guard --claude: X-mode-only homes re-block when auto-arm recovery is absent'
+ printf 'ok - %s\n' 'fm-turnend-guard --claude: X-mode-only homes re-block when auto-arm recovery is absent'
ok - fm-turnend-guard --claude: X-mode-only homes re-block when auto-arm recovery is absent
+ test_hook_claude_mode_allows_when_autoarm_owner_alive
+ local dir pid out out2 status status2 count count2
++ make_primary_dir /var/folders/p3/95t2_00n2jl3r2cn79bfn18h0000gp/T//fm-turnend-guard.IpXS2c/hook-claude-owner
++ local dir=/var/folders/p3/95t2_00n2jl3r2cn79bfn18h0000gp/T//fm-turnend-guard.IpXS2c/hook-claude-owner
++ mkdir -p /var/folders/p3/95t2_00n2jl3r2cn79bfn18h0000gp/T//fm-turnend-guard.IpXS2c/hook-claude-owner/state
++ git init -q /var/folders/p3/95t2_00n2jl3r2cn79bfn18h0000gp/T//fm-turnend-guard.IpXS2c/hook-claude-owner
++ git -C /var/folders/p3/95t2_00n2jl3r2cn79bfn18h0000gp/T//fm-turnend-guard.IpXS2c/hook-claude-owner commit -q --allow-empty -m init
++ :
++ install_guard_scripts /var/folders/p3/95t2_00n2jl3r2cn79bfn18h0000gp/T//fm-turnend-guard.IpXS2c/hook-claude-owner
++ local dir=/var/folders/p3/95t2_00n2jl3r2cn79bfn18h0000gp/T//fm-turnend-guard.IpXS2c/hook-claude-owner
++ mkdir -p /var/folders/p3/95t2_00n2jl3r2cn79bfn18h0000gp/T//fm-turnend-guard.IpXS2c/hook-claude-owner/bin
++ cp /Users/AI/.no-mistakes/worktrees/edb446952c22/01M1EYV82B3ZA2ZEAH2A2NMK1R/bin/fm-turnend-guard.sh /var/folders/p3/95t2_00n2jl3r2cn79bfn18h0000gp/T//fm-turnend-guard.IpXS2c/hook-claude-owner/bin/fm-turnend-guard.sh
++ cp /Users/AI/.no-mistakes/worktrees/edb446952c22/01M1EYV82B3ZA2ZEAH2A2NMK1R/bin/fm-turnend-guard-grok.sh /var/folders/p3/95t2_00n2jl3r2cn79bfn18h0000gp/T//fm-turnend-guard.IpXS2c/hook-claude-owner/bin/fm-turnend-guard-grok.sh
++ cp /Users/AI/.no-mistakes/worktrees/edb446952c22/01M1EYV82B3ZA2ZEAH2A2NMK1R/bin/fm-operational-input.sh /var/folders/p3/95t2_00n2jl3r2cn79bfn18h0000gp/T//fm-turnend-guard.IpXS2c/hook-claude-owner/bin/fm-operational-input.sh
++ cp /Users/AI/.no-mistakes/worktrees/edb446952c22/01M1EYV82B3ZA2ZEAH2A2NMK1R/bin/fm-supervision-instructions.sh /var/folders/p3/95t2_00n2jl3r2cn79bfn18h0000gp/T//fm-turnend-guard.IpXS2c/hook-claude-owner/bin/fm-supervision-instructions.sh
++ cp /Users/AI/.no-mistakes/worktrees/edb446952c22/01M1EYV82B3ZA2ZEAH2A2NMK1R/bin/fm-harness.sh /var/folders/p3/95t2_00n2jl3r2cn79bfn18h0000gp/T//fm-turnend-guard.IpXS2c/hook-claude-owner/bin/fm-harness.sh
++ cp /Users/AI/.no-mistakes/worktrees/edb446952c22/01M1EYV82B3ZA2ZEAH2A2NMK1R/bin/fm-primary-scope-lib.sh /var/folders/p3/95t2_00n2jl3r2cn79bfn18h0000gp/T//fm-turnend-guard.IpXS2c/hook-claude-owner/bin/fm-primary-scope-lib.sh
++ cp /Users/AI/.no-mistakes/worktrees/edb446952c22/01M1EYV82B3ZA2ZEAH2A2NMK1R/bin/fm-supervision-lib.sh /var/folders/p3/95t2_00n2jl3r2cn79bfn18h0000gp/T//fm-turnend-guard.IpXS2c/hook-claude-owner/bin/fm-supervision-lib.sh
++ cp /Users/AI/.no-mistakes/worktrees/edb446952c22/01M1EYV82B3ZA2ZEAH2A2NMK1R/bin/fm-wake-lib.sh /var/folders/p3/95t2_00n2jl3r2cn79bfn18h0000gp/T//fm-turnend-guard.IpXS2c/hook-claude-owner/bin/fm-wake-lib.sh
++ cp /Users/AI/.no-mistakes/worktrees/edb446952c22/01M1EYV82B3ZA2ZEAH2A2NMK1R/bin/fm-hook-host-lib.sh /var/folders/p3/95t2_00n2jl3r2cn79bfn18h0000gp/T//fm-turnend-guard.IpXS2c/hook-claude-owner/bin/fm-hook-host-lib.sh
++ cp /Users/AI/.no-mistakes/worktrees/edb446952c22/01M1EYV82B3ZA2ZEAH2A2NMK1R/bin/fm-timeout-lib.sh /var/folders/p3/95t2_00n2jl3r2cn79bfn18h0000gp/T//fm-turnend-guard.IpXS2c/hook-claude-owner/bin/fm-timeout-lib.sh
++ cp /Users/AI/.no-mistakes/worktrees/edb446952c22/01M1EYV82B3ZA2ZEAH2A2NMK1R/bin/fm-owner-invoke-wait-check.sh /var/folders/p3/95t2_00n2jl3r2cn79bfn18h0000gp/T//fm-turnend-guard.IpXS2c/hook-claude-owner/bin/fm-owner-invoke-wait-check.sh
++ mkdir -p /var/folders/p3/95t2_00n2jl3r2cn79bfn18h0000gp/T//fm-turnend-guard.IpXS2c/hook-claude-owner/docs
++ cp -R /Users/AI/.no-mistakes/worktrees/edb446952c22/01M1EYV82B3ZA2ZEAH2A2NMK1R/docs/supervision-protocols /var/folders/p3/95t2_00n2jl3r2cn79bfn18h0000gp/T//fm-turnend-guard.IpXS2c/hook-claude-owner/docs/supervision-protocols
++ chmod +x /var/folders/p3/95t2_00n2jl3r2cn79bfn18h0000gp/T//fm-turnend-guard.IpXS2c/hook-claude-owner/bin/fm-turnend-guard.sh /var/folders/p3/95t2_00n2jl3r2cn79bfn18h0000gp/T//fm-turnend-guard.IpXS2c/hook-claude-owner/bin/fm-turnend-guard-grok.sh /var/folders/p3/95t2_00n2jl3r2cn79bfn18h0000gp/T//fm-turnend-guard.IpXS2c/hook-claude-owner/bin/fm-operational-input.sh /var/folders/p3/95t2_00n2jl3r2cn79bfn18h0000gp/T//fm-turnend-guard.IpXS2c/hook-claude-owner/bin/fm-supervision-instructions.sh /var/folders/p3/95t2_00n2jl3r2cn79bfn18h0000gp/T//fm-turnend-guard.IpXS2c/hook-claude-owner/bin/fm-harness.sh /var/folders/p3/95t2_00n2jl3r2cn79bfn18h0000gp/T//fm-turnend-guard.IpXS2c/hook-claude-owner/bin/fm-owner-invoke-wait-check.sh
++ printf '%s\n' /var/folders/p3/95t2_00n2jl3r2cn79bfn18h0000gp/T//fm-turnend-guard.IpXS2c/hook-claude-owner
+ dir=/var/folders/p3/95t2_00n2jl3r2cn79bfn18h0000gp/T//fm-turnend-guard.IpXS2c/hook-claude-owner
+ :
+ seed_claude_failure /var/folders/p3/95t2_00n2jl3r2cn79bfn18h0000gp/T//fm-turnend-guard.IpXS2c/hook-claude-owner
+ local dir=/var/folders/p3/95t2_00n2jl3r2cn79bfn18h0000gp/T//fm-turnend-guard.IpXS2c/hook-claude-owner outcome=failed-suppressed
+ :
+ printf 'epoch=3 owner_pid=999 outcome=%s updated_at=1\n' failed-suppressed
+ touch -t 202001010000 /var/folders/p3/95t2_00n2jl3r2cn79bfn18h0000gp/T//fm-turnend-guard.IpXS2c/hook-claude-owner/state/.claude-autoarm-epoch
+ seed_claude_budget /var/folders/p3/95t2_00n2jl3r2cn79bfn18h0000gp/T//fm-turnend-guard.IpXS2c/hook-claude-owner 3
+ local dir=/var/folders/p3/95t2_00n2jl3r2cn79bfn18h0000gp/T//fm-turnend-guard.IpXS2c/hook-claude-owner count=3 epoch=2
+ printf 'session=sess-claude-mode\ncount=%s\nepoch=%s\n' 3 2
+ pid=58418
+ record_autoarm_owner /var/folders/p3/95t2_00n2jl3r2cn79bfn18h0000gp/T//fm-turnend-guard.IpXS2c/hook-claude-owner 58418
+ local dir=/var/folders/p3/95t2_00n2jl3r2cn79bfn18h0000gp/T//fm-turnend-guard.IpXS2c/hook-claude-owner pid=58418
+ mkdir -p /var/folders/p3/95t2_00n2jl3r2cn79bfn18h0000gp/T//fm-turnend-guard.IpXS2c/hook-claude-owner/state/.claude-autoarm.lock
+ sleep 60
+ printf '%s\n' 58418
+ printf 'autoarm\n'
++ run_hook_claude /var/folders/p3/95t2_00n2jl3r2cn79bfn18h0000gp/T//fm-turnend-guard.IpXS2c/hook-claude-owner false
++ local dir=/var/folders/p3/95t2_00n2jl3r2cn79bfn18h0000gp/T//fm-turnend-guard.IpXS2c/hook-claude-owner stop_active=false home
+++ cd /var/folders/p3/95t2_00n2jl3r2cn79bfn18h0000gp/T//fm-turnend-guard.IpXS2c/hook-claude-owner
+++ pwd
++ home=/var/folders/p3/95t2_00n2jl3r2cn79bfn18h0000gp/T/fm-turnend-guard.IpXS2c/hook-claude-owner
++ printf '{"stop_hook_active":%s,"session_id":"sess-claude-mode"}' false
++ CLAUDECODE=1
++ FM_HOME=/var/folders/p3/95t2_00n2jl3r2cn79bfn18h0000gp/T/fm-turnend-guard.IpXS2c/hook-claude-owner
++ bash /var/folders/p3/95t2_00n2jl3r2cn79bfn18h0000gp/T//fm-turnend-guard.IpXS2c/hook-claude-owner/bin/fm-turnend-guard.sh --claude
+ out=
+ status=0
++ sed -n '2s/^count=//p' /var/folders/p3/95t2_00n2jl3r2cn79bfn18h0000gp/T//fm-turnend-guard.IpXS2c/hook-claude-owner/state/.turnend-claude-blocks
+ count=4
++ run_hook_claude /var/folders/p3/95t2_00n2jl3r2cn79bfn18h0000gp/T//fm-turnend-guard.IpXS2c/hook-claude-owner false
++ local dir=/var/folders/p3/95t2_00n2jl3r2cn79bfn18h0000gp/T//fm-turnend-guard.IpXS2c/hook-claude-owner stop_active=false home
+++ cd /var/folders/p3/95t2_00n2jl3r2cn79bfn18h0000gp/T//fm-turnend-guard.IpXS2c/hook-claude-owner
+++ pwd
++ home=/var/folders/p3/95t2_00n2jl3r2cn79bfn18h0000gp/T/fm-turnend-guard.IpXS2c/hook-claude-owner
++ printf '{"stop_hook_active":%s,"session_id":"sess-claude-mode"}' false
++ CLAUDECODE=1
++ FM_HOME=/var/folders/p3/95t2_00n2jl3r2cn79bfn18h0000gp/T/fm-turnend-guard.IpXS2c/hook-claude-owner
++ bash /var/folders/p3/95t2_00n2jl3r2cn79bfn18h0000gp/T//fm-turnend-guard.IpXS2c/hook-claude-owner/bin/fm-turnend-guard.sh --claude
+ out2=
+ status2=0
++ sed -n '2s/^count=//p' /var/folders/p3/95t2_00n2jl3r2cn79bfn18h0000gp/T//fm-turnend-guard.IpXS2c/hook-claude-owner/state/.turnend-claude-blocks
+ count2=4
+ kill 58418
+ wait 58418
+ true
+ expect_code 0 0 '--claude mode must allow when the auto-arm owner process is alive'
+ local expected=0 actual=0 'label=--claude mode must allow when the auto-arm owner process is alive'
+ '[' 0 = 0 ']'
+ expect_code 0 0 '--claude mode must keep allowing the same live auto-arm epoch'
+ local expected=0 actual=0 'label=--claude mode must keep allowing the same live auto-arm epoch'
+ '[' 0 = 0 ']'
+ '[' -z '' ']'
+ '[' -z '' ']'
+ '[' 4 = 4 ']'
+ '[' 4 = 4 ']'
+ assert_present /var/folders/p3/95t2_00n2jl3r2cn79bfn18h0000gp/T//fm-turnend-guard.IpXS2c/hook-claude-owner/state/.claude-autoarm-failure-notified 'live auto-arm owner cleared the failure episode'
+ '[' -e /var/folders/p3/95t2_00n2jl3r2cn79bfn18h0000gp/T//fm-turnend-guard.IpXS2c/hook-claude-owner/state/.claude-autoarm-failure-notified ']'
+ assert_absent /var/folders/p3/95t2_00n2jl3r2cn79bfn18h0000gp/T//fm-turnend-guard.IpXS2c/hook-claude-owner/state/.claude-autoarm-failure-alarmed 'live automatic continuation emitted the attended fail-open alarm'
+ '[' '!' -e /var/folders/p3/95t2_00n2jl3r2cn79bfn18h0000gp/T//fm-turnend-guard.IpXS2c/hook-claude-owner/state/.claude-autoarm-failure-alarmed ']'
+ pass 'fm-turnend-guard --claude: a live arming epoch advances once and repeated observation is idempotent'
+ printf 'ok - %s\n' 'fm-turnend-guard --claude: a live arming epoch advances once and repeated observation is idempotent'
ok - fm-turnend-guard --claude: a live arming epoch advances once and repeated observation is idempotent
+ test_hook_claude_mode_repeated_failed_to_arming_interleavings_reach_fail_open
+ local dir out status pid i count epoch
++ make_primary_dir /var/folders/p3/95t2_00n2jl3r2cn79bfn18h0000gp/T//fm-turnend-guard.IpXS2c/hook-claude-arming-interleavings
++ local dir=/var/folders/p3/95t2_00n2jl3r2cn79bfn18h0000gp/T//fm-turnend-guard.IpXS2c/hook-claude-arming-interleavings
++ mkdir -p /var/folders/p3/95t2_00n2jl3r2cn79bfn18h0000gp/T//fm-turnend-guard.IpXS2c/hook-claude-arming-interleavings/state
++ git init -q /var/folders/p3/95t2_00n2jl3r2cn79bfn18h0000gp/T//fm-turnend-guard.IpXS2c/hook-claude-arming-interleavings
++ git -C /var/folders/p3/95t2_00n2jl3r2cn79bfn18h0000gp/T//fm-turnend-guard.IpXS2c/hook-claude-arming-interleavings commit -q --allow-empty -m init
++ :
++ install_guard_scripts /var/folders/p3/95t2_00n2jl3r2cn79bfn18h0000gp/T//fm-turnend-guard.IpXS2c/hook-claude-arming-interleavings
++ local dir=/var/folders/p3/95t2_00n2jl3r2cn79bfn18h0000gp/T//fm-turnend-guard.IpXS2c/hook-claude-arming-interleavings
++ mkdir -p /var/folders/p3/95t2_00n2jl3r2cn79bfn18h0000gp/T//fm-turnend-guard.IpXS2c/hook-claude-arming-interleavings/bin
++ cp /Users/AI/.no-mistakes/worktrees/edb446952c22/01M1EYV82B3ZA2ZEAH2A2NMK1R/bin/fm-turnend-guard.sh /var/folders/p3/95t2_00n2jl3r2cn79bfn18h0000gp/T//fm-turnend-guard.IpXS2c/hook-claude-arming-interleavings/bin/fm-turnend-guard.sh
++ cp /Users/AI/.no-mistakes/worktrees/edb446952c22/01M1EYV82B3ZA2ZEAH2A2NMK1R/bin/fm-turnend-guard-grok.sh /var/folders/p3/95t2_00n2jl3r2cn79bfn18h0000gp/T//fm-turnend-guard.IpXS2c/hook-claude-arming-interleavings/bin/fm-turnend-guard-grok.sh
++ cp /Users/AI/.no-mistakes/worktrees/edb446952c22/01M1EYV82B3ZA2ZEAH2A2NMK1R/bin/fm-operational-input.sh /var/folders/p3/95t2_00n2jl3r2cn79bfn18h0000gp/T//fm-turnend-guard.IpXS2c/hook-claude-arming-interleavings/bin/fm-operational-input.sh
++ cp /Users/AI/.no-mistakes/worktrees/edb446952c22/01M1EYV82B3ZA2ZEAH2A2NMK1R/bin/fm-supervision-instructions.sh /var/folders/p3/95t2_00n2jl3r2cn79bfn18h0000gp/T//fm-turnend-guard.IpXS2c/hook-claude-arming-interleavings/bin/fm-supervision-instructions.sh
++ cp /Users/AI/.no-mistakes/worktrees/edb446952c22/01M1EYV82B3ZA2ZEAH2A2NMK1R/bin/fm-harness.sh /var/folders/p3/95t2_00n2jl3r2cn79bfn18h0000gp/T//fm-turnend-guard.IpXS2c/hook-claude-arming-interleavings/bin/fm-harness.sh
++ cp /Users/AI/.no-mistakes/worktrees/edb446952c22/01M1EYV82B3ZA2ZEAH2A2NMK1R/bin/fm-primary-scope-lib.sh /var/folders/p3/95t2_00n2jl3r2cn79bfn18h0000gp/T//fm-turnend-guard.IpXS2c/hook-claude-arming-interleavings/bin/fm-primary-scope-lib.sh
++ cp /Users/AI/.no-mistakes/worktrees/edb446952c22/01M1EYV82B3ZA2ZEAH2A2NMK1R/bin/fm-supervision-lib.sh /var/folders/p3/95t2_00n2jl3r2cn79bfn18h0000gp/T//fm-turnend-guard.IpXS2c/hook-claude-arming-interleavings/bin/fm-supervision-lib.sh
++ cp /Users/AI/.no-mistakes/worktrees/edb446952c22/01M1EYV82B3ZA2ZEAH2A2NMK1R/bin/fm-wake-lib.sh /var/folders/p3/95t2_00n2jl3r2cn79bfn18h0000gp/T//fm-turnend-guard.IpXS2c/hook-claude-arming-interleavings/bin/fm-wake-lib.sh
++ cp /Users/AI/.no-mistakes/worktrees/edb446952c22/01M1EYV82B3ZA2ZEAH2A2NMK1R/bin/fm-hook-host-lib.sh /var/folders/p3/95t2_00n2jl3r2cn79bfn18h0000gp/T//fm-turnend-guard.IpXS2c/hook-claude-arming-interleavings/bin/fm-hook-host-lib.sh
++ cp /Users/AI/.no-mistakes/worktrees/edb446952c22/01M1EYV82B3ZA2ZEAH2A2NMK1R/bin/fm-timeout-lib.sh /var/folders/p3/95t2_00n2jl3r2cn79bfn18h0000gp/T//fm-turnend-guard.IpXS2c/hook-claude-arming-interleavings/bin/fm-timeout-lib.sh
++ cp /Users/AI/.no-mistakes/worktrees/edb446952c22/01M1EYV82B3ZA2ZEAH2A2NMK1R/bin/fm-owner-invoke-wait-check.sh /var/folders/p3/95t2_00n2jl3r2cn79bfn18h0000gp/T//fm-turnend-guard.IpXS2c/hook-claude-arming-interleavings/bin/fm-owner-invoke-wait-check.sh
++ mkdir -p /var/folders/p3/95t2_00n2jl3r2cn79bfn18h0000gp/T//fm-turnend-guard.IpXS2c/hook-claude-arming-interleavings/docs
++ cp -R /Users/AI/.no-mistakes/worktrees/edb446952c22/01M1EYV82B3ZA2ZEAH2A2NMK1R/docs/supervision-protocols /var/folders/p3/95t2_00n2jl3r2cn79bfn18h0000gp/T//fm-turnend-guard.IpXS2c/hook-claude-arming-interleavings/docs/supervision-protocols
++ chmod +x /var/folders/p3/95t2_00n2jl3r2cn79bfn18h0000gp/T//fm-turnend-guard.IpXS2c/hook-claude-arming-interleavings/bin/fm-turnend-guard.sh /var/folders/p3/95t2_00n2jl3r2cn79bfn18h0000gp/T//fm-turnend-guard.IpXS2c/hook-claude-arming-interleavings/bin/fm-turnend-guard-grok.sh /var/folders/p3/95t2_00n2jl3r2cn79bfn18h0000gp/T//fm-turnend-guard.IpXS2c/hook-claude-arming-interleavings/bin/fm-operational-input.sh /var/folders/p3/95t2_00n2jl3r2cn79bfn18h0000gp/T//fm-turnend-guard.IpXS2c/hook-claude-arming-interleavings/bin/fm-supervision-instructions.sh /var/folders/p3/95t2_00n2jl3r2cn79bfn18h0000gp/T//fm-turnend-guard.IpXS2c/hook-claude-arming-interleavings/bin/fm-harness.sh /var/folders/p3/95t2_00n2jl3r2cn79bfn18h0000gp/T//fm-turnend-guard.IpXS2c/hook-claude-arming-interleavings/bin/fm-owner-invoke-wait-check.sh
++ printf '%s\n' /var/folders/p3/95t2_00n2jl3r2cn79bfn18h0000gp/T//fm-turnend-guard.IpXS2c/hook-claude-arming-interleavings
+ dir=/var/folders/p3/95t2_00n2jl3r2cn79bfn18h0000gp/T//fm-turnend-guard.IpXS2c/hook-claude-arming-interleavings
+ :
+ :
++ date +%s
+ printf 'epoch=3 owner_pid=999 outcome=failed updated_at=%s\n' 1788282696
++ run_hook_claude /var/folders/p3/95t2_00n2jl3r2cn79bfn18h0000gp/T//fm-turnend-guard.IpXS2c/hook-claude-arming-interleavings true
++ local dir=/var/folders/p3/95t2_00n2jl3r2cn79bfn18h0000gp/T//fm-turnend-guard.IpXS2c/hook-claude-arming-interleavings stop_active=true home
+++ cd /var/folders/p3/95t2_00n2jl3r2cn79bfn18h0000gp/T//fm-turnend-guard.IpXS2c/hook-claude-arming-interleavings
+++ pwd
++ home=/var/folders/p3/95t2_00n2jl3r2cn79bfn18h0000gp/T/fm-turnend-guard.IpXS2c/hook-claude-arming-interleavings
++ printf '{"stop_hook_active":%s,"session_id":"sess-claude-mode"}' true
++ CLAUDECODE=1
++ FM_HOME=/var/folders/p3/95t2_00n2jl3r2cn79bfn18h0000gp/T/fm-turnend-guard.IpXS2c/hook-claude-arming-interleavings
++ bash /var/folders/p3/95t2_00n2jl3r2cn79bfn18h0000gp/T//fm-turnend-guard.IpXS2c/hook-claude-arming-interleavings/bin/fm-turnend-guard.sh --claude
+ out=
+ status=0
+ expect_code 0 0 'the first verified failed epoch must own its automatic handoff'
+ local expected=0 actual=0 'label=the first verified failed epoch must own its automatic handoff'
+ '[' 0 = 0 ']'
+ epoch=3
+ for i in 1 2 3 4
+ epoch=4
+ pid=62951
+ record_autoarm_owner /var/folders/p3/95t2_00n2jl3r2cn79bfn18h0000gp/T//fm-turnend-guard.IpXS2c/hook-claude-arming-interleavings 62951
+ local dir=/var/folders/p3/95t2_00n2jl3r2cn79bfn18h0000gp/T//fm-turnend-guard.IpXS2c/hook-claude-arming-interleavings pid=62951
+ mkdir -p /var/folders/p3/95t2_00n2jl3r2cn79bfn18h0000gp/T//fm-turnend-guard.IpXS2c/hook-claude-arming-interleavings/state/.claude-autoarm.lock
+ sleep 60
+ printf '%s\n' 62951
+ printf 'autoarm\n'
++ date +%s
+ printf 'epoch=%s owner_pid=%s outcome=arming updated_at=%s\n' 4 62951 1788282697
++ run_hook_claude /var/folders/p3/95t2_00n2jl3r2cn79bfn18h0000gp/T//fm-turnend-guard.IpXS2c/hook-claude-arming-interleavings true
++ local dir=/var/folders/p3/95t2_00n2jl3r2cn79bfn18h0000gp/T//fm-turnend-guard.IpXS2c/hook-claude-arming-interleavings stop_active=true home
+++ cd /var/folders/p3/95t2_00n2jl3r2cn79bfn18h0000gp/T//fm-turnend-guard.IpXS2c/hook-claude-arming-interleavings
+++ pwd
++ home=/var/folders/p3/95t2_00n2jl3r2cn79bfn18h0000gp/T/fm-turnend-guard.IpXS2c/hook-claude-arming-interleavings
++ printf '{"stop_hook_active":%s,"session_id":"sess-claude-mode"}' true
++ CLAUDECODE=1
++ FM_HOME=/var/folders/p3/95t2_00n2jl3r2cn79bfn18h0000gp/T/fm-turnend-guard.IpXS2c/hook-claude-arming-interleavings
++ bash /var/folders/p3/95t2_00n2jl3r2cn79bfn18h0000gp/T//fm-turnend-guard.IpXS2c/hook-claude-arming-interleavings/bin/fm-turnend-guard.sh --claude
+ out=
+ status=0
+ expect_code 0 0 'active arming epoch 1 must own its Stop while advancing the failure budget'
+ local expected=0 actual=0 'label=active arming epoch 1 must own its Stop while advancing the failure budget'
+ '[' 0 = 0 ']'
++ sed -n '2s/^count=//p' /var/folders/p3/95t2_00n2jl3r2cn79bfn18h0000gp/T//fm-turnend-guard.IpXS2c/hook-claude-arming-interleavings/state/.turnend-claude-blocks
+ count=1
+ '[' 1 = 1 ']'
+ kill 62951
+ wait 62951
+ true
+ rm -rf /var/folders/p3/95t2_00n2jl3r2cn79bfn18h0000gp/T//fm-turnend-guard.IpXS2c/hook-claude-arming-interleavings/state/.claude-autoarm.lock
+ epoch=5
++ date +%s
+ printf 'epoch=%s owner_pid=999 outcome=failed-suppressed updated_at=%s\n' 5 1788282697
+ for i in 1 2 3 4
+ epoch=6
+ pid=64205
+ record_autoarm_owner /var/folders/p3/95t2_00n2jl3r2cn79bfn18h0000gp/T//fm-turnend-guard.IpXS2c/hook-claude-arming-interleavings 64205
+ local dir=/var/folders/p3/95t2_00n2jl3r2cn79bfn18h0000gp/T//fm-turnend-guard.IpXS2c/hook-claude-arming-interleavings pid=64205
+ mkdir -p /var/folders/p3/95t2_00n2jl3r2cn79bfn18h0000gp/T//fm-turnend-guard.IpXS2c/hook-claude-arming-interleavings/state/.claude-autoarm.lock
+ sleep 60
+ printf '%s\n' 64205
+ printf 'autoarm\n'
++ date +%s
+ printf 'epoch=%s owner_pid=%s outcome=arming updated_at=%s\n' 6 64205 1788282697
++ run_hook_claude /var/folders/p3/95t2_00n2jl3r2cn79bfn18h0000gp/T//fm-turnend-guard.IpXS2c/hook-claude-arming-interleavings true
++ local dir=/var/folders/p3/95t2_00n2jl3r2cn79bfn18h0000gp/T//fm-turnend-guard.IpXS2c/hook-claude-arming-interleavings stop_active=true home
+++ cd /var/folders/p3/95t2_00n2jl3r2cn79bfn18h0000gp/T//fm-turnend-guard.IpXS2c/hook-claude-arming-interleavings
+++ pwd
++ home=/var/folders/p3/95t2_00n2jl3r2cn79bfn18h0000gp/T/fm-turnend-guard.IpXS2c/hook-claude-arming-interleavings
++ printf '{"stop_hook_active":%s,"session_id":"sess-claude-mode"}' true
++ CLAUDECODE=1
++ FM_HOME=/var/folders/p3/95t2_00n2jl3r2cn79bfn18h0000gp/T/fm-turnend-guard.IpXS2c/hook-claude-arming-interleavings
++ bash /var/folders/p3/95t2_00n2jl3r2cn79bfn18h0000gp/T//fm-turnend-guard.IpXS2c/hook-claude-arming-interleavings/bin/fm-turnend-guard.sh --claude
+ out=
+ status=0
+ expect_code 0 0 'active arming epoch 2 must own its Stop while advancing the failure budget'
+ local expected=0 actual=0 'label=active arming epoch 2 must own its Stop while advancing the failure budget'
+ '[' 0 = 0 ']'
++ sed -n '2s/^count=//p' /var/folders/p3/95t2_00n2jl3r2cn79bfn18h0000gp/T//fm-turnend-guard.IpXS2c/hook-claude-arming-interleavings/state/.turnend-claude-blocks
+ count=2
+ '[' 2 = 2 ']'
+ kill 64205
+ wait 64205
+ true
+ rm -rf /var/folders/p3/95t2_00n2jl3r2cn79bfn18h0000gp/T//fm-turnend-guard.IpXS2c/hook-claude-arming-interleavings/state/.claude-autoarm.lock
+ epoch=7
++ date +%s
+ printf 'epoch=%s owner_pid=999 outcome=failed-suppressed updated_at=%s\n' 7 1788282698
+ for i in 1 2 3 4
+ epoch=8
+ pid=65133
+ record_autoarm_owner /var/folders/p3/95t2_00n2jl3r2cn79bfn18h0000gp/T//fm-turnend-guard.IpXS2c/hook-claude-arming-interleavings 65133
+ local dir=/var/folders/p3/95t2_00n2jl3r2cn79bfn18h0000gp/T//fm-turnend-guard.IpXS2c/hook-claude-arming-interleavings pid=65133
+ sleep 60
+ mkdir -p /var/folders/p3/95t2_00n2jl3r2cn79bfn18h0000gp/T//fm-turnend-guard.IpXS2c/hook-claude-arming-interleavings/state/.claude-autoarm.lock
+ printf '%s\n' 65133
+ printf 'autoarm\n'
++ date +%s
+ printf 'epoch=%s owner_pid=%s outcome=arming updated_at=%s\n' 8 65133 1788282698
++ run_hook_claude /var/folders/p3/95t2_00n2jl3r2cn79bfn18h0000gp/T//fm-turnend-guard.IpXS2c/hook-claude-arming-interleavings true
++ local dir=/var/folders/p3/95t2_00n2jl3r2cn79bfn18h0000gp/T//fm-turnend-guard.IpXS2c/hook-claude-arming-interleavings stop_active=true home
+++ cd /var/folders/p3/95t2_00n2jl3r2cn79bfn18h0000gp/T//fm-turnend-guard.IpXS2c/hook-claude-arming-interleavings
+++ pwd
++ home=/var/folders/p3/95t2_00n2jl3r2cn79bfn18h0000gp/T/fm-turnend-guard.IpXS2c/hook-claude-arming-interleavings
++ printf '{"stop_hook_active":%s,"session_id":"sess-claude-mode"}' true
++ CLAUDECODE=1
++ FM_HOME=/var/folders/p3/95t2_00n2jl3r2cn79bfn18h0000gp/T/fm-turnend-guard.IpXS2c/hook-claude-arming-interleavings
++ bash /var/folders/p3/95t2_00n2jl3r2cn79bfn18h0000gp/T//fm-turnend-guard.IpXS2c/hook-claude-arming-interleavings/bin/fm-turnend-guard.sh --claude
+ out=
+ status=0
+ expect_code 0 0 'active arming epoch 3 must own its Stop while advancing the failure budget'
+ local expected=0 actual=0 'label=active arming epoch 3 must own its Stop while advancing the failure budget'
+ '[' 0 = 0 ']'
++ sed -n '2s/^count=//p' /var/folders/p3/95t2_00n2jl3r2cn79bfn18h0000gp/T//fm-turnend-guard.IpXS2c/hook-claude-arming-interleavings/state/.turnend-claude-blocks
+ count=3
+ '[' 3 = 3 ']'
+ kill 65133
+ wait 65133
+ true
+ rm -rf /var/folders/p3/95t2_00n2jl3r2cn79bfn18h0000gp/T//fm-turnend-guard.IpXS2c/hook-claude-arming-interleavings/state/.claude-autoarm.lock
+ epoch=9
++ date +%s
+ printf 'epoch=%s owner_pid=999 outcome=failed-suppressed updated_at=%s\n' 9 1788282698
+ for i in 1 2 3 4
+ epoch=10
+ pid=66278
+ record_autoarm_owner /var/folders/p3/95t2_00n2jl3r2cn79bfn18h0000gp/T//fm-turnend-guard.IpXS2c/hook-claude-arming-interleavings 66278
+ sleep 60
+ local dir=/var/folders/p3/95t2_00n2jl3r2cn79bfn18h0000gp/T//fm-turnend-guard.IpXS2c/hook-claude-arming-interleavings pid=66278
+ mkdir -p /var/folders/p3/95t2_00n2jl3r2cn79bfn18h0000gp/T//fm-turnend-guard.IpXS2c/hook-claude-arming-interleavings/state/.claude-autoarm.lock
+ printf '%s\n' 66278
+ printf 'autoarm\n'
++ date +%s
+ printf 'epoch=%s owner_pid=%s outcome=arming updated_at=%s\n' 10 66278 1788282698
++ run_hook_claude /var/folders/p3/95t2_00n2jl3r2cn79bfn18h0000gp/T//fm-turnend-guard.IpXS2c/hook-claude-arming-interleavings true
++ local dir=/var/folders/p3/95t2_00n2jl3r2cn79bfn18h0000gp/T//fm-turnend-guard.IpXS2c/hook-claude-arming-interleavings stop_active=true home
+++ cd /var/folders/p3/95t2_00n2jl3r2cn79bfn18h0000gp/T//fm-turnend-guard.IpXS2c/hook-claude-arming-interleavings
+++ pwd
++ home=/var/folders/p3/95t2_00n2jl3r2cn79bfn18h0000gp/T/fm-turnend-guard.IpXS2c/hook-claude-arming-interleavings
++ printf '{"stop_hook_active":%s,"session_id":"sess-claude-mode"}' true
++ CLAUDECODE=1
++ FM_HOME=/var/folders/p3/95t2_00n2jl3r2cn79bfn18h0000gp/T/fm-turnend-guard.IpXS2c/hook-claude-arming-interleavings
++ bash /var/folders/p3/95t2_00n2jl3r2cn79bfn18h0000gp/T//fm-turnend-guard.IpXS2c/hook-claude-arming-interleavings/bin/fm-turnend-guard.sh --claude
+ out=
+ status=0
+ expect_code 0 0 'active arming epoch 4 must own its Stop while advancing the failure budget'
+ local expected=0 actual=0 'label=active arming epoch 4 must own its Stop while advancing the failure budget'
+ '[' 0 = 0 ']'
++ sed -n '2s/^count=//p' /var/folders/p3/95t2_00n2jl3r2cn79bfn18h0000gp/T//fm-turnend-guard.IpXS2c/hook-claude-arming-interleavings/state/.turnend-claude-blocks
+ count=4
+ '[' 4 = 4 ']'
+ kill 66278
+ wait 66278
+ true
+ rm -rf /var/folders/p3/95t2_00n2jl3r2cn79bfn18h0000gp/T//fm-turnend-guard.IpXS2c/hook-claude-arming-interleavings/state/.claude-autoarm.lock
+ epoch=11
++ date +%s
+ printf 'epoch=%s owner_pid=999 outcome=failed-suppressed updated_at=%s\n' 11 1788282698
++ run_hook_claude /var/folders/p3/95t2_00n2jl3r2cn79bfn18h0000gp/T//fm-turnend-guard.IpXS2c/hook-claude-arming-interleavings true
++ local dir=/var/folders/p3/95t2_00n2jl3r2cn79bfn18h0000gp/T//fm-turnend-guard.IpXS2c/hook-claude-arming-interleavings stop_active=true home
+++ cd /var/folders/p3/95t2_00n2jl3r2cn79bfn18h0000gp/T//fm-turnend-guard.IpXS2c/hook-claude-arming-interleavings
+++ pwd
++ home=/var/folders/p3/95t2_00n2jl3r2cn79bfn18h0000gp/T/fm-turnend-guard.IpXS2c/hook-claude-arming-interleavings
++ printf '{"stop_hook_active":%s,"session_id":"sess-claude-mode"}' true
++ CLAUDECODE=1
++ FM_HOME=/var/folders/p3/95t2_00n2jl3r2cn79bfn18h0000gp/T/fm-turnend-guard.IpXS2c/hook-claude-arming-interleavings
++ bash /var/folders/p3/95t2_00n2jl3r2cn79bfn18h0000gp/T//fm-turnend-guard.IpXS2c/hook-claude-arming-interleavings/bin/fm-turnend-guard.sh --claude
+ out='{"systemMessage":"FIRSTMATE SUPERVISION IS GENUINELY DOWN: 1 task(s) in flight, the Stop-owned auto-arm exhausted its bounded retries and one failure notice, no watcher or automatic continuation exists, and the block budget is exhausted. Keep this session attended and diagnose the automatic Stop-hook and watcher startup before relying on unattended supervision."}'
+ status=0
+ expect_code 0 0 'repeated failed-to-arming interleavings must reach terminal fail-open'
+ local expected=0 actual=0 'label=repeated failed-to-arming interleavings must reach terminal fail-open'
+ '[' 0 = 0 ']'
+ assert_contains '{"systemMessage":"FIRSTMATE SUPERVISION IS GENUINELY DOWN: 1 task(s) in flight, the Stop-owned auto-arm exhausted its bounded retries and one failure notice, no watcher or automatic continuation exists, and the block budget is exhausted. Keep this session attended and diagnose the automatic Stop-hook and watcher startup before relying on unattended supervision."}' 'FIRSTMATE SUPERVISION IS GENUINELY DOWN' 'arming interleavings stalled before the bounded fail-open'
+ case "$1" in
+ :
+ assert_present /var/folders/p3/95t2_00n2jl3r2cn79bfn18h0000gp/T//fm-turnend-guard.IpXS2c/hook-claude-arming-interleavings/state/.claude-autoarm-failure-alarmed 'arming interleavings did not consume the one-time alarm'
+ '[' -e /var/folders/p3/95t2_00n2jl3r2cn79bfn18h0000gp/T//fm-turnend-guard.IpXS2c/hook-claude-arming-interleavings/state/.claude-autoarm-failure-alarmed ']'
+ pass 'fm-turnend-guard --claude: repeated failed-to-arming races make bounded monotonic progress'
+ printf 'ok - %s\n' 'fm-turnend-guard --claude: repeated failed-to-arming races make bounded monotonic progress'
ok - fm-turnend-guard --claude: repeated failed-to-arming races make bounded monotonic progress
+ test_hook_claude_mode_terminal_boundary_excludes_starting_owner
+ local dir fakebin ready release once guard_out guard_status auto_out auto_status guard_pid
++ make_primary_dir /var/folders/p3/95t2_00n2jl3r2cn79bfn18h0000gp/T//fm-turnend-guard.IpXS2c/hook-claude-terminal-boundary
++ local dir=/var/folders/p3/95t2_00n2jl3r2cn79bfn18h0000gp/T//fm-turnend-guard.IpXS2c/hook-claude-terminal-boundary
++ mkdir -p /var/folders/p3/95t2_00n2jl3r2cn79bfn18h0000gp/T//fm-turnend-guard.IpXS2c/hook-claude-terminal-boundary/state
++ git init -q /var/folders/p3/95t2_00n2jl3r2cn79bfn18h0000gp/T//fm-turnend-guard.IpXS2c/hook-claude-terminal-boundary
++ git -C /var/folders/p3/95t2_00n2jl3r2cn79bfn18h0000gp/T//fm-turnend-guard.IpXS2c/hook-claude-terminal-boundary commit -q --allow-empty -m init
++ :
++ install_guard_scripts /var/folders/p3/95t2_00n2jl3r2cn79bfn18h0000gp/T//fm-turnend-guard.IpXS2c/hook-claude-terminal-boundary
++ local dir=/var/folders/p3/95t2_00n2jl3r2cn79bfn18h0000gp/T//fm-turnend-guard.IpXS2c/hook-claude-terminal-boundary
++ mkdir -p /var/folders/p3/95t2_00n2jl3r2cn79bfn18h0000gp/T//fm-turnend-guard.IpXS2c/hook-claude-terminal-boundary/bin
++ cp /Users/AI/.no-mistakes/worktrees/edb446952c22/01M1EYV82B3ZA2ZEAH2A2NMK1R/bin/fm-turnend-guard.sh /var/folders/p3/95t2_00n2jl3r2cn79bfn18h0000gp/T//fm-turnend-guard.IpXS2c/hook-claude-terminal-boundary/bin/fm-turnend-guard.sh
++ cp /Users/AI/.no-mistakes/worktrees/edb446952c22/01M1EYV82B3ZA2ZEAH2A2NMK1R/bin/fm-turnend-guard-grok.sh /var/folders/p3/95t2_00n2jl3r2cn79bfn18h0000gp/T//fm-turnend-guard.IpXS2c/hook-claude-terminal-boundary/bin/fm-turnend-guard-grok.sh
++ cp /Users/AI/.no-mistakes/worktrees/edb446952c22/01M1EYV82B3ZA2ZEAH2A2NMK1R/bin/fm-operational-input.sh /var/folders/p3/95t2_00n2jl3r2cn79bfn18h0000gp/T//fm-turnend-guard.IpXS2c/hook-claude-terminal-boundary/bin/fm-operational-input.sh
++ cp /Users/AI/.no-mistakes/worktrees/edb446952c22/01M1EYV82B3ZA2ZEAH2A2NMK1R/bin/fm-supervision-instructions.sh /var/folders/p3/95t2_00n2jl3r2cn79bfn18h0000gp/T//fm-turnend-guard.IpXS2c/hook-claude-terminal-boundary/bin/fm-supervision-instructions.sh
++ cp /Users/AI/.no-mistakes/worktrees/edb446952c22/01M1EYV82B3ZA2ZEAH2A2NMK1R/bin/fm-harness.sh /var/folders/p3/95t2_00n2jl3r2cn79bfn18h0000gp/T//fm-turnend-guard.IpXS2c/hook-claude-terminal-boundary/bin/fm-harness.sh
++ cp /Users/AI/.no-mistakes/worktrees/edb446952c22/01M1EYV82B3ZA2ZEAH2A2NMK1R/bin/fm-primary-scope-lib.sh /var/folders/p3/95t2_00n2jl3r2cn79bfn18h0000gp/T//fm-turnend-guard.IpXS2c/hook-claude-terminal-boundary/bin/fm-primary-scope-lib.sh
++ cp /Users/AI/.no-mistakes/worktrees/edb446952c22/01M1EYV82B3ZA2ZEAH2A2NMK1R/bin/fm-supervision-lib.sh /var/folders/p3/95t2_00n2jl3r2cn79bfn18h0000gp/T//fm-turnend-guard.IpXS2c/hook-claude-terminal-boundary/bin/fm-supervision-lib.sh
++ cp /Users/AI/.no-mistakes/worktrees/edb446952c22/01M1EYV82B3ZA2ZEAH2A2NMK1R/bin/fm-wake-lib.sh /var/folders/p3/95t2_00n2jl3r2cn79bfn18h0000gp/T//fm-turnend-guard.IpXS2c/hook-claude-terminal-boundary/bin/fm-wake-lib.sh
++ cp /Users/AI/.no-mistakes/worktrees/edb446952c22/01M1EYV82B3ZA2ZEAH2A2NMK1R/bin/fm-hook-host-lib.sh /var/folders/p3/95t2_00n2jl3r2cn79bfn18h0000gp/T//fm-turnend-guard.IpXS2c/hook-claude-terminal-boundary/bin/fm-hook-host-lib.sh
++ cp /Users/AI/.no-mistakes/worktrees/edb446952c22/01M1EYV82B3ZA2ZEAH2A2NMK1R/bin/fm-timeout-lib.sh /var/folders/p3/95t2_00n2jl3r2cn79bfn18h0000gp/T//fm-turnend-guard.IpXS2c/hook-claude-terminal-boundary/bin/fm-timeout-lib.sh
++ cp /Users/AI/.no-mistakes/worktrees/edb446952c22/01M1EYV82B3ZA2ZEAH2A2NMK1R/bin/fm-owner-invoke-wait-check.sh /var/folders/p3/95t2_00n2jl3r2cn79bfn18h0000gp/T//fm-turnend-guard.IpXS2c/hook-claude-terminal-boundary/bin/fm-owner-invoke-wait-check.sh
++ mkdir -p /var/folders/p3/95t2_00n2jl3r2cn79bfn18h0000gp/T//fm-turnend-guard.IpXS2c/hook-claude-terminal-boundary/docs
++ cp -R /Users/AI/.no-mistakes/worktrees/edb446952c22/01M1EYV82B3ZA2ZEAH2A2NMK1R/docs/supervision-protocols /var/folders/p3/95t2_00n2jl3r2cn79bfn18h0000gp/T//fm-turnend-guard.IpXS2c/hook-claude-terminal-boundary/docs/supervision-protocols
++ chmod +x /var/folders/p3/95t2_00n2jl3r2cn79bfn18h0000gp/T//fm-turnend-guard.IpXS2c/hook-claude-terminal-boundary/bin/fm-turnend-guard.sh /var/folders/p3/95t2_00n2jl3r2cn79bfn18h0000gp/T//fm-turnend-guard.IpXS2c/hook-claude-terminal-boundary/bin/fm-turnend-guard-grok.sh /var/folders/p3/95t2_00n2jl3r2cn79bfn18h0000gp/T//fm-turnend-guard.IpXS2c/hook-claude-terminal-boundary/bin/fm-operational-input.sh /var/folders/p3/95t2_00n2jl3r2cn79bfn18h0000gp/T//fm-turnend-guard.IpXS2c/hook-claude-terminal-boundary/bin/fm-supervision-instructions.sh /var/folders/p3/95t2_00n2jl3r2cn79bfn18h0000gp/T//fm-turnend-guard.IpXS2c/hook-claude-terminal-boundary/bin/fm-harness.sh /var/folders/p3/95t2_00n2jl3r2cn79bfn18h0000gp/T//fm-turnend-guard.IpXS2c/hook-claude-terminal-boundary/bin/fm-owner-invoke-wait-check.sh
++ printf '%s\n' /var/folders/p3/95t2_00n2jl3r2cn79bfn18h0000gp/T//fm-turnend-guard.IpXS2c/hook-claude-terminal-boundary
+ dir=/var/folders/p3/95t2_00n2jl3r2cn79bfn18h0000gp/T//fm-turnend-guard.IpXS2c/hook-claude-terminal-boundary
+ :
+ :
++ date +%s
+ printf 'epoch=3 owner_pid=999 outcome=failed-suppressed updated_at=%s\n' 1788282701
+ seed_claude_budget /var/folders/p3/95t2_00n2jl3r2cn79bfn18h0000gp/T//fm-turnend-guard.IpXS2c/hook-claude-terminal-boundary 4 3
+ local dir=/var/folders/p3/95t2_00n2jl3r2cn79bfn18h0000gp/T//fm-turnend-guard.IpXS2c/hook-claude-terminal-boundary count=4 epoch=3
+ printf 'session=sess-claude-mode\ncount=%s\nepoch=%s\n' 4 3
+ install_integrated_autoarm /var/folders/p3/95t2_00n2jl3r2cn79bfn18h0000gp/T//fm-turnend-guard.IpXS2c/hook-claude-terminal-boundary
+ local dir=/var/folders/p3/95t2_00n2jl3r2cn79bfn18h0000gp/T//fm-turnend-guard.IpXS2c/hook-claude-terminal-boundary
+ cp /Users/AI/.no-mistakes/worktrees/edb446952c22/01M1EYV82B3ZA2ZEAH2A2NMK1R/bin/fm-claude-stop-autoarm.sh /var/folders/p3/95t2_00n2jl3r2cn79bfn18h0000gp/T//fm-turnend-guard.IpXS2c/hook-claude-terminal-boundary/bin/fm-claude-stop-autoarm.sh
+ cp /Users/AI/.no-mistakes/worktrees/edb446952c22/01M1EYV82B3ZA2ZEAH2A2NMK1R/bin/fm-primary-scope-lib.sh /var/folders/p3/95t2_00n2jl3r2cn79bfn18h0000gp/T//fm-turnend-guard.IpXS2c/hook-claude-terminal-boundary/bin/fm-primary-scope-lib.sh
+ cp /Users/AI/.no-mistakes/worktrees/edb446952c22/01M1EYV82B3ZA2ZEAH2A2NMK1R/bin/fm-supervision-lib.sh /var/folders/p3/95t2_00n2jl3r2cn79bfn18h0000gp/T//fm-turnend-guard.IpXS2c/hook-claude-terminal-boundary/bin/fm-supervision-lib.sh
+ cp /Users/AI/.no-mistakes/worktrees/edb446952c22/01M1EYV82B3ZA2ZEAH2A2NMK1R/bin/fm-wake-lib.sh /var/folders/p3/95t2_00n2jl3r2cn79bfn18h0000gp/T//fm-turnend-guard.IpXS2c/hook-claude-terminal-boundary/bin/fm-wake-lib.sh
+ cp /Users/AI/.no-mistakes/worktrees/edb446952c22/01M1EYV82B3ZA2ZEAH2A2NMK1R/bin/fm-hook-host-lib.sh /var/folders/p3/95t2_00n2jl3r2cn79bfn18h0000gp/T//fm-turnend-guard.IpXS2c/hook-claude-terminal-boundary/bin/fm-hook-host-lib.sh
+ cp /Users/AI/.no-mistakes/worktrees/edb446952c22/01M1EYV82B3ZA2ZEAH2A2NMK1R/bin/fm-session-lock-lib.sh /var/folders/p3/95t2_00n2jl3r2cn79bfn18h0000gp/T//fm-turnend-guard.IpXS2c/hook-claude-terminal-boundary/bin/fm-session-lock-lib.sh
+ cp /Users/AI/.no-mistakes/worktrees/edb446952c22/01M1EYV82B3ZA2ZEAH2A2NMK1R/bin/fm-cursor-lib.sh /var/folders/p3/95t2_00n2jl3r2cn79bfn18h0000gp/T//fm-turnend-guard.IpXS2c/hook-claude-terminal-boundary/bin/fm-cursor-lib.sh
+ cp /Users/AI/.no-mistakes/worktrees/edb446952c22/01M1EYV82B3ZA2ZEAH2A2NMK1R/bin/fm-lock.sh /var/folders/p3/95t2_00n2jl3r2cn79bfn18h0000gp/T//fm-turnend-guard.IpXS2c/hook-claude-terminal-boundary/bin/fm-lock.sh
+ chmod +x /var/folders/p3/95t2_00n2jl3r2cn79bfn18h0000gp/T//fm-turnend-guard.IpXS2c/hook-claude-terminal-boundary/bin/fm-claude-stop-autoarm.sh /var/folders/p3/95t2_00n2jl3r2cn79bfn18h0000gp/T//fm-turnend-guard.IpXS2c/hook-claude-terminal-boundary/bin/fm-lock.sh
+ ln -s /bin/bash /var/folders/p3/95t2_00n2jl3r2cn79bfn18h0000gp/T//fm-turnend-guard.IpXS2c/hook-claude-terminal-boundary/fake-claude
+ write_integrated_failed_arm /var/folders/p3/95t2_00n2jl3r2cn79bfn18h0000gp/T//fm-turnend-guard.IpXS2c/hook-claude-terminal-boundary
+ local dir=/var/folders/p3/95t2_00n2jl3r2cn79bfn18h0000gp/T//fm-turnend-guard.IpXS2c/hook-claude-terminal-boundary
+ cat
+ chmod +x /var/folders/p3/95t2_00n2jl3r2cn79bfn18h0000gp/T//fm-turnend-guard.IpXS2c/hook-claude-terminal-boundary/bin/fm-watch-arm.sh
+ fakebin=/var/folders/p3/95t2_00n2jl3r2cn79bfn18h0000gp/T//fm-turnend-guard.IpXS2c/hook-claude-terminal-boundary/fakebin
+ ready=/var/folders/p3/95t2_00n2jl3r2cn79bfn18h0000gp/T//fm-turnend-guard.IpXS2c/hook-claude-terminal-boundary/terminal-ready
+ release=/var/folders/p3/95t2_00n2jl3r2cn79bfn18h0000gp/T//fm-turnend-guard.IpXS2c/hook-claude-terminal-boundary/terminal-release
+ once=/var/folders/p3/95t2_00n2jl3r2cn79bfn18h0000gp/T//fm-turnend-guard.IpXS2c/hook-claude-terminal-boundary/terminal-once
+ guard_out=/var/folders/p3/95t2_00n2jl3r2cn79bfn18h0000gp/T//fm-turnend-guard.IpXS2c/hook-claude-terminal-boundary/guard.out
+ guard_status=/var/folders/p3/95t2_00n2jl3r2cn79bfn18h0000gp/T//fm-turnend-guard.IpXS2c/hook-claude-terminal-boundary/guard.status
+ mkdir -p /var/folders/p3/95t2_00n2jl3r2cn79bfn18h0000gp/T//fm-turnend-guard.IpXS2c/hook-claude-terminal-boundary/fakebin
+ mkfifo /var/folders/p3/95t2_00n2jl3r2cn79bfn18h0000gp/T//fm-turnend-guard.IpXS2c/hook-claude-terminal-boundary/terminal-ready /var/folders/p3/95t2_00n2jl3r2cn79bfn18h0000gp/T//fm-turnend-guard.IpXS2c/hook-claude-terminal-boundary/terminal-release
+ cat
+ chmod +x /var/folders/p3/95t2_00n2jl3r2cn79bfn18h0000gp/T//fm-turnend-guard.IpXS2c/hook-claude-terminal-boundary/fakebin/cat
+ guard_pid=76132
+ IFS=
+ read -r _
+ printf '{"stop_hook_active":true,"session_id":"sess-claude-mode"}'
+ PATH=/var/folders/p3/95t2_00n2jl3r2cn79bfn18h0000gp/T//fm-turnend-guard.IpXS2c/hook-claude-terminal-boundary/fakebin:/Users/AI/.grok/bin:/Users/AI/bin:/Users/AI/.homebrew/opt/node@24/bin:/Users/AI/.local/bin:/Users/AI/.homebrew/bin:/Users/AI/.homebrew/sbin:/usr/local/bin:/System/Cryptexes/App/usr/bin:/usr/bin:/bin:/usr/sbin:/sbin:/var/run/com.apple.security.cryptexd/codex.system/bootstrap/usr/local/bin:/var/run/com.apple.security.cryptexd/codex.system/bootstrap/usr/bin:/var/run/com.apple.security.cryptexd/codex.system/bootstrap/usr/appleinternal/bin:/pkg/env/global/bin:/opt/homebrew/bin:/Users/AI/.codex/tmp/arg0/codex-arg019qtEJ:/Users/AI/.grok/bin:/Users/AI/bin:/Users/AI/.homebrew/opt/node@24/bin:/Users/AI/.local/bin:/Users/AI/go/bin:/Users/AI/.cargo/bin:/opt/homebrew/sbin:/usr/local/sbin
+ FM_TERMINAL_ROLE_PATH=/var/folders/p3/95t2_00n2jl3r2cn79bfn18h0000gp/T//fm-turnend-guard.IpXS2c/hook-claude-terminal-boundary/state/.claude-autoarm.lock/role
+ FM_TERMINAL_READY=/var/folders/p3/95t2_00n2jl3r2cn79bfn18h0000gp/T//fm-turnend-guard.IpXS2c/hook-claude-terminal-boundary/terminal-ready
+ FM_TERMINAL_RELEASE=/var/folders/p3/95t2_00n2jl3r2cn79bfn18h0000gp/T//fm-turnend-guard.IpXS2c/hook-claude-terminal-boundary/terminal-release
+ FM_TERMINAL_ONCE=/var/folders/p3/95t2_00n2jl3r2cn79bfn18h0000gp/T//fm-turnend-guard.IpXS2c/hook-claude-terminal-boundary/terminal-once
+ CLAUDECODE=1
+ FM_HOME=/var/folders/p3/95t2_00n2jl3r2cn79bfn18h0000gp/T//fm-turnend-guard.IpXS2c/hook-claude-terminal-boundary
+ bash /var/folders/p3/95t2_00n2jl3r2cn79bfn18h0000gp/T//fm-turnend-guard.IpXS2c/hook-claude-terminal-boundary/bin/fm-turnend-guard.sh --claude
++ run_integrated_autoarm /var/folders/p3/95t2_00n2jl3r2cn79bfn18h0000gp/T//fm-turnend-guard.IpXS2c/hook-claude-terminal-boundary
++ local dir=/var/folders/p3/95t2_00n2jl3r2cn79bfn18h0000gp/T//fm-turnend-guard.IpXS2c/hook-claude-terminal-boundary home
+++ cd /var/folders/p3/95t2_00n2jl3r2cn79bfn18h0000gp/T//fm-turnend-guard.IpXS2c/hook-claude-terminal-boundary
+++ pwd
++ home=/var/folders/p3/95t2_00n2jl3r2cn79bfn18h0000gp/T/fm-turnend-guard.IpXS2c/hook-claude-terminal-boundary
++ printf '{"session_id":"sess-claude-mode","stop_hook_active":false}\n'
++ FM_HOME=/var/folders/p3/95t2_00n2jl3r2cn79bfn18h0000gp/T/fm-turnend-guard.IpXS2c/hook-claude-terminal-boundary
++ /var/folders/p3/95t2_00n2jl3r2cn79bfn18h0000gp/T//fm-turnend-guard.IpXS2c/hook-claude-terminal-boundary/fake-claude -c '
        printf "%s\n" "$$" > "$FM_HOME/state/.lock"
        "$FM_HOME/bin/fm-claude-stop-autoarm.sh"
      '
+ auto_out=
+ auto_status=0
+ printf 'release\n'
+ wait 76132
+ printf '%s\n' 0
+ expect_code 0 0 'an owner starting inside the terminal window must lose the existing owner boundary'
+ local expected=0 actual=0 'label=an owner starting inside the terminal window must lose the existing owner boundary'
+ '[' 0 = 0 ']'
+ '[' -z '' ']'
+ assert_absent /var/folders/p3/95t2_00n2jl3r2cn79bfn18h0000gp/T//fm-turnend-guard.IpXS2c/hook-claude-terminal-boundary/state/arm-ran 'excluded terminal-window owner started an arm cycle'
+ '[' '!' -e /var/folders/p3/95t2_00n2jl3r2cn79bfn18h0000gp/T//fm-turnend-guard.IpXS2c/hook-claude-terminal-boundary/state/arm-ran ']'
++ cat /var/folders/p3/95t2_00n2jl3r2cn79bfn18h0000gp/T//fm-turnend-guard.IpXS2c/hook-claude-terminal-boundary/guard.status
+ expect_code 0 0 'terminal boundary guard must complete without deadlock'
+ local expected=0 actual=0 'label=terminal boundary guard must complete without deadlock'
+ '[' 0 = 0 ']'
++ cat /var/folders/p3/95t2_00n2jl3r2cn79bfn18h0000gp/T//fm-turnend-guard.IpXS2c/hook-claude-terminal-boundary/guard.out
+ assert_contains '{"systemMessage":"FIRSTMATE SUPERVISION IS GENUINELY DOWN: 1 task(s) in flight, the Stop-owned auto-arm exhausted its bounded retries and one failure notice, no watcher or automatic continuation exists, and the block budget is exhausted. Keep this session attended and diagnose the automatic Stop-hook and watcher startup before relying on unattended supervision."}' 'FIRSTMATE SUPERVISION IS GENUINELY DOWN' 'terminal boundary did not produce the one-time alarm'
+ case "$1" in
+ :
+ assert_absent /var/folders/p3/95t2_00n2jl3r2cn79bfn18h0000gp/T//fm-turnend-guard.IpXS2c/hook-claude-terminal-boundary/state/.claude-autoarm.lock 'terminal boundary left its owner lock behind'
+ '[' '!' -e /var/folders/p3/95t2_00n2jl3r2cn79bfn18h0000gp/T//fm-turnend-guard.IpXS2c/hook-claude-terminal-boundary/state/.claude-autoarm.lock ']'
+ pass 'fm-turnend-guard --claude: terminal owner boundary excludes a concurrent start without deadlock'
+ printf 'ok - %s\n' 'fm-turnend-guard --claude: terminal owner boundary excludes a concurrent start without deadlock'
ok - fm-turnend-guard --claude: terminal owner boundary excludes a concurrent start without deadlock
+ test_hook_claude_mode_allows_on_fresh_rewake_epoch
+ local dir out status
++ make_primary_dir /var/folders/p3/95t2_00n2jl3r2cn79bfn18h0000gp/T//fm-turnend-guard.IpXS2c/hook-claude-epoch
++ local dir=/var/folders/p3/95t2_00n2jl3r2cn79bfn18h0000gp/T//fm-turnend-guard.IpXS2c/hook-claude-epoch
++ mkdir -p /var/folders/p3/95t2_00n2jl3r2cn79bfn18h0000gp/T//fm-turnend-guard.IpXS2c/hook-claude-epoch/state
++ git init -q /var/folders/p3/95t2_00n2jl3r2cn79bfn18h0000gp/T//fm-turnend-guard.IpXS2c/hook-claude-epoch
++ git -C /var/folders/p3/95t2_00n2jl3r2cn79bfn18h0000gp/T//fm-turnend-guard.IpXS2c/hook-claude-epoch commit -q --allow-empty -m init
++ :
++ install_guard_scripts /var/folders/p3/95t2_00n2jl3r2cn79bfn18h0000gp/T//fm-turnend-guard.IpXS2c/hook-claude-epoch
++ local dir=/var/folders/p3/95t2_00n2jl3r2cn79bfn18h0000gp/T//fm-turnend-guard.IpXS2c/hook-claude-epoch
++ mkdir -p /var/folders/p3/95t2_00n2jl3r2cn79bfn18h0000gp/T//fm-turnend-guard.IpXS2c/hook-claude-epoch/bin
++ cp /Users/AI/.no-mistakes/worktrees/edb446952c22/01M1EYV82B3ZA2ZEAH2A2NMK1R/bin/fm-turnend-guard.sh /var/folders/p3/95t2_00n2jl3r2cn79bfn18h0000gp/T//fm-turnend-guard.IpXS2c/hook-claude-epoch/bin/fm-turnend-guard.sh
++ cp /Users/AI/.no-mistakes/worktrees/edb446952c22/01M1EYV82B3ZA2ZEAH2A2NMK1R/bin/fm-turnend-guard-grok.sh /var/folders/p3/95t2_00n2jl3r2cn79bfn18h0000gp/T//fm-turnend-guard.IpXS2c/hook-claude-epoch/bin/fm-turnend-guard-grok.sh
++ cp /Users/AI/.no-mistakes/worktrees/edb446952c22/01M1EYV82B3ZA2ZEAH2A2NMK1R/bin/fm-operational-input.sh /var/folders/p3/95t2_00n2jl3r2cn79bfn18h0000gp/T//fm-turnend-guard.IpXS2c/hook-claude-epoch/bin/fm-operational-input.sh
++ cp /Users/AI/.no-mistakes/worktrees/edb446952c22/01M1EYV82B3ZA2ZEAH2A2NMK1R/bin/fm-supervision-instructions.sh /var/folders/p3/95t2_00n2jl3r2cn79bfn18h0000gp/T//fm-turnend-guard.IpXS2c/hook-claude-epoch/bin/fm-supervision-instructions.sh
++ cp /Users/AI/.no-mistakes/worktrees/edb446952c22/01M1EYV82B3ZA2ZEAH2A2NMK1R/bin/fm-harness.sh /var/folders/p3/95t2_00n2jl3r2cn79bfn18h0000gp/T//fm-turnend-guard.IpXS2c/hook-claude-epoch/bin/fm-harness.sh
++ cp /Users/AI/.no-mistakes/worktrees/edb446952c22/01M1EYV82B3ZA2ZEAH2A2NMK1R/bin/fm-primary-scope-lib.sh /var/folders/p3/95t2_00n2jl3r2cn79bfn18h0000gp/T//fm-turnend-guard.IpXS2c/hook-claude-epoch/bin/fm-primary-scope-lib.sh
++ cp /Users/AI/.no-mistakes/worktrees/edb446952c22/01M1EYV82B3ZA2ZEAH2A2NMK1R/bin/fm-supervision-lib.sh /var/folders/p3/95t2_00n2jl3r2cn79bfn18h0000gp/T//fm-turnend-guard.IpXS2c/hook-claude-epoch/bin/fm-supervision-lib.sh
++ cp /Users/AI/.no-mistakes/worktrees/edb446952c22/01M1EYV82B3ZA2ZEAH2A2NMK1R/bin/fm-wake-lib.sh /var/folders/p3/95t2_00n2jl3r2cn79bfn18h0000gp/T//fm-turnend-guard.IpXS2c/hook-claude-epoch/bin/fm-wake-lib.sh
++ cp /Users/AI/.no-mistakes/worktrees/edb446952c22/01M1EYV82B3ZA2ZEAH2A2NMK1R/bin/fm-hook-host-lib.sh /var/folders/p3/95t2_00n2jl3r2cn79bfn18h0000gp/T//fm-turnend-guard.IpXS2c/hook-claude-epoch/bin/fm-hook-host-lib.sh
++ cp /Users/AI/.no-mistakes/worktrees/edb446952c22/01M1EYV82B3ZA2ZEAH2A2NMK1R/bin/fm-timeout-lib.sh /var/folders/p3/95t2_00n2jl3r2cn79bfn18h0000gp/T//fm-turnend-guard.IpXS2c/hook-claude-epoch/bin/fm-timeout-lib.sh
++ cp /Users/AI/.no-mistakes/worktrees/edb446952c22/01M1EYV82B3ZA2ZEAH2A2NMK1R/bin/fm-owner-invoke-wait-check.sh /var/folders/p3/95t2_00n2jl3r2cn79bfn18h0000gp/T//fm-turnend-guard.IpXS2c/hook-claude-epoch/bin/fm-owner-invoke-wait-check.sh
++ mkdir -p /var/folders/p3/95t2_00n2jl3r2cn79bfn18h0000gp/T//fm-turnend-guard.IpXS2c/hook-claude-epoch/docs
++ cp -R /Users/AI/.no-mistakes/worktrees/edb446952c22/01M1EYV82B3ZA2ZEAH2A2NMK1R/docs/supervision-protocols /var/folders/p3/95t2_00n2jl3r2cn79bfn18h0000gp/T//fm-turnend-guard.IpXS2c/hook-claude-epoch/docs/supervision-protocols
++ chmod +x /var/folders/p3/95t2_00n2jl3r2cn79bfn18h0000gp/T//fm-turnend-guard.IpXS2c/hook-claude-epoch/bin/fm-turnend-guard.sh /var/folders/p3/95t2_00n2jl3r2cn79bfn18h0000gp/T//fm-turnend-guard.IpXS2c/hook-claude-epoch/bin/fm-turnend-guard-grok.sh /var/folders/p3/95t2_00n2jl3r2cn79bfn18h0000gp/T//fm-turnend-guard.IpXS2c/hook-claude-epoch/bin/fm-operational-input.sh /var/folders/p3/95t2_00n2jl3r2cn79bfn18h0000gp/T//fm-turnend-guard.IpXS2c/hook-claude-epoch/bin/fm-supervision-instructions.sh /var/folders/p3/95t2_00n2jl3r2cn79bfn18h0000gp/T//fm-turnend-guard.IpXS2c/hook-claude-epoch/bin/fm-harness.sh /var/folders/p3/95t2_00n2jl3r2cn79bfn18h0000gp/T//fm-turnend-guard.IpXS2c/hook-claude-epoch/bin/fm-owner-invoke-wait-check.sh
++ printf '%s\n' /var/folders/p3/95t2_00n2jl3r2cn79bfn18h0000gp/T//fm-turnend-guard.IpXS2c/hook-claude-epoch
+ dir=/var/folders/p3/95t2_00n2jl3r2cn79bfn18h0000gp/T//fm-turnend-guard.IpXS2c/hook-claude-epoch
+ :
++ date +%s
+ printf 'epoch=3 owner_pid=999 outcome=rewake updated_at=%s\n' 1788282705
++ run_hook_claude /var/folders/p3/95t2_00n2jl3r2cn79bfn18h0000gp/T//fm-turnend-guard.IpXS2c/hook-claude-epoch true
++ local dir=/var/folders/p3/95t2_00n2jl3r2cn79bfn18h0000gp/T//fm-turnend-guard.IpXS2c/hook-claude-epoch stop_active=true home
+++ cd /var/folders/p3/95t2_00n2jl3r2cn79bfn18h0000gp/T//fm-turnend-guard.IpXS2c/hook-claude-epoch
+++ pwd
++ home=/var/folders/p3/95t2_00n2jl3r2cn79bfn18h0000gp/T/fm-turnend-guard.IpXS2c/hook-claude-epoch
++ printf '{"stop_hook_active":%s,"session_id":"sess-claude-mode"}' true
++ CLAUDECODE=1
++ FM_HOME=/var/folders/p3/95t2_00n2jl3r2cn79bfn18h0000gp/T/fm-turnend-guard.IpXS2c/hook-claude-epoch
++ bash /var/folders/p3/95t2_00n2jl3r2cn79bfn18h0000gp/T//fm-turnend-guard.IpXS2c/hook-claude-epoch/bin/fm-turnend-guard.sh --claude
+ out=
+ status=0
+ expect_code 0 0 '--claude mode must allow the stop whose rewake the auto-arm already owns'
+ local expected=0 actual=0 'label=--claude mode must allow the stop whose rewake the auto-arm already owns'
+ '[' 0 = 0 ']'
+ '[' -z '' ']'
+ pass 'fm-turnend-guard --claude: fresh rewake epoch prevents a duplicate continuation for the same event'
+ printf 'ok - %s\n' 'fm-turnend-guard --claude: fresh rewake epoch prevents a duplicate continuation for the same event'
ok - fm-turnend-guard --claude: fresh rewake epoch prevents a duplicate continuation for the same event
+ test_hook_claude_mode_blocks_on_abandoned_autoarm_claim
+ local dir out status pid
++ make_primary_dir /var/folders/p3/95t2_00n2jl3r2cn79bfn18h0000gp/T//fm-turnend-guard.IpXS2c/hook-claude-abandoned-claim
++ local dir=/var/folders/p3/95t2_00n2jl3r2cn79bfn18h0000gp/T//fm-turnend-guard.IpXS2c/hook-claude-abandoned-claim
++ mkdir -p /var/folders/p3/95t2_00n2jl3r2cn79bfn18h0000gp/T//fm-turnend-guard.IpXS2c/hook-claude-abandoned-claim/state
++ git init -q /var/folders/p3/95t2_00n2jl3r2cn79bfn18h0000gp/T//fm-turnend-guard.IpXS2c/hook-claude-abandoned-claim
++ git -C /var/folders/p3/95t2_00n2jl3r2cn79bfn18h0000gp/T//fm-turnend-guard.IpXS2c/hook-claude-abandoned-claim commit -q --allow-empty -m init
++ :
++ install_guard_scripts /var/folders/p3/95t2_00n2jl3r2cn79bfn18h0000gp/T//fm-turnend-guard.IpXS2c/hook-claude-abandoned-claim
++ local dir=/var/folders/p3/95t2_00n2jl3r2cn79bfn18h0000gp/T//fm-turnend-guard.IpXS2c/hook-claude-abandoned-claim
++ mkdir -p /var/folders/p3/95t2_00n2jl3r2cn79bfn18h0000gp/T//fm-turnend-guard.IpXS2c/hook-claude-abandoned-claim/bin
++ cp /Users/AI/.no-mistakes/worktrees/edb446952c22/01M1EYV82B3ZA2ZEAH2A2NMK1R/bin/fm-turnend-guard.sh /var/folders/p3/95t2_00n2jl3r2cn79bfn18h0000gp/T//fm-turnend-guard.IpXS2c/hook-claude-abandoned-claim/bin/fm-turnend-guard.sh
++ cp /Users/AI/.no-mistakes/worktrees/edb446952c22/01M1EYV82B3ZA2ZEAH2A2NMK1R/bin/fm-turnend-guard-grok.sh /var/folders/p3/95t2_00n2jl3r2cn79bfn18h0000gp/T//fm-turnend-guard.IpXS2c/hook-claude-abandoned-claim/bin/fm-turnend-guard-grok.sh
++ cp /Users/AI/.no-mistakes/worktrees/edb446952c22/01M1EYV82B3ZA2ZEAH2A2NMK1R/bin/fm-operational-input.sh /var/folders/p3/95t2_00n2jl3r2cn79bfn18h0000gp/T//fm-turnend-guard.IpXS2c/hook-claude-abandoned-claim/bin/fm-operational-input.sh
++ cp /Users/AI/.no-mistakes/worktrees/edb446952c22/01M1EYV82B3ZA2ZEAH2A2NMK1R/bin/fm-supervision-instructions.sh /var/folders/p3/95t2_00n2jl3r2cn79bfn18h0000gp/T//fm-turnend-guard.IpXS2c/hook-claude-abandoned-claim/bin/fm-supervision-instructions.sh
++ cp /Users/AI/.no-mistakes/worktrees/edb446952c22/01M1EYV82B3ZA2ZEAH2A2NMK1R/bin/fm-harness.sh /var/folders/p3/95t2_00n2jl3r2cn79bfn18h0000gp/T//fm-turnend-guard.IpXS2c/hook-claude-abandoned-claim/bin/fm-harness.sh
++ cp /Users/AI/.no-mistakes/worktrees/edb446952c22/01M1EYV82B3ZA2ZEAH2A2NMK1R/bin/fm-primary-scope-lib.sh /var/folders/p3/95t2_00n2jl3r2cn79bfn18h0000gp/T//fm-turnend-guard.IpXS2c/hook-claude-abandoned-claim/bin/fm-primary-scope-lib.sh
++ cp /Users/AI/.no-mistakes/worktrees/edb446952c22/01M1EYV82B3ZA2ZEAH2A2NMK1R/bin/fm-supervision-lib.sh /var/folders/p3/95t2_00n2jl3r2cn79bfn18h0000gp/T//fm-turnend-guard.IpXS2c/hook-claude-abandoned-claim/bin/fm-supervision-lib.sh
++ cp /Users/AI/.no-mistakes/worktrees/edb446952c22/01M1EYV82B3ZA2ZEAH2A2NMK1R/bin/fm-wake-lib.sh /var/folders/p3/95t2_00n2jl3r2cn79bfn18h0000gp/T//fm-turnend-guard.IpXS2c/hook-claude-abandoned-claim/bin/fm-wake-lib.sh
++ cp /Users/AI/.no-mistakes/worktrees/edb446952c22/01M1EYV82B3ZA2ZEAH2A2NMK1R/bin/fm-hook-host-lib.sh /var/folders/p3/95t2_00n2jl3r2cn79bfn18h0000gp/T//fm-turnend-guard.IpXS2c/hook-claude-abandoned-claim/bin/fm-hook-host-lib.sh
++ cp /Users/AI/.no-mistakes/worktrees/edb446952c22/01M1EYV82B3ZA2ZEAH2A2NMK1R/bin/fm-timeout-lib.sh /var/folders/p3/95t2_00n2jl3r2cn79bfn18h0000gp/T//fm-turnend-guard.IpXS2c/hook-claude-abandoned-claim/bin/fm-timeout-lib.sh
++ cp /Users/AI/.no-mistakes/worktrees/edb446952c22/01M1EYV82B3ZA2ZEAH2A2NMK1R/bin/fm-owner-invoke-wait-check.sh /var/folders/p3/95t2_00n2jl3r2cn79bfn18h0000gp/T//fm-turnend-guard.IpXS2c/hook-claude-abandoned-claim/bin/fm-owner-invoke-wait-check.sh
++ mkdir -p /var/folders/p3/95t2_00n2jl3r2cn79bfn18h0000gp/T//fm-turnend-guard.IpXS2c/hook-claude-abandoned-claim/docs
++ cp -R /Users/AI/.no-mistakes/worktrees/edb446952c22/01M1EYV82B3ZA2ZEAH2A2NMK1R/docs/supervision-protocols /var/folders/p3/95t2_00n2jl3r2cn79bfn18h0000gp/T//fm-turnend-guard.IpXS2c/hook-claude-abandoned-claim/docs/supervision-protocols
++ chmod +x /var/folders/p3/95t2_00n2jl3r2cn79bfn18h0000gp/T//fm-turnend-guard.IpXS2c/hook-claude-abandoned-claim/bin/fm-turnend-guard.sh /var/folders/p3/95t2_00n2jl3r2cn79bfn18h0000gp/T//fm-turnend-guard.IpXS2c/hook-claude-abandoned-claim/bin/fm-turnend-guard-grok.sh /var/folders/p3/95t2_00n2jl3r2cn79bfn18h0000gp/T//fm-turnend-guard.IpXS2c/hook-claude-abandoned-claim/bin/fm-operational-input.sh /var/folders/p3/95t2_00n2jl3r2cn79bfn18h0000gp/T//fm-turnend-guard.IpXS2c/hook-claude-abandoned-claim/bin/fm-supervision-instructions.sh /var/folders/p3/95t2_00n2jl3r2cn79bfn18h0000gp/T//fm-turnend-guard.IpXS2c/hook-claude-abandoned-claim/bin/fm-harness.sh /var/folders/p3/95t2_00n2jl3r2cn79bfn18h0000gp/T//fm-turnend-guard.IpXS2c/hook-claude-abandoned-claim/bin/fm-owner-invoke-wait-check.sh
++ printf '%s\n' /var/folders/p3/95t2_00n2jl3r2cn79bfn18h0000gp/T//fm-turnend-guard.IpXS2c/hook-claude-abandoned-claim
+ dir=/var/folders/p3/95t2_00n2jl3r2cn79bfn18h0000gp/T//fm-turnend-guard.IpXS2c/hook-claude-abandoned-claim
+ :
+ :
+ sleep 60
+ pid=86620
+ record_autoarm_owner /var/folders/p3/95t2_00n2jl3r2cn79bfn18h0000gp/T//fm-turnend-guard.IpXS2c/hook-claude-abandoned-claim 86620
+ local dir=/var/folders/p3/95t2_00n2jl3r2cn79bfn18h0000gp/T//fm-turnend-guard.IpXS2c/hook-claude-abandoned-claim pid=86620
+ mkdir -p /var/folders/p3/95t2_00n2jl3r2cn79bfn18h0000gp/T//fm-turnend-guard.IpXS2c/hook-claude-abandoned-claim/state/.claude-autoarm.lock
+ printf '%s\n' 86620
+ printf 'autoarm\n'
+ printf 'epoch=464 owner_pid=%s outcome=rewake updated_at=1\n' 86620
+ touch -t 202001010000 /var/folders/p3/95t2_00n2jl3r2cn79bfn18h0000gp/T//fm-turnend-guard.IpXS2c/hook-claude-abandoned-claim/state/.claude-autoarm-epoch
++ FM_CLAUDE_AUTOARM_SYNC_WAIT_MS=200
++ run_hook_claude /var/folders/p3/95t2_00n2jl3r2cn79bfn18h0000gp/T//fm-turnend-guard.IpXS2c/hook-claude-abandoned-claim true
++ local dir=/var/folders/p3/95t2_00n2jl3r2cn79bfn18h0000gp/T//fm-turnend-guard.IpXS2c/hook-claude-abandoned-claim stop_active=true home
+++ cd /var/folders/p3/95t2_00n2jl3r2cn79bfn18h0000gp/T//fm-turnend-guard.IpXS2c/hook-claude-abandoned-claim
+++ pwd
++ home=/var/folders/p3/95t2_00n2jl3r2cn79bfn18h0000gp/T/fm-turnend-guard.IpXS2c/hook-claude-abandoned-claim
++ printf '{"stop_hook_active":%s,"session_id":"sess-claude-mode"}' true
++ CLAUDECODE=1
++ FM_HOME=/var/folders/p3/95t2_00n2jl3r2cn79bfn18h0000gp/T/fm-turnend-guard.IpXS2c/hook-claude-abandoned-claim
++ bash /var/folders/p3/95t2_00n2jl3r2cn79bfn18h0000gp/T//fm-turnend-guard.IpXS2c/hook-claude-abandoned-claim/bin/fm-turnend-guard.sh --claude
+ out='●━━━━━━━━━━━━━━━━━━━━━━━━━━━━━━━━━━━━━━━━━━━━━━━━━━━━━━━━━━━━━━━━━━━━━━━
●  TURN WOULD END BLIND - SUPERVISION IS OFF
●  2 task(s) in flight, but no live watcher holds this home lock (last beat: never).
●  The Stop-owned auto-arm did not claim this home either, so recovery is NOT already under way.
●  watcher supervision needs Stop-owned automatic recovery; inspect the hook registration and startup status before ending the turn.
●━━━━━━━━━━━━━━━━━━━━━━━━━━━━━━━━━━━━━━━━━━━━━━━━━━━━━━━━━━━━━━━━━━━━━━━'
+ status=2
+ kill 86620
+ wait 86620
+ true
+ expect_code 2 2 'an owner lock left behind by a finished claim must not pass for recovery under way'
+ local expected=2 actual=2 'label=an owner lock left behind by a finished claim must not pass for recovery under way'
+ '[' 2 = 2 ']'
+ assert_contains '●━━━━━━━━━━━━━━━━━━━━━━━━━━━━━━━━━━━━━━━━━━━━━━━━━━━━━━━━━━━━━━━━━━━━━━━
●  TURN WOULD END BLIND - SUPERVISION IS OFF
●  2 task(s) in flight, but no live watcher holds this home lock (last beat: never).
●  The Stop-owned auto-arm did not claim this home either, so recovery is NOT already under way.
●  watcher supervision needs Stop-owned automatic recovery; inspect the hook registration and startup status before ending the turn.
●━━━━━━━━━━━━━━━━━━━━━━━━━━━━━━━━━━━━━━━━━━━━━━━━━━━━━━━━━━━━━━━━━━━━━━━' 'TURN WOULD END BLIND' 'abandoned-claim block must carry the blind-turn banner'
+ case "$1" in
+ :
+ assert_contains '●━━━━━━━━━━━━━━━━━━━━━━━━━━━━━━━━━━━━━━━━━━━━━━━━━━━━━━━━━━━━━━━━━━━━━━━
●  TURN WOULD END BLIND - SUPERVISION IS OFF
●  2 task(s) in flight, but no live watcher holds this home lock (last beat: never).
●  The Stop-owned auto-arm did not claim this home either, so recovery is NOT already under way.
●  watcher supervision needs Stop-owned automatic recovery; inspect the hook registration and startup status before ending the turn.
●━━━━━━━━━━━━━━━━━━━━━━━━━━━━━━━━━━━━━━━━━━━━━━━━━━━━━━━━━━━━━━━━━━━━━━━' '2 task(s) in flight' 'abandoned-claim block must name the unsupervised work'
+ case "$1" in
+ :
+ pass 'fm-turnend-guard --claude: an abandoned auto-arm claim no longer allows a blind stop (incident regression)'
+ printf 'ok - %s\n' 'fm-turnend-guard --claude: an abandoned auto-arm claim no longer allows a blind stop (incident regression)'
ok - fm-turnend-guard --claude: an abandoned auto-arm claim no longer allows a blind stop (incident regression)
+ test_hook_claude_mode_blocks_on_pid_reused_arming_claim
+ local dir out status pid identity
++ make_primary_dir /var/folders/p3/95t2_00n2jl3r2cn79bfn18h0000gp/T//fm-turnend-guard.IpXS2c/hook-claude-reused-pid-claim
++ local dir=/var/folders/p3/95t2_00n2jl3r2cn79bfn18h0000gp/T//fm-turnend-guard.IpXS2c/hook-claude-reused-pid-claim
++ mkdir -p /var/folders/p3/95t2_00n2jl3r2cn79bfn18h0000gp/T//fm-turnend-guard.IpXS2c/hook-claude-reused-pid-claim/state
++ git init -q /var/folders/p3/95t2_00n2jl3r2cn79bfn18h0000gp/T//fm-turnend-guard.IpXS2c/hook-claude-reused-pid-claim
++ git -C /var/folders/p3/95t2_00n2jl3r2cn79bfn18h0000gp/T//fm-turnend-guard.IpXS2c/hook-claude-reused-pid-claim commit -q --allow-empty -m init
++ :
++ install_guard_scripts /var/folders/p3/95t2_00n2jl3r2cn79bfn18h0000gp/T//fm-turnend-guard.IpXS2c/hook-claude-reused-pid-claim
++ local dir=/var/folders/p3/95t2_00n2jl3r2cn79bfn18h0000gp/T//fm-turnend-guard.IpXS2c/hook-claude-reused-pid-claim
++ mkdir -p /var/folders/p3/95t2_00n2jl3r2cn79bfn18h0000gp/T//fm-turnend-guard.IpXS2c/hook-claude-reused-pid-claim/bin
++ cp /Users/AI/.no-mistakes/worktrees/edb446952c22/01M1EYV82B3ZA2ZEAH2A2NMK1R/bin/fm-turnend-guard.sh /var/folders/p3/95t2_00n2jl3r2cn79bfn18h0000gp/T//fm-turnend-guard.IpXS2c/hook-claude-reused-pid-claim/bin/fm-turnend-guard.sh
++ cp /Users/AI/.no-mistakes/worktrees/edb446952c22/01M1EYV82B3ZA2ZEAH2A2NMK1R/bin/fm-turnend-guard-grok.sh /var/folders/p3/95t2_00n2jl3r2cn79bfn18h0000gp/T//fm-turnend-guard.IpXS2c/hook-claude-reused-pid-claim/bin/fm-turnend-guard-grok.sh
++ cp /Users/AI/.no-mistakes/worktrees/edb446952c22/01M1EYV82B3ZA2ZEAH2A2NMK1R/bin/fm-operational-input.sh /var/folders/p3/95t2_00n2jl3r2cn79bfn18h0000gp/T//fm-turnend-guard.IpXS2c/hook-claude-reused-pid-claim/bin/fm-operational-input.sh
++ cp /Users/AI/.no-mistakes/worktrees/edb446952c22/01M1EYV82B3ZA2ZEAH2A2NMK1R/bin/fm-supervision-instructions.sh /var/folders/p3/95t2_00n2jl3r2cn79bfn18h0000gp/T//fm-turnend-guard.IpXS2c/hook-claude-reused-pid-claim/bin/fm-supervision-instructions.sh
++ cp /Users/AI/.no-mistakes/worktrees/edb446952c22/01M1EYV82B3ZA2ZEAH2A2NMK1R/bin/fm-harness.sh /var/folders/p3/95t2_00n2jl3r2cn79bfn18h0000gp/T//fm-turnend-guard.IpXS2c/hook-claude-reused-pid-claim/bin/fm-harness.sh
++ cp /Users/AI/.no-mistakes/worktrees/edb446952c22/01M1EYV82B3ZA2ZEAH2A2NMK1R/bin/fm-primary-scope-lib.sh /var/folders/p3/95t2_00n2jl3r2cn79bfn18h0000gp/T//fm-turnend-guard.IpXS2c/hook-claude-reused-pid-claim/bin/fm-primary-scope-lib.sh
++ cp /Users/AI/.no-mistakes/worktrees/edb446952c22/01M1EYV82B3ZA2ZEAH2A2NMK1R/bin/fm-supervision-lib.sh /var/folders/p3/95t2_00n2jl3r2cn79bfn18h0000gp/T//fm-turnend-guard.IpXS2c/hook-claude-reused-pid-claim/bin/fm-supervision-lib.sh
++ cp /Users/AI/.no-mistakes/worktrees/edb446952c22/01M1EYV82B3ZA2ZEAH2A2NMK1R/bin/fm-wake-lib.sh /var/folders/p3/95t2_00n2jl3r2cn79bfn18h0000gp/T//fm-turnend-guard.IpXS2c/hook-claude-reused-pid-claim/bin/fm-wake-lib.sh
++ cp /Users/AI/.no-mistakes/worktrees/edb446952c22/01M1EYV82B3ZA2ZEAH2A2NMK1R/bin/fm-hook-host-lib.sh /var/folders/p3/95t2_00n2jl3r2cn79bfn18h0000gp/T//fm-turnend-guard.IpXS2c/hook-claude-reused-pid-claim/bin/fm-hook-host-lib.sh
++ cp /Users/AI/.no-mistakes/worktrees/edb446952c22/01M1EYV82B3ZA2ZEAH2A2NMK1R/bin/fm-timeout-lib.sh /var/folders/p3/95t2_00n2jl3r2cn79bfn18h0000gp/T//fm-turnend-guard.IpXS2c/hook-claude-reused-pid-claim/bin/fm-timeout-lib.sh
++ cp /Users/AI/.no-mistakes/worktrees/edb446952c22/01M1EYV82B3ZA2ZEAH2A2NMK1R/bin/fm-owner-invoke-wait-check.sh /var/folders/p3/95t2_00n2jl3r2cn79bfn18h0000gp/T//fm-turnend-guard.IpXS2c/hook-claude-reused-pid-claim/bin/fm-owner-invoke-wait-check.sh
++ mkdir -p /var/folders/p3/95t2_00n2jl3r2cn79bfn18h0000gp/T//fm-turnend-guard.IpXS2c/hook-claude-reused-pid-claim/docs
++ cp -R /Users/AI/.no-mistakes/worktrees/edb446952c22/01M1EYV82B3ZA2ZEAH2A2NMK1R/docs/supervision-protocols /var/folders/p3/95t2_00n2jl3r2cn79bfn18h0000gp/T//fm-turnend-guard.IpXS2c/hook-claude-reused-pid-claim/docs/supervision-protocols
++ chmod +x /var/folders/p3/95t2_00n2jl3r2cn79bfn18h0000gp/T//fm-turnend-guard.IpXS2c/hook-claude-reused-pid-claim/bin/fm-turnend-guard.sh /var/folders/p3/95t2_00n2jl3r2cn79bfn18h0000gp/T//fm-turnend-guard.IpXS2c/hook-claude-reused-pid-claim/bin/fm-turnend-guard-grok.sh /var/folders/p3/95t2_00n2jl3r2cn79bfn18h0000gp/T//fm-turnend-guard.IpXS2c/hook-claude-reused-pid-claim/bin/fm-operational-input.sh /var/folders/p3/95t2_00n2jl3r2cn79bfn18h0000gp/T//fm-turnend-guard.IpXS2c/hook-claude-reused-pid-claim/bin/fm-supervision-instructions.sh /var/folders/p3/95t2_00n2jl3r2cn79bfn18h0000gp/T//fm-turnend-guard.IpXS2c/hook-claude-reused-pid-claim/bin/fm-harness.sh /var/folders/p3/95t2_00n2jl3r2cn79bfn18h0000gp/T//fm-turnend-guard.IpXS2c/hook-claude-reused-pid-claim/bin/fm-owner-invoke-wait-check.sh
++ printf '%s\n' /var/folders/p3/95t2_00n2jl3r2cn79bfn18h0000gp/T//fm-turnend-guard.IpXS2c/hook-claude-reused-pid-claim
+ dir=/var/folders/p3/95t2_00n2jl3r2cn79bfn18h0000gp/T//fm-turnend-guard.IpXS2c/hook-claude-reused-pid-claim
+ :
+ :
+ pid=89954
+ record_autoarm_owner /var/folders/p3/95t2_00n2jl3r2cn79bfn18h0000gp/T//fm-turnend-guard.IpXS2c/hook-claude-reused-pid-claim 89954
+ local dir=/var/folders/p3/95t2_00n2jl3r2cn79bfn18h0000gp/T//fm-turnend-guard.IpXS2c/hook-claude-reused-pid-claim pid=89954
+ mkdir -p /var/folders/p3/95t2_00n2jl3r2cn79bfn18h0000gp/T//fm-turnend-guard.IpXS2c/hook-claude-reused-pid-claim/state/.claude-autoarm.lock
+ sleep 60
+ printf '%s\n' 89954
+ printf 'autoarm\n'
++ fm_test_pid_identity 92378
++ local pid=92378
++ FM_STATE_OVERRIDE=/var/folders/p3/95t2_00n2jl3r2cn79bfn18h0000gp/T/
++ bash -c '. "$1"; fm_pid_identity "$2"' _ /Users/AI/.no-mistakes/worktrees/edb446952c22/01M1EYV82B3ZA2ZEAH2A2NMK1R/bin/fm-wake-lib.sh 92378
+ identity='Wed Sep  2 01:11:07 2026     bash -x tests/fm-turnend-guard.test.sh'
+ printf '%s\n' 'Wed Sep  2 01:11:07 2026     bash -x tests/fm-turnend-guard.test.sh'
+ printf 'epoch=464 owner_pid=%s outcome=arming updated_at=1\n' 89954
+ touch -t 202001010000 /var/folders/p3/95t2_00n2jl3r2cn79bfn18h0000gp/T//fm-turnend-guard.IpXS2c/hook-claude-reused-pid-claim/state/.claude-autoarm-epoch
++ FM_CLAUDE_AUTOARM_SYNC_WAIT_MS=200
++ run_hook_claude /var/folders/p3/95t2_00n2jl3r2cn79bfn18h0000gp/T//fm-turnend-guard.IpXS2c/hook-claude-reused-pid-claim true
++ local dir=/var/folders/p3/95t2_00n2jl3r2cn79bfn18h0000gp/T//fm-turnend-guard.IpXS2c/hook-claude-reused-pid-claim stop_active=true home
+++ cd /var/folders/p3/95t2_00n2jl3r2cn79bfn18h0000gp/T//fm-turnend-guard.IpXS2c/hook-claude-reused-pid-claim
+++ pwd
++ home=/var/folders/p3/95t2_00n2jl3r2cn79bfn18h0000gp/T/fm-turnend-guard.IpXS2c/hook-claude-reused-pid-claim
++ printf '{"stop_hook_active":%s,"session_id":"sess-claude-mode"}' true
++ CLAUDECODE=1
++ FM_HOME=/var/folders/p3/95t2_00n2jl3r2cn79bfn18h0000gp/T/fm-turnend-guard.IpXS2c/hook-claude-reused-pid-claim
++ bash /var/folders/p3/95t2_00n2jl3r2cn79bfn18h0000gp/T//fm-turnend-guard.IpXS2c/hook-claude-reused-pid-claim/bin/fm-turnend-guard.sh --claude
+ out='●━━━━━━━━━━━━━━━━━━━━━━━━━━━━━━━━━━━━━━━━━━━━━━━━━━━━━━━━━━━━━━━━━━━━━━━
●  TURN WOULD END BLIND - SUPERVISION IS OFF
●  2 task(s) in flight, but no live watcher holds this home lock (last beat: never).
●  The Stop-owned auto-arm did not claim this home either, so recovery is NOT already under way.
●  watcher supervision needs Stop-owned automatic recovery; inspect the hook registration and startup status before ending the turn.
●━━━━━━━━━━━━━━━━━━━━━━━━━━━━━━━━━━━━━━━━━━━━━━━━━━━━━━━━━━━━━━━━━━━━━━━'
+ status=2
+ kill 89954
+ wait 89954
+ true
+ expect_code 2 2 'a claim whose recorded identity no longer matches its live pid must not pass for recovery under way'
+ local expected=2 actual=2 'label=a claim whose recorded identity no longer matches its live pid must not pass for recovery under way'
+ '[' 2 = 2 ']'
+ assert_contains '●━━━━━━━━━━━━━━━━━━━━━━━━━━━━━━━━━━━━━━━━━━━━━━━━━━━━━━━━━━━━━━━━━━━━━━━
●  TURN WOULD END BLIND - SUPERVISION IS OFF
●  2 task(s) in flight, but no live watcher holds this home lock (last beat: never).
●  The Stop-owned auto-arm did not claim this home either, so recovery is NOT already under way.
●  watcher supervision needs Stop-owned automatic recovery; inspect the hook registration and startup status before ending the turn.
●━━━━━━━━━━━━━━━━━━━━━━━━━━━━━━━━━━━━━━━━━━━━━━━━━━━━━━━━━━━━━━━━━━━━━━━' 'TURN WOULD END BLIND' 'reused-pid claim block must carry the blind-turn banner'
+ case "$1" in
+ :
+ assert_contains '●━━━━━━━━━━━━━━━━━━━━━━━━━━━━━━━━━━━━━━━━━━━━━━━━━━━━━━━━━━━━━━━━━━━━━━━
●  TURN WOULD END BLIND - SUPERVISION IS OFF
●  2 task(s) in flight, but no live watcher holds this home lock (last beat: never).
●  The Stop-owned auto-arm did not claim this home either, so recovery is NOT already under way.
●  watcher supervision needs Stop-owned automatic recovery; inspect the hook registration and startup status before ending the turn.
●━━━━━━━━━━━━━━━━━━━━━━━━━━━━━━━━━━━━━━━━━━━━━━━━━━━━━━━━━━━━━━━━━━━━━━━' '2 task(s) in flight' 'reused-pid claim block must name the unsupervised work'
+ case "$1" in
+ :
+ pass 'fm-turnend-guard --claude: a claim whose pid was reused stops counting as recovery even while its entry reads arming'
+ printf 'ok - %s\n' 'fm-turnend-guard --claude: a claim whose pid was reused stops counting as recovery even while its entry reads arming'
ok - fm-turnend-guard --claude: a claim whose pid was reused stops counting as recovery even while its entry reads arming
+ test_hook_claude_mode_terminal_fail_open_clears_abandoned_claim
+ local dir out status pid
++ make_primary_dir /var/folders/p3/95t2_00n2jl3r2cn79bfn18h0000gp/T//fm-turnend-guard.IpXS2c/hook-claude-abandoned-terminal
++ local dir=/var/folders/p3/95t2_00n2jl3r2cn79bfn18h0000gp/T//fm-turnend-guard.IpXS2c/hook-claude-abandoned-terminal
++ mkdir -p /var/folders/p3/95t2_00n2jl3r2cn79bfn18h0000gp/T//fm-turnend-guard.IpXS2c/hook-claude-abandoned-terminal/state
++ git init -q /var/folders/p3/95t2_00n2jl3r2cn79bfn18h0000gp/T//fm-turnend-guard.IpXS2c/hook-claude-abandoned-terminal
++ git -C /var/folders/p3/95t2_00n2jl3r2cn79bfn18h0000gp/T//fm-turnend-guard.IpXS2c/hook-claude-abandoned-terminal commit -q --allow-empty -m init
++ :
++ install_guard_scripts /var/folders/p3/95t2_00n2jl3r2cn79bfn18h0000gp/T//fm-turnend-guard.IpXS2c/hook-claude-abandoned-terminal
++ local dir=/var/folders/p3/95t2_00n2jl3r2cn79bfn18h0000gp/T//fm-turnend-guard.IpXS2c/hook-claude-abandoned-terminal
++ mkdir -p /var/folders/p3/95t2_00n2jl3r2cn79bfn18h0000gp/T//fm-turnend-guard.IpXS2c/hook-claude-abandoned-terminal/bin
++ cp /Users/AI/.no-mistakes/worktrees/edb446952c22/01M1EYV82B3ZA2ZEAH2A2NMK1R/bin/fm-turnend-guard.sh /var/folders/p3/95t2_00n2jl3r2cn79bfn18h0000gp/T//fm-turnend-guard.IpXS2c/hook-claude-abandoned-terminal/bin/fm-turnend-guard.sh
++ cp /Users/AI/.no-mistakes/worktrees/edb446952c22/01M1EYV82B3ZA2ZEAH2A2NMK1R/bin/fm-turnend-guard-grok.sh /var/folders/p3/95t2_00n2jl3r2cn79bfn18h0000gp/T//fm-turnend-guard.IpXS2c/hook-claude-abandoned-terminal/bin/fm-turnend-guard-grok.sh
++ cp /Users/AI/.no-mistakes/worktrees/edb446952c22/01M1EYV82B3ZA2ZEAH2A2NMK1R/bin/fm-operational-input.sh /var/folders/p3/95t2_00n2jl3r2cn79bfn18h0000gp/T//fm-turnend-guard.IpXS2c/hook-claude-abandoned-terminal/bin/fm-operational-input.sh
++ cp /Users/AI/.no-mistakes/worktrees/edb446952c22/01M1EYV82B3ZA2ZEAH2A2NMK1R/bin/fm-supervision-instructions.sh /var/folders/p3/95t2_00n2jl3r2cn79bfn18h0000gp/T//fm-turnend-guard.IpXS2c/hook-claude-abandoned-terminal/bin/fm-supervision-instructions.sh
++ cp /Users/AI/.no-mistakes/worktrees/edb446952c22/01M1EYV82B3ZA2ZEAH2A2NMK1R/bin/fm-harness.sh /var/folders/p3/95t2_00n2jl3r2cn79bfn18h0000gp/T//fm-turnend-guard.IpXS2c/hook-claude-abandoned-terminal/bin/fm-harness.sh
++ cp /Users/AI/.no-mistakes/worktrees/edb446952c22/01M1EYV82B3ZA2ZEAH2A2NMK1R/bin/fm-primary-scope-lib.sh /var/folders/p3/95t2_00n2jl3r2cn79bfn18h0000gp/T//fm-turnend-guard.IpXS2c/hook-claude-abandoned-terminal/bin/fm-primary-scope-lib.sh
++ cp /Users/AI/.no-mistakes/worktrees/edb446952c22/01M1EYV82B3ZA2ZEAH2A2NMK1R/bin/fm-supervision-lib.sh /var/folders/p3/95t2_00n2jl3r2cn79bfn18h0000gp/T//fm-turnend-guard.IpXS2c/hook-claude-abandoned-terminal/bin/fm-supervision-lib.sh
++ cp /Users/AI/.no-mistakes/worktrees/edb446952c22/01M1EYV82B3ZA2ZEAH2A2NMK1R/bin/fm-wake-lib.sh /var/folders/p3/95t2_00n2jl3r2cn79bfn18h0000gp/T//fm-turnend-guard.IpXS2c/hook-claude-abandoned-terminal/bin/fm-wake-lib.sh
++ cp /Users/AI/.no-mistakes/worktrees/edb446952c22/01M1EYV82B3ZA2ZEAH2A2NMK1R/bin/fm-hook-host-lib.sh /var/folders/p3/95t2_00n2jl3r2cn79bfn18h0000gp/T//fm-turnend-guard.IpXS2c/hook-claude-abandoned-terminal/bin/fm-hook-host-lib.sh
++ cp /Users/AI/.no-mistakes/worktrees/edb446952c22/01M1EYV82B3ZA2ZEAH2A2NMK1R/bin/fm-timeout-lib.sh /var/folders/p3/95t2_00n2jl3r2cn79bfn18h0000gp/T//fm-turnend-guard.IpXS2c/hook-claude-abandoned-terminal/bin/fm-timeout-lib.sh
++ cp /Users/AI/.no-mistakes/worktrees/edb446952c22/01M1EYV82B3ZA2ZEAH2A2NMK1R/bin/fm-owner-invoke-wait-check.sh /var/folders/p3/95t2_00n2jl3r2cn79bfn18h0000gp/T//fm-turnend-guard.IpXS2c/hook-claude-abandoned-terminal/bin/fm-owner-invoke-wait-check.sh
++ mkdir -p /var/folders/p3/95t2_00n2jl3r2cn79bfn18h0000gp/T//fm-turnend-guard.IpXS2c/hook-claude-abandoned-terminal/docs
++ cp -R /Users/AI/.no-mistakes/worktrees/edb446952c22/01M1EYV82B3ZA2ZEAH2A2NMK1R/docs/supervision-protocols /var/folders/p3/95t2_00n2jl3r2cn79bfn18h0000gp/T//fm-turnend-guard.IpXS2c/hook-claude-abandoned-terminal/docs/supervision-protocols
++ chmod +x /var/folders/p3/95t2_00n2jl3r2cn79bfn18h0000gp/T//fm-turnend-guard.IpXS2c/hook-claude-abandoned-terminal/bin/fm-turnend-guard.sh /var/folders/p3/95t2_00n2jl3r2cn79bfn18h0000gp/T//fm-turnend-guard.IpXS2c/hook-claude-abandoned-terminal/bin/fm-turnend-guard-grok.sh /var/folders/p3/95t2_00n2jl3r2cn79bfn18h0000gp/T//fm-turnend-guard.IpXS2c/hook-claude-abandoned-terminal/bin/fm-operational-input.sh /var/folders/p3/95t2_00n2jl3r2cn79bfn18h0000gp/T//fm-turnend-guard.IpXS2c/hook-claude-abandoned-terminal/bin/fm-supervision-instructions.sh /var/folders/p3/95t2_00n2jl3r2cn79bfn18h0000gp/T//fm-turnend-guard.IpXS2c/hook-claude-abandoned-terminal/bin/fm-harness.sh /var/folders/p3/95t2_00n2jl3r2cn79bfn18h0000gp/T//fm-turnend-guard.IpXS2c/hook-claude-abandoned-terminal/bin/fm-owner-invoke-wait-check.sh
++ printf '%s\n' /var/folders/p3/95t2_00n2jl3r2cn79bfn18h0000gp/T//fm-turnend-guard.IpXS2c/hook-claude-abandoned-terminal
+ dir=/var/folders/p3/95t2_00n2jl3r2cn79bfn18h0000gp/T//fm-turnend-guard.IpXS2c/hook-claude-abandoned-terminal
+ :
+ :
+ seed_claude_budget /var/folders/p3/95t2_00n2jl3r2cn79bfn18h0000gp/T//fm-turnend-guard.IpXS2c/hook-claude-abandoned-terminal 4 3
+ local dir=/var/folders/p3/95t2_00n2jl3r2cn79bfn18h0000gp/T//fm-turnend-guard.IpXS2c/hook-claude-abandoned-terminal count=4 epoch=3
+ printf 'session=sess-claude-mode\ncount=%s\nepoch=%s\n' 4 3
+ pid=93152
+ record_autoarm_owner /var/folders/p3/95t2_00n2jl3r2cn79bfn18h0000gp/T//fm-turnend-guard.IpXS2c/hook-claude-abandoned-terminal 93152
+ local dir=/var/folders/p3/95t2_00n2jl3r2cn79bfn18h0000gp/T//fm-turnend-guard.IpXS2c/hook-claude-abandoned-terminal pid=93152
+ sleep 60
+ mkdir -p /var/folders/p3/95t2_00n2jl3r2cn79bfn18h0000gp/T//fm-turnend-guard.IpXS2c/hook-claude-abandoned-terminal/state/.claude-autoarm.lock
+ printf '%s\n' 93152
+ printf 'autoarm\n'
+ printf 'epoch=3 owner_pid=%s outcome=failed-suppressed updated_at=1\n' 93152
+ touch -t 202001010000 /var/folders/p3/95t2_00n2jl3r2cn79bfn18h0000gp/T//fm-turnend-guard.IpXS2c/hook-claude-abandoned-terminal/state/.claude-autoarm-epoch
++ FM_CLAUDE_AUTOARM_SYNC_WAIT_MS=200
++ run_hook_claude /var/folders/p3/95t2_00n2jl3r2cn79bfn18h0000gp/T//fm-turnend-guard.IpXS2c/hook-claude-abandoned-terminal true
++ local dir=/var/folders/p3/95t2_00n2jl3r2cn79bfn18h0000gp/T//fm-turnend-guard.IpXS2c/hook-claude-abandoned-terminal stop_active=true home
+++ cd /var/folders/p3/95t2_00n2jl3r2cn79bfn18h0000gp/T//fm-turnend-guard.IpXS2c/hook-claude-abandoned-terminal
+++ pwd
++ home=/var/folders/p3/95t2_00n2jl3r2cn79bfn18h0000gp/T/fm-turnend-guard.IpXS2c/hook-claude-abandoned-terminal
++ printf '{"stop_hook_active":%s,"session_id":"sess-claude-mode"}' true
++ CLAUDECODE=1
++ FM_HOME=/var/folders/p3/95t2_00n2jl3r2cn79bfn18h0000gp/T/fm-turnend-guard.IpXS2c/hook-claude-abandoned-terminal
++ bash /var/folders/p3/95t2_00n2jl3r2cn79bfn18h0000gp/T//fm-turnend-guard.IpXS2c/hook-claude-abandoned-terminal/bin/fm-turnend-guard.sh --claude
+ out='{"systemMessage":"FIRSTMATE SUPERVISION IS GENUINELY DOWN: 1 task(s) in flight, the Stop-owned auto-arm exhausted its bounded retries and one failure notice, no watcher or automatic continuation exists, and the block budget is exhausted. Keep this session attended and diagnose the automatic Stop-hook and watcher startup before relying on unattended supervision."}'
+ status=0
+ kill 93152
+ wait 93152
+ true
+ expect_code 0 0 'the verified attended fail-open still ends the turn once it is spent'
+ local expected=0 actual=0 'label=the verified attended fail-open still ends the turn once it is spent'
+ '[' 0 = 0 ']'
+ assert_contains '{"systemMessage":"FIRSTMATE SUPERVISION IS GENUINELY DOWN: 1 task(s) in flight, the Stop-owned auto-arm exhausted its bounded retries and one failure notice, no watcher or automatic continuation exists, and the block budget is exhausted. Keep this session attended and diagnose the automatic Stop-hook and watcher startup before relying on unattended supervision."}' 'FIRSTMATE SUPERVISION IS GENUINELY DOWN' 'an abandoned claim suppressed the episode'\''s attended alarm'
+ case "$1" in
+ :
+ assert_present /var/folders/p3/95t2_00n2jl3r2cn79bfn18h0000gp/T//fm-turnend-guard.IpXS2c/hook-claude-abandoned-terminal/state/.claude-autoarm-failure-alarmed 'abandoned-claim terminal path did not consume the one-time alarm'
+ '[' -e /var/folders/p3/95t2_00n2jl3r2cn79bfn18h0000gp/T//fm-turnend-guard.IpXS2c/hook-claude-abandoned-terminal/state/.claude-autoarm-failure-alarmed ']'
+ assert_absent /var/folders/p3/95t2_00n2jl3r2cn79bfn18h0000gp/T//fm-turnend-guard.IpXS2c/hook-claude-abandoned-terminal/state/.claude-autoarm.lock 'abandoned-claim terminal path left the stale claim in place'
+ '[' '!' -e /var/folders/p3/95t2_00n2jl3r2cn79bfn18h0000gp/T//fm-turnend-guard.IpXS2c/hook-claude-abandoned-terminal/state/.claude-autoarm.lock ']'
+ assert_absent /var/folders/p3/95t2_00n2jl3r2cn79bfn18h0000gp/T//fm-turnend-guard.IpXS2c/hook-claude-abandoned-terminal/state/.claude-autoarm.lock.steal 'abandoned-claim reclaim left its serialization mutex behind'
+ '[' '!' -e /var/folders/p3/95t2_00n2jl3r2cn79bfn18h0000gp/T//fm-turnend-guard.IpXS2c/hook-claude-abandoned-terminal/state/.claude-autoarm.lock.steal ']'
+ pass 'fm-turnend-guard --claude: the terminal path clears an abandoned claim instead of stepping aside silently'
+ printf 'ok - %s\n' 'fm-turnend-guard --claude: the terminal path clears an abandoned claim instead of stepping aside silently'
ok - fm-turnend-guard --claude: the terminal path clears an abandoned claim instead of stepping aside silently
+ test_hook_claude_mode_preserves_fresh_failed_progression
+ local dir out status count
++ make_primary_dir /var/folders/p3/95t2_00n2jl3r2cn79bfn18h0000gp/T//fm-turnend-guard.IpXS2c/hook-claude-failed-epoch
++ local dir=/var/folders/p3/95t2_00n2jl3r2cn79bfn18h0000gp/T//fm-turnend-guard.IpXS2c/hook-claude-failed-epoch
++ mkdir -p /var/folders/p3/95t2_00n2jl3r2cn79bfn18h0000gp/T//fm-turnend-guard.IpXS2c/hook-claude-failed-epoch/state
++ git init -q /var/folders/p3/95t2_00n2jl3r2cn79bfn18h0000gp/T//fm-turnend-guard.IpXS2c/hook-claude-failed-epoch
++ git -C /var/folders/p3/95t2_00n2jl3r2cn79bfn18h0000gp/T//fm-turnend-guard.IpXS2c/hook-claude-failed-epoch commit -q --allow-empty -m init
++ :
++ install_guard_scripts /var/folders/p3/95t2_00n2jl3r2cn79bfn18h0000gp/T//fm-turnend-guard.IpXS2c/hook-claude-failed-epoch
++ local dir=/var/folders/p3/95t2_00n2jl3r2cn79bfn18h0000gp/T//fm-turnend-guard.IpXS2c/hook-claude-failed-epoch
++ mkdir -p /var/folders/p3/95t2_00n2jl3r2cn79bfn18h0000gp/T//fm-turnend-guard.IpXS2c/hook-claude-failed-epoch/bin
++ cp /Users/AI/.no-mistakes/worktrees/edb446952c22/01M1EYV82B3ZA2ZEAH2A2NMK1R/bin/fm-turnend-guard.sh /var/folders/p3/95t2_00n2jl3r2cn79bfn18h0000gp/T//fm-turnend-guard.IpXS2c/hook-claude-failed-epoch/bin/fm-turnend-guard.sh
++ cp /Users/AI/.no-mistakes/worktrees/edb446952c22/01M1EYV82B3ZA2ZEAH2A2NMK1R/bin/fm-turnend-guard-grok.sh /var/folders/p3/95t2_00n2jl3r2cn79bfn18h0000gp/T//fm-turnend-guard.IpXS2c/hook-claude-failed-epoch/bin/fm-turnend-guard-grok.sh
++ cp /Users/AI/.no-mistakes/worktrees/edb446952c22/01M1EYV82B3ZA2ZEAH2A2NMK1R/bin/fm-operational-input.sh /var/folders/p3/95t2_00n2jl3r2cn79bfn18h0000gp/T//fm-turnend-guard.IpXS2c/hook-claude-failed-epoch/bin/fm-operational-input.sh
++ cp /Users/AI/.no-mistakes/worktrees/edb446952c22/01M1EYV82B3ZA2ZEAH2A2NMK1R/bin/fm-supervision-instructions.sh /var/folders/p3/95t2_00n2jl3r2cn79bfn18h0000gp/T//fm-turnend-guard.IpXS2c/hook-claude-failed-epoch/bin/fm-supervision-instructions.sh
++ cp /Users/AI/.no-mistakes/worktrees/edb446952c22/01M1EYV82B3ZA2ZEAH2A2NMK1R/bin/fm-harness.sh /var/folders/p3/95t2_00n2jl3r2cn79bfn18h0000gp/T//fm-turnend-guard.IpXS2c/hook-claude-failed-epoch/bin/fm-harness.sh
++ cp /Users/AI/.no-mistakes/worktrees/edb446952c22/01M1EYV82B3ZA2ZEAH2A2NMK1R/bin/fm-primary-scope-lib.sh /var/folders/p3/95t2_00n2jl3r2cn79bfn18h0000gp/T//fm-turnend-guard.IpXS2c/hook-claude-failed-epoch/bin/fm-primary-scope-lib.sh
++ cp /Users/AI/.no-mistakes/worktrees/edb446952c22/01M1EYV82B3ZA2ZEAH2A2NMK1R/bin/fm-supervision-lib.sh /var/folders/p3/95t2_00n2jl3r2cn79bfn18h0000gp/T//fm-turnend-guard.IpXS2c/hook-claude-failed-epoch/bin/fm-supervision-lib.sh
++ cp /Users/AI/.no-mistakes/worktrees/edb446952c22/01M1EYV82B3ZA2ZEAH2A2NMK1R/bin/fm-wake-lib.sh /var/folders/p3/95t2_00n2jl3r2cn79bfn18h0000gp/T//fm-turnend-guard.IpXS2c/hook-claude-failed-epoch/bin/fm-wake-lib.sh
++ cp /Users/AI/.no-mistakes/worktrees/edb446952c22/01M1EYV82B3ZA2ZEAH2A2NMK1R/bin/fm-hook-host-lib.sh /var/folders/p3/95t2_00n2jl3r2cn79bfn18h0000gp/T//fm-turnend-guard.IpXS2c/hook-claude-failed-epoch/bin/fm-hook-host-lib.sh
++ cp /Users/AI/.no-mistakes/worktrees/edb446952c22/01M1EYV82B3ZA2ZEAH2A2NMK1R/bin/fm-timeout-lib.sh /var/folders/p3/95t2_00n2jl3r2cn79bfn18h0000gp/T//fm-turnend-guard.IpXS2c/hook-claude-failed-epoch/bin/fm-timeout-lib.sh
++ cp /Users/AI/.no-mistakes/worktrees/edb446952c22/01M1EYV82B3ZA2ZEAH2A2NMK1R/bin/fm-owner-invoke-wait-check.sh /var/folders/p3/95t2_00n2jl3r2cn79bfn18h0000gp/T//fm-turnend-guard.IpXS2c/hook-claude-failed-epoch/bin/fm-owner-invoke-wait-check.sh
++ mkdir -p /var/folders/p3/95t2_00n2jl3r2cn79bfn18h0000gp/T//fm-turnend-guard.IpXS2c/hook-claude-failed-epoch/docs
++ cp -R /Users/AI/.no-mistakes/worktrees/edb446952c22/01M1EYV82B3ZA2ZEAH2A2NMK1R/docs/supervision-protocols /var/folders/p3/95t2_00n2jl3r2cn79bfn18h0000gp/T//fm-turnend-guard.IpXS2c/hook-claude-failed-epoch/docs/supervision-protocols
++ chmod +x /var/folders/p3/95t2_00n2jl3r2cn79bfn18h0000gp/T//fm-turnend-guard.IpXS2c/hook-claude-failed-epoch/bin/fm-turnend-guard.sh /var/folders/p3/95t2_00n2jl3r2cn79bfn18h0000gp/T//fm-turnend-guard.IpXS2c/hook-claude-failed-epoch/bin/fm-turnend-guard-grok.sh /var/folders/p3/95t2_00n2jl3r2cn79bfn18h0000gp/T//fm-turnend-guard.IpXS2c/hook-claude-failed-epoch/bin/fm-operational-input.sh /var/folders/p3/95t2_00n2jl3r2cn79bfn18h0000gp/T//fm-turnend-guard.IpXS2c/hook-claude-failed-epoch/bin/fm-supervision-instructions.sh /var/folders/p3/95t2_00n2jl3r2cn79bfn18h0000gp/T//fm-turnend-guard.IpXS2c/hook-claude-failed-epoch/bin/fm-harness.sh /var/folders/p3/95t2_00n2jl3r2cn79bfn18h0000gp/T//fm-turnend-guard.IpXS2c/hook-claude-failed-epoch/bin/fm-owner-invoke-wait-check.sh
++ printf '%s\n' /var/folders/p3/95t2_00n2jl3r2cn79bfn18h0000gp/T//fm-turnend-guard.IpXS2c/hook-claude-failed-epoch
+ dir=/var/folders/p3/95t2_00n2jl3r2cn79bfn18h0000gp/T//fm-turnend-guard.IpXS2c/hook-claude-failed-epoch
+ :
+ :
++ date +%s
+ printf 'epoch=3 owner_pid=999 outcome=failed updated_at=%s\n' 1788282709
++ run_hook_claude /var/folders/p3/95t2_00n2jl3r2cn79bfn18h0000gp/T//fm-turnend-guard.IpXS2c/hook-claude-failed-epoch true
++ local dir=/var/folders/p3/95t2_00n2jl3r2cn79bfn18h0000gp/T//fm-turnend-guard.IpXS2c/hook-claude-failed-epoch stop_active=true home
+++ cd /var/folders/p3/95t2_00n2jl3r2cn79bfn18h0000gp/T//fm-turnend-guard.IpXS2c/hook-claude-failed-epoch
+++ pwd
++ home=/var/folders/p3/95t2_00n2jl3r2cn79bfn18h0000gp/T/fm-turnend-guard.IpXS2c/hook-claude-failed-epoch
++ printf '{"stop_hook_active":%s,"session_id":"sess-claude-mode"}' true
++ CLAUDECODE=1
++ FM_HOME=/var/folders/p3/95t2_00n2jl3r2cn79bfn18h0000gp/T/fm-turnend-guard.IpXS2c/hook-claude-failed-epoch
++ bash /var/folders/p3/95t2_00n2jl3r2cn79bfn18h0000gp/T//fm-turnend-guard.IpXS2c/hook-claude-failed-epoch/bin/fm-turnend-guard.sh --claude
+ out=
+ status=0
+ expect_code 0 0 'the first fresh failed epoch must count as its automatic continuation'
+ local expected=0 actual=0 'label=the first fresh failed epoch must count as its automatic continuation'
+ '[' 0 = 0 ']'
+ '[' -z '' ']'
+ assert_present /var/folders/p3/95t2_00n2jl3r2cn79bfn18h0000gp/T//fm-turnend-guard.IpXS2c/hook-claude-failed-epoch/state/.turnend-claude-blocks 'fresh failed epoch did not preserve bounded progression'
+ '[' -e /var/folders/p3/95t2_00n2jl3r2cn79bfn18h0000gp/T//fm-turnend-guard.IpXS2c/hook-claude-failed-epoch/state/.turnend-claude-blocks ']'
++ sed -n '2s/^count=//p' /var/folders/p3/95t2_00n2jl3r2cn79bfn18h0000gp/T//fm-turnend-guard.IpXS2c/hook-claude-failed-epoch/state/.turnend-claude-blocks
+ count=0
+ '[' 0 = 0 ']'
++ date +%s
+ printf 'epoch=4 owner_pid=999 outcome=failed-suppressed updated_at=%s\n' 1788282710
++ run_hook_claude /var/folders/p3/95t2_00n2jl3r2cn79bfn18h0000gp/T//fm-turnend-guard.IpXS2c/hook-claude-failed-epoch true
++ local dir=/var/folders/p3/95t2_00n2jl3r2cn79bfn18h0000gp/T//fm-turnend-guard.IpXS2c/hook-claude-failed-epoch stop_active=true home
+++ cd /var/folders/p3/95t2_00n2jl3r2cn79bfn18h0000gp/T//fm-turnend-guard.IpXS2c/hook-claude-failed-epoch
+++ pwd
++ home=/var/folders/p3/95t2_00n2jl3r2cn79bfn18h0000gp/T/fm-turnend-guard.IpXS2c/hook-claude-failed-epoch
++ printf '{"stop_hook_active":%s,"session_id":"sess-claude-mode"}' true
++ CLAUDECODE=1
++ FM_HOME=/var/folders/p3/95t2_00n2jl3r2cn79bfn18h0000gp/T/fm-turnend-guard.IpXS2c/hook-claude-failed-epoch
++ bash /var/folders/p3/95t2_00n2jl3r2cn79bfn18h0000gp/T//fm-turnend-guard.IpXS2c/hook-claude-failed-epoch/bin/fm-turnend-guard.sh --claude
+ out='●━━━━━━━━━━━━━━━━━━━━━━━━━━━━━━━━━━━━━━━━━━━━━━━━━━━━━━━━━━━━━━━━━━━━━━━
●  TURN WOULD END BLIND - SUPERVISION IS OFF
●  1 task(s) in flight, but no live watcher holds this home lock (last beat: never).
●  The Stop-owned auto-arm did not claim this home either, so recovery is NOT already under way.
●  watcher supervision needs Stop-owned automatic recovery; inspect the hook registration and startup status before ending the turn.
●━━━━━━━━━━━━━━━━━━━━━━━━━━━━━━━━━━━━━━━━━━━━━━━━━━━━━━━━━━━━━━━━━━━━━━━'
+ status=2
+ expect_code 2 2 'a later fresh failed epoch must consume the bounded progression'
+ local expected=2 actual=2 'label=a later fresh failed epoch must consume the bounded progression'
+ '[' 2 = 2 ']'
+ assert_absent /var/folders/p3/95t2_00n2jl3r2cn79bfn18h0000gp/T//fm-turnend-guard.IpXS2c/hook-claude-failed-epoch/state/.claude-autoarm-failure-alarmed 'fresh failure progression emitted the attended fail-open alarm too early'
+ '[' '!' -e /var/folders/p3/95t2_00n2jl3r2cn79bfn18h0000gp/T//fm-turnend-guard.IpXS2c/hook-claude-failed-epoch/state/.claude-autoarm-failure-alarmed ']'
++ sed -n '2s/^count=//p' /var/folders/p3/95t2_00n2jl3r2cn79bfn18h0000gp/T//fm-turnend-guard.IpXS2c/hook-claude-failed-epoch/state/.turnend-claude-blocks
+ count=1
+ '[' 1 = 1 ']'
+ pass 'fm-turnend-guard --claude: fresh failed epochs preserve and advance monotonic fail-open progression'
+ printf 'ok - %s\n' 'fm-turnend-guard --claude: fresh failed epochs preserve and advance monotonic fail-open progression'
ok - fm-turnend-guard --claude: fresh failed epochs preserve and advance monotonic fail-open progression
+ test_hook_claude_mode_integrated_monotonic_fail_open
+ local dir out status guard_out guard_status i pid identity count
++ make_primary_dir /var/folders/p3/95t2_00n2jl3r2cn79bfn18h0000gp/T//fm-turnend-guard.IpXS2c/hook-claude-integrated-fail-open
++ local dir=/var/folders/p3/95t2_00n2jl3r2cn79bfn18h0000gp/T//fm-turnend-guard.IpXS2c/hook-claude-integrated-fail-open
++ mkdir -p /var/folders/p3/95t2_00n2jl3r2cn79bfn18h0000gp/T//fm-turnend-guard.IpXS2c/hook-claude-integrated-fail-open/state
++ git init -q /var/folders/p3/95t2_00n2jl3r2cn79bfn18h0000gp/T//fm-turnend-guard.IpXS2c/hook-claude-integrated-fail-open
++ git -C /var/folders/p3/95t2_00n2jl3r2cn79bfn18h0000gp/T//fm-turnend-guard.IpXS2c/hook-claude-integrated-fail-open commit -q --allow-empty -m init
++ :
++ install_guard_scripts /var/folders/p3/95t2_00n2jl3r2cn79bfn18h0000gp/T//fm-turnend-guard.IpXS2c/hook-claude-integrated-fail-open
++ local dir=/var/folders/p3/95t2_00n2jl3r2cn79bfn18h0000gp/T//fm-turnend-guard.IpXS2c/hook-claude-integrated-fail-open
++ mkdir -p /var/folders/p3/95t2_00n2jl3r2cn79bfn18h0000gp/T//fm-turnend-guard.IpXS2c/hook-claude-integrated-fail-open/bin
++ cp /Users/AI/.no-mistakes/worktrees/edb446952c22/01M1EYV82B3ZA2ZEAH2A2NMK1R/bin/fm-turnend-guard.sh /var/folders/p3/95t2_00n2jl3r2cn79bfn18h0000gp/T//fm-turnend-guard.IpXS2c/hook-claude-integrated-fail-open/bin/fm-turnend-guard.sh
++ cp /Users/AI/.no-mistakes/worktrees/edb446952c22/01M1EYV82B3ZA2ZEAH2A2NMK1R/bin/fm-turnend-guard-grok.sh /var/folders/p3/95t2_00n2jl3r2cn79bfn18h0000gp/T//fm-turnend-guard.IpXS2c/hook-claude-integrated-fail-open/bin/fm-turnend-guard-grok.sh
++ cp /Users/AI/.no-mistakes/worktrees/edb446952c22/01M1EYV82B3ZA2ZEAH2A2NMK1R/bin/fm-operational-input.sh /var/folders/p3/95t2_00n2jl3r2cn79bfn18h0000gp/T//fm-turnend-guard.IpXS2c/hook-claude-integrated-fail-open/bin/fm-operational-input.sh
++ cp /Users/AI/.no-mistakes/worktrees/edb446952c22/01M1EYV82B3ZA2ZEAH2A2NMK1R/bin/fm-supervision-instructions.sh /var/folders/p3/95t2_00n2jl3r2cn79bfn18h0000gp/T//fm-turnend-guard.IpXS2c/hook-claude-integrated-fail-open/bin/fm-supervision-instructions.sh
++ cp /Users/AI/.no-mistakes/worktrees/edb446952c22/01M1EYV82B3ZA2ZEAH2A2NMK1R/bin/fm-harness.sh /var/folders/p3/95t2_00n2jl3r2cn79bfn18h0000gp/T//fm-turnend-guard.IpXS2c/hook-claude-integrated-fail-open/bin/fm-harness.sh
++ cp /Users/AI/.no-mistakes/worktrees/edb446952c22/01M1EYV82B3ZA2ZEAH2A2NMK1R/bin/fm-primary-scope-lib.sh /var/folders/p3/95t2_00n2jl3r2cn79bfn18h0000gp/T//fm-turnend-guard.IpXS2c/hook-claude-integrated-fail-open/bin/fm-primary-scope-lib.sh
++ cp /Users/AI/.no-mistakes/worktrees/edb446952c22/01M1EYV82B3ZA2ZEAH2A2NMK1R/bin/fm-supervision-lib.sh /var/folders/p3/95t2_00n2jl3r2cn79bfn18h0000gp/T//fm-turnend-guard.IpXS2c/hook-claude-integrated-fail-open/bin/fm-supervision-lib.sh
++ cp /Users/AI/.no-mistakes/worktrees/edb446952c22/01M1EYV82B3ZA2ZEAH2A2NMK1R/bin/fm-wake-lib.sh /var/folders/p3/95t2_00n2jl3r2cn79bfn18h0000gp/T//fm-turnend-guard.IpXS2c/hook-claude-integrated-fail-open/bin/fm-wake-lib.sh
++ cp /Users/AI/.no-mistakes/worktrees/edb446952c22/01M1EYV82B3ZA2ZEAH2A2NMK1R/bin/fm-hook-host-lib.sh /var/folders/p3/95t2_00n2jl3r2cn79bfn18h0000gp/T//fm-turnend-guard.IpXS2c/hook-claude-integrated-fail-open/bin/fm-hook-host-lib.sh
++ cp /Users/AI/.no-mistakes/worktrees/edb446952c22/01M1EYV82B3ZA2ZEAH2A2NMK1R/bin/fm-timeout-lib.sh /var/folders/p3/95t2_00n2jl3r2cn79bfn18h0000gp/T//fm-turnend-guard.IpXS2c/hook-claude-integrated-fail-open/bin/fm-timeout-lib.sh
++ cp /Users/AI/.no-mistakes/worktrees/edb446952c22/01M1EYV82B3ZA2ZEAH2A2NMK1R/bin/fm-owner-invoke-wait-check.sh /var/folders/p3/95t2_00n2jl3r2cn79bfn18h0000gp/T//fm-turnend-guard.IpXS2c/hook-claude-integrated-fail-open/bin/fm-owner-invoke-wait-check.sh
++ mkdir -p /var/folders/p3/95t2_00n2jl3r2cn79bfn18h0000gp/T//fm-turnend-guard.IpXS2c/hook-claude-integrated-fail-open/docs
++ cp -R /Users/AI/.no-mistakes/worktrees/edb446952c22/01M1EYV82B3ZA2ZEAH2A2NMK1R/docs/supervision-protocols /var/folders/p3/95t2_00n2jl3r2cn79bfn18h0000gp/T//fm-turnend-guard.IpXS2c/hook-claude-integrated-fail-open/docs/supervision-protocols
++ chmod +x /var/folders/p3/95t2_00n2jl3r2cn79bfn18h0000gp/T//fm-turnend-guard.IpXS2c/hook-claude-integrated-fail-open/bin/fm-turnend-guard.sh /var/folders/p3/95t2_00n2jl3r2cn79bfn18h0000gp/T//fm-turnend-guard.IpXS2c/hook-claude-integrated-fail-open/bin/fm-turnend-guard-grok.sh /var/folders/p3/95t2_00n2jl3r2cn79bfn18h0000gp/T//fm-turnend-guard.IpXS2c/hook-claude-integrated-fail-open/bin/fm-operational-input.sh /var/folders/p3/95t2_00n2jl3r2cn79bfn18h0000gp/T//fm-turnend-guard.IpXS2c/hook-claude-integrated-fail-open/bin/fm-supervision-instructions.sh /var/folders/p3/95t2_00n2jl3r2cn79bfn18h0000gp/T//fm-turnend-guard.IpXS2c/hook-claude-integrated-fail-open/bin/fm-harness.sh /var/folders/p3/95t2_00n2jl3r2cn79bfn18h0000gp/T//fm-turnend-guard.IpXS2c/hook-claude-integrated-fail-open/bin/fm-owner-invoke-wait-check.sh
++ printf '%s\n' /var/folders/p3/95t2_00n2jl3r2cn79bfn18h0000gp/T//fm-turnend-guard.IpXS2c/hook-claude-integrated-fail-open
+ dir=/var/folders/p3/95t2_00n2jl3r2cn79bfn18h0000gp/T//fm-turnend-guard.IpXS2c/hook-claude-integrated-fail-open
+ :
+ install_integrated_autoarm /var/folders/p3/95t2_00n2jl3r2cn79bfn18h0000gp/T//fm-turnend-guard.IpXS2c/hook-claude-integrated-fail-open
+ local dir=/var/folders/p3/95t2_00n2jl3r2cn79bfn18h0000gp/T//fm-turnend-guard.IpXS2c/hook-claude-integrated-fail-open
+ cp /Users/AI/.no-mistakes/worktrees/edb446952c22/01M1EYV82B3ZA2ZEAH2A2NMK1R/bin/fm-claude-stop-autoarm.sh /var/folders/p3/95t2_00n2jl3r2cn79bfn18h0000gp/T//fm-turnend-guard.IpXS2c/hook-claude-integrated-fail-open/bin/fm-claude-stop-autoarm.sh
+ cp /Users/AI/.no-mistakes/worktrees/edb446952c22/01M1EYV82B3ZA2ZEAH2A2NMK1R/bin/fm-primary-scope-lib.sh /var/folders/p3/95t2_00n2jl3r2cn79bfn18h0000gp/T//fm-turnend-guard.IpXS2c/hook-claude-integrated-fail-open/bin/fm-primary-scope-lib.sh
+ cp /Users/AI/.no-mistakes/worktrees/edb446952c22/01M1EYV82B3ZA2ZEAH2A2NMK1R/bin/fm-supervision-lib.sh /var/folders/p3/95t2_00n2jl3r2cn79bfn18h0000gp/T//fm-turnend-guard.IpXS2c/hook-claude-integrated-fail-open/bin/fm-supervision-lib.sh
+ cp /Users/AI/.no-mistakes/worktrees/edb446952c22/01M1EYV82B3ZA2ZEAH2A2NMK1R/bin/fm-wake-lib.sh /var/folders/p3/95t2_00n2jl3r2cn79bfn18h0000gp/T//fm-turnend-guard.IpXS2c/hook-claude-integrated-fail-open/bin/fm-wake-lib.sh
+ cp /Users/AI/.no-mistakes/worktrees/edb446952c22/01M1EYV82B3ZA2ZEAH2A2NMK1R/bin/fm-hook-host-lib.sh /var/folders/p3/95t2_00n2jl3r2cn79bfn18h0000gp/T//fm-turnend-guard.IpXS2c/hook-claude-integrated-fail-open/bin/fm-hook-host-lib.sh
+ cp /Users/AI/.no-mistakes/worktrees/edb446952c22/01M1EYV82B3ZA2ZEAH2A2NMK1R/bin/fm-session-lock-lib.sh /var/folders/p3/95t2_00n2jl3r2cn79bfn18h0000gp/T//fm-turnend-guard.IpXS2c/hook-claude-integrated-fail-open/bin/fm-session-lock-lib.sh
+ cp /Users/AI/.no-mistakes/worktrees/edb446952c22/01M1EYV82B3ZA2ZEAH2A2NMK1R/bin/fm-cursor-lib.sh /var/folders/p3/95t2_00n2jl3r2cn79bfn18h0000gp/T//fm-turnend-guard.IpXS2c/hook-claude-integrated-fail-open/bin/fm-cursor-lib.sh
+ cp /Users/AI/.no-mistakes/worktrees/edb446952c22/01M1EYV82B3ZA2ZEAH2A2NMK1R/bin/fm-lock.sh /var/folders/p3/95t2_00n2jl3r2cn79bfn18h0000gp/T//fm-turnend-guard.IpXS2c/hook-claude-integrated-fail-open/bin/fm-lock.sh
+ chmod +x /var/folders/p3/95t2_00n2jl3r2cn79bfn18h0000gp/T//fm-turnend-guard.IpXS2c/hook-claude-integrated-fail-open/bin/fm-claude-stop-autoarm.sh /var/folders/p3/95t2_00n2jl3r2cn79bfn18h0000gp/T//fm-turnend-guard.IpXS2c/hook-claude-integrated-fail-open/bin/fm-lock.sh
+ ln -s /bin/bash /var/folders/p3/95t2_00n2jl3r2cn79bfn18h0000gp/T//fm-turnend-guard.IpXS2c/hook-claude-integrated-fail-open/fake-claude
+ write_integrated_failed_arm /var/folders/p3/95t2_00n2jl3r2cn79bfn18h0000gp/T//fm-turnend-guard.IpXS2c/hook-claude-integrated-fail-open
+ local dir=/var/folders/p3/95t2_00n2jl3r2cn79bfn18h0000gp/T//fm-turnend-guard.IpXS2c/hook-claude-integrated-fail-open
+ cat
+ chmod +x /var/folders/p3/95t2_00n2jl3r2cn79bfn18h0000gp/T//fm-turnend-guard.IpXS2c/hook-claude-integrated-fail-open/bin/fm-watch-arm.sh
++ run_integrated_autoarm /var/folders/p3/95t2_00n2jl3r2cn79bfn18h0000gp/T//fm-turnend-guard.IpXS2c/hook-claude-integrated-fail-open
++ local dir=/var/folders/p3/95t2_00n2jl3r2cn79bfn18h0000gp/T//fm-turnend-guard.IpXS2c/hook-claude-integrated-fail-open home
+++ cd /var/folders/p3/95t2_00n2jl3r2cn79bfn18h0000gp/T//fm-turnend-guard.IpXS2c/hook-claude-integrated-fail-open
+++ pwd
++ home=/var/folders/p3/95t2_00n2jl3r2cn79bfn18h0000gp/T/fm-turnend-guard.IpXS2c/hook-claude-integrated-fail-open
++ printf '{"session_id":"sess-claude-mode","stop_hook_active":false}\n'
++ FM_HOME=/var/folders/p3/95t2_00n2jl3r2cn79bfn18h0000gp/T/fm-turnend-guard.IpXS2c/hook-claude-integrated-fail-open
++ /var/folders/p3/95t2_00n2jl3r2cn79bfn18h0000gp/T//fm-turnend-guard.IpXS2c/hook-claude-integrated-fail-open/fake-claude -c '
        printf "%s\n" "$$" > "$FM_HOME/state/.lock"
        "$FM_HOME/bin/fm-claude-stop-autoarm.sh"
      '
+ out='firstmate watcher auto-arm FAILED - the Stop-owned automatic supervision mechanism is broken after 2 bounded attempts, and no live watcher with a fresh beacon was verified.
watcher: FAILED - persistent fixture failure
Do not launch a manual background arm from this notice; investigate the automatic Stop hook and watcher startup before ending blind.'
+ status=2
+ expect_code 2 2 'the first exhausted auto-arm cycle must emit its one failure notice'
+ local expected=2 actual=2 'label=the first exhausted auto-arm cycle must emit its one failure notice'
+ '[' 2 = 2 ']'
+ assert_contains 'firstmate watcher auto-arm FAILED - the Stop-owned automatic supervision mechanism is broken after 2 bounded attempts, and no live watcher with a fresh beacon was verified.
watcher: FAILED - persistent fixture failure
Do not launch a manual background arm from this notice; investigate the automatic Stop hook and watcher startup before ending blind.' 'automatic supervision mechanism is broken' 'the first integrated failure notice is missing'
+ case "$1" in
+ :
++ FM_CLAUDE_AUTOARM_SYNC_WAIT_MS=100
++ run_hook_claude /var/folders/p3/95t2_00n2jl3r2cn79bfn18h0000gp/T//fm-turnend-guard.IpXS2c/hook-claude-integrated-fail-open true
++ local dir=/var/folders/p3/95t2_00n2jl3r2cn79bfn18h0000gp/T//fm-turnend-guard.IpXS2c/hook-claude-integrated-fail-open stop_active=true home
+++ cd /var/folders/p3/95t2_00n2jl3r2cn79bfn18h0000gp/T//fm-turnend-guard.IpXS2c/hook-claude-integrated-fail-open
+++ pwd
++ home=/var/folders/p3/95t2_00n2jl3r2cn79bfn18h0000gp/T/fm-turnend-guard.IpXS2c/hook-claude-integrated-fail-open
++ printf '{"stop_hook_active":%s,"session_id":"sess-claude-mode"}' true
++ CLAUDECODE=1
++ FM_HOME=/var/folders/p3/95t2_00n2jl3r2cn79bfn18h0000gp/T/fm-turnend-guard.IpXS2c/hook-claude-integrated-fail-open
++ bash /var/folders/p3/95t2_00n2jl3r2cn79bfn18h0000gp/T//fm-turnend-guard.IpXS2c/hook-claude-integrated-fail-open/bin/fm-turnend-guard.sh --claude
+ guard_out=
+ guard_status=0
+ expect_code 0 0 'the first failed epoch must own its Stop handoff'
+ local expected=0 actual=0 'label=the first failed epoch must own its Stop handoff'
+ '[' 0 = 0 ']'
++ sed -n '2s/^count=//p' /var/folders/p3/95t2_00n2jl3r2cn79bfn18h0000gp/T//fm-turnend-guard.IpXS2c/hook-claude-integrated-fail-open/state/.turnend-claude-blocks
+ count=0
+ '[' 0 = 0 ']'
+ for i in 1 2 3 4
++ run_integrated_autoarm /var/folders/p3/95t2_00n2jl3r2cn79bfn18h0000gp/T//fm-turnend-guard.IpXS2c/hook-claude-integrated-fail-open
++ local dir=/var/folders/p3/95t2_00n2jl3r2cn79bfn18h0000gp/T//fm-turnend-guard.IpXS2c/hook-claude-integrated-fail-open home
+++ cd /var/folders/p3/95t2_00n2jl3r2cn79bfn18h0000gp/T//fm-turnend-guard.IpXS2c/hook-claude-integrated-fail-open
+++ pwd
++ home=/var/folders/p3/95t2_00n2jl3r2cn79bfn18h0000gp/T/fm-turnend-guard.IpXS2c/hook-claude-integrated-fail-open
++ printf '{"session_id":"sess-claude-mode","stop_hook_active":false}\n'
++ FM_HOME=/var/folders/p3/95t2_00n2jl3r2cn79bfn18h0000gp/T/fm-turnend-guard.IpXS2c/hook-claude-integrated-fail-open
++ /var/folders/p3/95t2_00n2jl3r2cn79bfn18h0000gp/T//fm-turnend-guard.IpXS2c/hook-claude-integrated-fail-open/fake-claude -c '
        printf "%s\n" "$$" > "$FM_HOME/state/.lock"
        "$FM_HOME/bin/fm-claude-stop-autoarm.sh"
      '
+ out=
+ status=2
+ expect_code 2 2 'failed epoch 1 must retain the automatic retry handoff'
+ local expected=2 actual=2 'label=failed epoch 1 must retain the automatic retry handoff'
+ '[' 2 = 2 ']'
+ '[' -z '' ']'
++ FM_CLAUDE_AUTOARM_SYNC_WAIT_MS=100
++ run_hook_claude /var/folders/p3/95t2_00n2jl3r2cn79bfn18h0000gp/T//fm-turnend-guard.IpXS2c/hook-claude-integrated-fail-open true
++ local dir=/var/folders/p3/95t2_00n2jl3r2cn79bfn18h0000gp/T//fm-turnend-guard.IpXS2c/hook-claude-integrated-fail-open stop_active=true home
+++ cd /var/folders/p3/95t2_00n2jl3r2cn79bfn18h0000gp/T//fm-turnend-guard.IpXS2c/hook-claude-integrated-fail-open
+++ pwd
++ home=/var/folders/p3/95t2_00n2jl3r2cn79bfn18h0000gp/T/fm-turnend-guard.IpXS2c/hook-claude-integrated-fail-open
++ printf '{"stop_hook_active":%s,"session_id":"sess-claude-mode"}' true
++ CLAUDECODE=1
++ FM_HOME=/var/folders/p3/95t2_00n2jl3r2cn79bfn18h0000gp/T/fm-turnend-guard.IpXS2c/hook-claude-integrated-fail-open
++ bash /var/folders/p3/95t2_00n2jl3r2cn79bfn18h0000gp/T//fm-turnend-guard.IpXS2c/hook-claude-integrated-fail-open/bin/fm-turnend-guard.sh --claude
+ guard_out='●━━━━━━━━━━━━━━━━━━━━━━━━━━━━━━━━━━━━━━━━━━━━━━━━━━━━━━━━━━━━━━━━━━━━━━━
●  TURN WOULD END BLIND - SUPERVISION IS OFF
●  1 task(s) in flight, but no live watcher holds this home lock (last beat: never).
●  The Stop-owned auto-arm did not claim this home either, so recovery is NOT already under way.
●  watcher supervision needs Stop-owned automatic recovery; inspect the hook registration and startup status before ending the turn.
●━━━━━━━━━━━━━━━━━━━━━━━━━━━━━━━━━━━━━━━━━━━━━━━━━━━━━━━━━━━━━━━━━━━━━━━'
+ guard_status=2
+ '[' 1 -lt 4 ']'
+ expect_code 2 2 'failed epoch 1 must consume a bounded blind-stop block'
+ local expected=2 actual=2 'label=failed epoch 1 must consume a bounded blind-stop block'
+ '[' 2 = 2 ']'
+ assert_not_contains '●━━━━━━━━━━━━━━━━━━━━━━━━━━━━━━━━━━━━━━━━━━━━━━━━━━━━━━━━━━━━━━━━━━━━━━━
●  TURN WOULD END BLIND - SUPERVISION IS OFF
●  1 task(s) in flight, but no live watcher holds this home lock (last beat: never).
●  The Stop-owned auto-arm did not claim this home either, so recovery is NOT already under way.
●  watcher supervision needs Stop-owned automatic recovery; inspect the hook registration and startup status before ending the turn.
●━━━━━━━━━━━━━━━━━━━━━━━━━━━━━━━━━━━━━━━━━━━━━━━━━━━━━━━━━━━━━━━━━━━━━━━' 'FIRSTMATE SUPERVISION IS GENUINELY DOWN' 'fail-open fired before the bounded progression ended'
+ case "$1" in
+ :
+ for i in 1 2 3 4
++ run_integrated_autoarm /var/folders/p3/95t2_00n2jl3r2cn79bfn18h0000gp/T//fm-turnend-guard.IpXS2c/hook-claude-integrated-fail-open
++ local dir=/var/folders/p3/95t2_00n2jl3r2cn79bfn18h0000gp/T//fm-turnend-guard.IpXS2c/hook-claude-integrated-fail-open home
+++ cd /var/folders/p3/95t2_00n2jl3r2cn79bfn18h0000gp/T//fm-turnend-guard.IpXS2c/hook-claude-integrated-fail-open
+++ pwd
++ home=/var/folders/p3/95t2_00n2jl3r2cn79bfn18h0000gp/T/fm-turnend-guard.IpXS2c/hook-claude-integrated-fail-open
++ printf '{"session_id":"sess-claude-mode","stop_hook_active":false}\n'
++ FM_HOME=/var/folders/p3/95t2_00n2jl3r2cn79bfn18h0000gp/T/fm-turnend-guard.IpXS2c/hook-claude-integrated-fail-open
++ /var/folders/p3/95t2_00n2jl3r2cn79bfn18h0000gp/T//fm-turnend-guard.IpXS2c/hook-claude-integrated-fail-open/fake-claude -c '
        printf "%s\n" "$$" > "$FM_HOME/state/.lock"
        "$FM_HOME/bin/fm-claude-stop-autoarm.sh"
      '
+ out=
+ status=2
+ expect_code 2 2 'failed epoch 2 must retain the automatic retry handoff'
+ local expected=2 actual=2 'label=failed epoch 2 must retain the automatic retry handoff'
+ '[' 2 = 2 ']'
+ '[' -z '' ']'
++ FM_CLAUDE_AUTOARM_SYNC_WAIT_MS=100
++ run_hook_claude /var/folders/p3/95t2_00n2jl3r2cn79bfn18h0000gp/T//fm-turnend-guard.IpXS2c/hook-claude-integrated-fail-open true
++ local dir=/var/folders/p3/95t2_00n2jl3r2cn79bfn18h0000gp/T//fm-turnend-guard.IpXS2c/hook-claude-integrated-fail-open stop_active=true home
+++ cd /var/folders/p3/95t2_00n2jl3r2cn79bfn18h0000gp/T//fm-turnend-guard.IpXS2c/hook-claude-integrated-fail-open
+++ pwd
++ home=/var/folders/p3/95t2_00n2jl3r2cn79bfn18h0000gp/T/fm-turnend-guard.IpXS2c/hook-claude-integrated-fail-open
++ printf '{"stop_hook_active":%s,"session_id":"sess-claude-mode"}' true
++ CLAUDECODE=1
++ FM_HOME=/var/folders/p3/95t2_00n2jl3r2cn79bfn18h0000gp/T/fm-turnend-guard.IpXS2c/hook-claude-integrated-fail-open
++ bash /var/folders/p3/95t2_00n2jl3r2cn79bfn18h0000gp/T//fm-turnend-guard.IpXS2c/hook-claude-integrated-fail-open/bin/fm-turnend-guard.sh --claude
+ guard_out='●━━━━━━━━━━━━━━━━━━━━━━━━━━━━━━━━━━━━━━━━━━━━━━━━━━━━━━━━━━━━━━━━━━━━━━━
●  TURN WOULD END BLIND - SUPERVISION IS OFF
●  1 task(s) in flight, but no live watcher holds this home lock (last beat: never).
●  The Stop-owned auto-arm did not claim this home either, so recovery is NOT already under way.
●  watcher supervision needs Stop-owned automatic recovery; inspect the hook registration and startup status before ending the turn.
●━━━━━━━━━━━━━━━━━━━━━━━━━━━━━━━━━━━━━━━━━━━━━━━━━━━━━━━━━━━━━━━━━━━━━━━'
+ guard_status=2
+ '[' 2 -lt 4 ']'
+ expect_code 2 2 'failed epoch 2 must consume a bounded blind-stop block'
+ local expected=2 actual=2 'label=failed epoch 2 must consume a bounded blind-stop block'
+ '[' 2 = 2 ']'
+ assert_not_contains '●━━━━━━━━━━━━━━━━━━━━━━━━━━━━━━━━━━━━━━━━━━━━━━━━━━━━━━━━━━━━━━━━━━━━━━━
●  TURN WOULD END BLIND - SUPERVISION IS OFF
●  1 task(s) in flight, but no live watcher holds this home lock (last beat: never).
●  The Stop-owned auto-arm did not claim this home either, so recovery is NOT already under way.
●  watcher supervision needs Stop-owned automatic recovery; inspect the hook registration and startup status before ending the turn.
●━━━━━━━━━━━━━━━━━━━━━━━━━━━━━━━━━━━━━━━━━━━━━━━━━━━━━━━━━━━━━━━━━━━━━━━' 'FIRSTMATE SUPERVISION IS GENUINELY DOWN' 'fail-open fired before the bounded progression ended'
+ case "$1" in
+ :
+ for i in 1 2 3 4
++ run_integrated_autoarm /var/folders/p3/95t2_00n2jl3r2cn79bfn18h0000gp/T//fm-turnend-guard.IpXS2c/hook-claude-integrated-fail-open
++ local dir=/var/folders/p3/95t2_00n2jl3r2cn79bfn18h0000gp/T//fm-turnend-guard.IpXS2c/hook-claude-integrated-fail-open home
+++ cd /var/folders/p3/95t2_00n2jl3r2cn79bfn18h0000gp/T//fm-turnend-guard.IpXS2c/hook-claude-integrated-fail-open
+++ pwd
++ home=/var/folders/p3/95t2_00n2jl3r2cn79bfn18h0000gp/T/fm-turnend-guard.IpXS2c/hook-claude-integrated-fail-open
++ printf '{"session_id":"sess-claude-mode","stop_hook_active":false}\n'
++ FM_HOME=/var/folders/p3/95t2_00n2jl3r2cn79bfn18h0000gp/T/fm-turnend-guard.IpXS2c/hook-claude-integrated-fail-open
++ /var/folders/p3/95t2_00n2jl3r2cn79bfn18h0000gp/T//fm-turnend-guard.IpXS2c/hook-claude-integrated-fail-open/fake-claude -c '
        printf "%s\n" "$$" > "$FM_HOME/state/.lock"
        "$FM_HOME/bin/fm-claude-stop-autoarm.sh"
      '
+ out=
+ status=2
+ expect_code 2 2 'failed epoch 3 must retain the automatic retry handoff'
+ local expected=2 actual=2 'label=failed epoch 3 must retain the automatic retry handoff'
+ '[' 2 = 2 ']'
+ '[' -z '' ']'
++ FM_CLAUDE_AUTOARM_SYNC_WAIT_MS=100
++ run_hook_claude /var/folders/p3/95t2_00n2jl3r2cn79bfn18h0000gp/T//fm-turnend-guard.IpXS2c/hook-claude-integrated-fail-open true
++ local dir=/var/folders/p3/95t2_00n2jl3r2cn79bfn18h0000gp/T//fm-turnend-guard.IpXS2c/hook-claude-integrated-fail-open stop_active=true home
+++ cd /var/folders/p3/95t2_00n2jl3r2cn79bfn18h0000gp/T//fm-turnend-guard.IpXS2c/hook-claude-integrated-fail-open
+++ pwd
++ home=/var/folders/p3/95t2_00n2jl3r2cn79bfn18h0000gp/T/fm-turnend-guard.IpXS2c/hook-claude-integrated-fail-open
++ printf '{"stop_hook_active":%s,"session_id":"sess-claude-mode"}' true
++ CLAUDECODE=1
++ FM_HOME=/var/folders/p3/95t2_00n2jl3r2cn79bfn18h0000gp/T/fm-turnend-guard.IpXS2c/hook-claude-integrated-fail-open
++ bash /var/folders/p3/95t2_00n2jl3r2cn79bfn18h0000gp/T//fm-turnend-guard.IpXS2c/hook-claude-integrated-fail-open/bin/fm-turnend-guard.sh --claude
+ guard_out='●━━━━━━━━━━━━━━━━━━━━━━━━━━━━━━━━━━━━━━━━━━━━━━━━━━━━━━━━━━━━━━━━━━━━━━━
●  TURN WOULD END BLIND - SUPERVISION IS OFF
●  1 task(s) in flight, but no live watcher holds this home lock (last beat: never).
●  The Stop-owned auto-arm did not claim this home either, so recovery is NOT already under way.
●  watcher supervision needs Stop-owned automatic recovery; inspect the hook registration and startup status before ending the turn.
●━━━━━━━━━━━━━━━━━━━━━━━━━━━━━━━━━━━━━━━━━━━━━━━━━━━━━━━━━━━━━━━━━━━━━━━'
+ guard_status=2
+ '[' 3 -lt 4 ']'
+ expect_code 2 2 'failed epoch 3 must consume a bounded blind-stop block'
+ local expected=2 actual=2 'label=failed epoch 3 must consume a bounded blind-stop block'
+ '[' 2 = 2 ']'
+ assert_not_contains '●━━━━━━━━━━━━━━━━━━━━━━━━━━━━━━━━━━━━━━━━━━━━━━━━━━━━━━━━━━━━━━━━━━━━━━━
●  TURN WOULD END BLIND - SUPERVISION IS OFF
●  1 task(s) in flight, but no live watcher holds this home lock (last beat: never).
●  The Stop-owned auto-arm did not claim this home either, so recovery is NOT already under way.
●  watcher supervision needs Stop-owned automatic recovery; inspect the hook registration and startup status before ending the turn.
●━━━━━━━━━━━━━━━━━━━━━━━━━━━━━━━━━━━━━━━━━━━━━━━━━━━━━━━━━━━━━━━━━━━━━━━' 'FIRSTMATE SUPERVISION IS GENUINELY DOWN' 'fail-open fired before the bounded progression ended'
+ case "$1" in
+ :
+ for i in 1 2 3 4
++ run_integrated_autoarm /var/folders/p3/95t2_00n2jl3r2cn79bfn18h0000gp/T//fm-turnend-guard.IpXS2c/hook-claude-integrated-fail-open
++ local dir=/var/folders/p3/95t2_00n2jl3r2cn79bfn18h0000gp/T//fm-turnend-guard.IpXS2c/hook-claude-integrated-fail-open home
+++ cd /var/folders/p3/95t2_00n2jl3r2cn79bfn18h0000gp/T//fm-turnend-guard.IpXS2c/hook-claude-integrated-fail-open
+++ pwd
++ home=/var/folders/p3/95t2_00n2jl3r2cn79bfn18h0000gp/T/fm-turnend-guard.IpXS2c/hook-claude-integrated-fail-open
++ printf '{"session_id":"sess-claude-mode","stop_hook_active":false}\n'
++ FM_HOME=/var/folders/p3/95t2_00n2jl3r2cn79bfn18h0000gp/T/fm-turnend-guard.IpXS2c/hook-claude-integrated-fail-open
++ /var/folders/p3/95t2_00n2jl3r2cn79bfn18h0000gp/T//fm-turnend-guard.IpXS2c/hook-claude-integrated-fail-open/fake-claude -c '
        printf "%s\n" "$$" > "$FM_HOME/state/.lock"
        "$FM_HOME/bin/fm-claude-stop-autoarm.sh"
      '
+ out=
+ status=2
+ expect_code 2 2 'failed epoch 4 must retain the automatic retry handoff'
+ local expected=2 actual=2 'label=failed epoch 4 must retain the automatic retry handoff'
+ '[' 2 = 2 ']'
+ '[' -z '' ']'
++ FM_CLAUDE_AUTOARM_SYNC_WAIT_MS=100
++ run_hook_claude /var/folders/p3/95t2_00n2jl3r2cn79bfn18h0000gp/T//fm-turnend-guard.IpXS2c/hook-claude-integrated-fail-open true
++ local dir=/var/folders/p3/95t2_00n2jl3r2cn79bfn18h0000gp/T//fm-turnend-guard.IpXS2c/hook-claude-integrated-fail-open stop_active=true home
+++ cd /var/folders/p3/95t2_00n2jl3r2cn79bfn18h0000gp/T//fm-turnend-guard.IpXS2c/hook-claude-integrated-fail-open
+++ pwd
++ home=/var/folders/p3/95t2_00n2jl3r2cn79bfn18h0000gp/T/fm-turnend-guard.IpXS2c/hook-claude-integrated-fail-open
++ printf '{"stop_hook_active":%s,"session_id":"sess-claude-mode"}' true
++ CLAUDECODE=1
++ FM_HOME=/var/folders/p3/95t2_00n2jl3r2cn79bfn18h0000gp/T/fm-turnend-guard.IpXS2c/hook-claude-integrated-fail-open
++ bash /var/folders/p3/95t2_00n2jl3r2cn79bfn18h0000gp/T//fm-turnend-guard.IpXS2c/hook-claude-integrated-fail-open/bin/fm-turnend-guard.sh --claude
+ guard_out='{"systemMessage":"FIRSTMATE SUPERVISION IS GENUINELY DOWN: 1 task(s) in flight, the Stop-owned auto-arm exhausted its bounded retries and one failure notice, no watcher or automatic continuation exists, and the block budget is exhausted. Keep this session attended and diagnose the automatic Stop-hook and watcher startup before relying on unattended supervision."}'
+ guard_status=0
+ '[' 4 -lt 4 ']'
+ expect_code 0 0 'the bounded failure progression must reach the attended fail-open'
+ local expected=0 actual=0 'label=the bounded failure progression must reach the attended fail-open'
+ '[' 0 = 0 ']'
+ assert_contains '{"systemMessage":"FIRSTMATE SUPERVISION IS GENUINELY DOWN: 1 task(s) in flight, the Stop-owned auto-arm exhausted its bounded retries and one failure notice, no watcher or automatic continuation exists, and the block budget is exhausted. Keep this session attended and diagnose the automatic Stop-hook and watcher startup before relying on unattended supervision."}' 'FIRSTMATE SUPERVISION IS GENUINELY DOWN' 'the integrated fail-open alarm is missing'
+ case "$1" in
+ :
+ assert_present /var/folders/p3/95t2_00n2jl3r2cn79bfn18h0000gp/T//fm-turnend-guard.IpXS2c/hook-claude-integrated-fail-open/state/.claude-autoarm-failure-alarmed 'the integrated fail-open did not consume its episode alarm'
+ '[' -e /var/folders/p3/95t2_00n2jl3r2cn79bfn18h0000gp/T//fm-turnend-guard.IpXS2c/hook-claude-integrated-fail-open/state/.claude-autoarm-failure-alarmed ']'
++ run_integrated_autoarm /var/folders/p3/95t2_00n2jl3r2cn79bfn18h0000gp/T//fm-turnend-guard.IpXS2c/hook-claude-integrated-fail-open
++ local dir=/var/folders/p3/95t2_00n2jl3r2cn79bfn18h0000gp/T//fm-turnend-guard.IpXS2c/hook-claude-integrated-fail-open home
+++ cd /var/folders/p3/95t2_00n2jl3r2cn79bfn18h0000gp/T//fm-turnend-guard.IpXS2c/hook-claude-integrated-fail-open
+++ pwd
++ home=/var/folders/p3/95t2_00n2jl3r2cn79bfn18h0000gp/T/fm-turnend-guard.IpXS2c/hook-claude-integrated-fail-open
++ printf '{"session_id":"sess-claude-mode","stop_hook_active":false}\n'
++ FM_HOME=/var/folders/p3/95t2_00n2jl3r2cn79bfn18h0000gp/T/fm-turnend-guard.IpXS2c/hook-claude-integrated-fail-open
++ /var/folders/p3/95t2_00n2jl3r2cn79bfn18h0000gp/T//fm-turnend-guard.IpXS2c/hook-claude-integrated-fail-open/fake-claude -c '
        printf "%s\n" "$$" > "$FM_HOME/state/.lock"
        "$FM_HOME/bin/fm-claude-stop-autoarm.sh"
      '
+ out=
+ status=0
+ expect_code 0 0 'the auto-arm must not re-trigger continuation after the final fail-open'
+ local expected=0 actual=0 'label=the auto-arm must not re-trigger continuation after the final fail-open'
+ '[' 0 = 0 ']'
+ '[' -z '' ']'
++ FM_CLAUDE_AUTOARM_SYNC_WAIT_MS=100
++ run_hook_claude /var/folders/p3/95t2_00n2jl3r2cn79bfn18h0000gp/T//fm-turnend-guard.IpXS2c/hook-claude-integrated-fail-open true
++ local dir=/var/folders/p3/95t2_00n2jl3r2cn79bfn18h0000gp/T//fm-turnend-guard.IpXS2c/hook-claude-integrated-fail-open stop_active=true home
+++ cd /var/folders/p3/95t2_00n2jl3r2cn79bfn18h0000gp/T//fm-turnend-guard.IpXS2c/hook-claude-integrated-fail-open
+++ pwd
++ home=/var/folders/p3/95t2_00n2jl3r2cn79bfn18h0000gp/T/fm-turnend-guard.IpXS2c/hook-claude-integrated-fail-open
++ printf '{"stop_hook_active":%s,"session_id":"sess-claude-mode"}' true
++ CLAUDECODE=1
++ FM_HOME=/var/folders/p3/95t2_00n2jl3r2cn79bfn18h0000gp/T/fm-turnend-guard.IpXS2c/hook-claude-integrated-fail-open
++ bash /var/folders/p3/95t2_00n2jl3r2cn79bfn18h0000gp/T//fm-turnend-guard.IpXS2c/hook-claude-integrated-fail-open/bin/fm-turnend-guard.sh --claude
+ guard_out='●━━━━━━━━━━━━━━━━━━━━━━━━━━━━━━━━━━━━━━━━━━━━━━━━━━━━━━━━━━━━━━━━━━━━━━━
●  TURN WOULD END BLIND - SUPERVISION IS OFF
●  1 task(s) in flight, but no live watcher holds this home lock (last beat: never).
●  The Stop-owned auto-arm did not claim this home either, so recovery is NOT already under way.
●  watcher supervision needs Stop-owned automatic recovery; inspect the hook registration and startup status before ending the turn.
●━━━━━━━━━━━━━━━━━━━━━━━━━━━━━━━━━━━━━━━━━━━━━━━━━━━━━━━━━━━━━━━━━━━━━━━'
+ guard_status=2
+ expect_code 2 2 'a later unhealthy stop in the same episode must remain attended'
+ local expected=2 actual=2 'label=a later unhealthy stop in the same episode must remain attended'
+ '[' 2 = 2 ']'
+ assert_not_contains '●━━━━━━━━━━━━━━━━━━━━━━━━━━━━━━━━━━━━━━━━━━━━━━━━━━━━━━━━━━━━━━━━━━━━━━━
●  TURN WOULD END BLIND - SUPERVISION IS OFF
●  1 task(s) in flight, but no live watcher holds this home lock (last beat: never).
●  The Stop-owned auto-arm did not claim this home either, so recovery is NOT already under way.
●  watcher supervision needs Stop-owned automatic recovery; inspect the hook registration and startup status before ending the turn.
●━━━━━━━━━━━━━━━━━━━━━━━━━━━━━━━━━━━━━━━━━━━━━━━━━━━━━━━━━━━━━━━━━━━━━━━' 'FIRSTMATE SUPERVISION IS GENUINELY DOWN' 'the attended alarm repeated in the same episode'
+ case "$1" in
+ :
+ pid=20125
+ sleep 60
++ watcher_identity /var/folders/p3/95t2_00n2jl3r2cn79bfn18h0000gp/T//fm-turnend-guard.IpXS2c/hook-claude-integrated-fail-open 20125
++ local dir=/var/folders/p3/95t2_00n2jl3r2cn79bfn18h0000gp/T//fm-turnend-guard.IpXS2c/hook-claude-integrated-fail-open pid=20125
++ FM_STATE_OVERRIDE=/var/folders/p3/95t2_00n2jl3r2cn79bfn18h0000gp/T//fm-turnend-guard.IpXS2c/hook-claude-integrated-fail-open/state
++ bash -c '. "$1"; fm_pid_identity "$2"' _ /var/folders/p3/95t2_00n2jl3r2cn79bfn18h0000gp/T//fm-turnend-guard.IpXS2c/hook-claude-integrated-fail-open/bin/fm-wake-lib.sh 20125
+ identity='Wed Sep  2 01:11:59 2026     sleep 60'
+ record_watcher_lock /var/folders/p3/95t2_00n2jl3r2cn79bfn18h0000gp/T//fm-turnend-guard.IpXS2c/hook-claude-integrated-fail-open 20125 'Wed Sep  2 01:11:59 2026     sleep 60'
+ local dir=/var/folders/p3/95t2_00n2jl3r2cn79bfn18h0000gp/T//fm-turnend-guard.IpXS2c/hook-claude-integrated-fail-open pid=20125 'identity=Wed Sep  2 01:11:59 2026     sleep 60' root bin_dir
++ cd /var/folders/p3/95t2_00n2jl3r2cn79bfn18h0000gp/T//fm-turnend-guard.IpXS2c/hook-claude-integrated-fail-open
++ pwd
+ root=/var/folders/p3/95t2_00n2jl3r2cn79bfn18h0000gp/T/fm-turnend-guard.IpXS2c/hook-claude-integrated-fail-open
++ cd /var/folders/p3/95t2_00n2jl3r2cn79bfn18h0000gp/T//fm-turnend-guard.IpXS2c/hook-claude-integrated-fail-open/bin
++ pwd
+ bin_dir=/var/folders/p3/95t2_00n2jl3r2cn79bfn18h0000gp/T/fm-turnend-guard.IpXS2c/hook-claude-integrated-fail-open/bin
+ mkdir -p /var/folders/p3/95t2_00n2jl3r2cn79bfn18h0000gp/T//fm-turnend-guard.IpXS2c/hook-claude-integrated-fail-open/state/.watch.lock
+ printf '%s\n' 20125
+ printf '%s\n' /var/folders/p3/95t2_00n2jl3r2cn79bfn18h0000gp/T/fm-turnend-guard.IpXS2c/hook-claude-integrated-fail-open
+ printf '%s\n' /var/folders/p3/95t2_00n2jl3r2cn79bfn18h0000gp/T/fm-turnend-guard.IpXS2c/hook-claude-integrated-fail-open/bin/fm-watch.sh
+ printf '%s\n' 'Wed Sep  2 01:11:59 2026     sleep 60'
+ touch /var/folders/p3/95t2_00n2jl3r2cn79bfn18h0000gp/T//fm-turnend-guard.IpXS2c/hook-claude-integrated-fail-open/state/.last-watcher-beat
++ run_integrated_autoarm /var/folders/p3/95t2_00n2jl3r2cn79bfn18h0000gp/T//fm-turnend-guard.IpXS2c/hook-claude-integrated-fail-open
++ local dir=/var/folders/p3/95t2_00n2jl3r2cn79bfn18h0000gp/T//fm-turnend-guard.IpXS2c/hook-claude-integrated-fail-open home
+++ cd /var/folders/p3/95t2_00n2jl3r2cn79bfn18h0000gp/T//fm-turnend-guard.IpXS2c/hook-claude-integrated-fail-open
+++ pwd
++ home=/var/folders/p3/95t2_00n2jl3r2cn79bfn18h0000gp/T/fm-turnend-guard.IpXS2c/hook-claude-integrated-fail-open
++ printf '{"session_id":"sess-claude-mode","stop_hook_active":false}\n'
++ FM_HOME=/var/folders/p3/95t2_00n2jl3r2cn79bfn18h0000gp/T/fm-turnend-guard.IpXS2c/hook-claude-integrated-fail-open
++ /var/folders/p3/95t2_00n2jl3r2cn79bfn18h0000gp/T//fm-turnend-guard.IpXS2c/hook-claude-integrated-fail-open/fake-claude -c '
        printf "%s\n" "$$" > "$FM_HOME/state/.lock"
        "$FM_HOME/bin/fm-claude-stop-autoarm.sh"
      '
+ out=
+ status=0
+ kill 20125
+ wait 20125
+ true
+ rm -rf /var/folders/p3/95t2_00n2jl3r2cn79bfn18h0000gp/T//fm-turnend-guard.IpXS2c/hook-claude-integrated-fail-open/state/.watch.lock
+ expect_code 0 0 'positive watcher recovery must make the auto-arm silent'
+ local expected=0 actual=0 'label=positive watcher recovery must make the auto-arm silent'
+ '[' 0 = 0 ']'
+ assert_absent /var/folders/p3/95t2_00n2jl3r2cn79bfn18h0000gp/T//fm-turnend-guard.IpXS2c/hook-claude-integrated-fail-open/state/.claude-autoarm-failure-notified 'positive recovery left the failure notice marker'
+ '[' '!' -e /var/folders/p3/95t2_00n2jl3r2cn79bfn18h0000gp/T//fm-turnend-guard.IpXS2c/hook-claude-integrated-fail-open/state/.claude-autoarm-failure-notified ']'
+ assert_absent /var/folders/p3/95t2_00n2jl3r2cn79bfn18h0000gp/T//fm-turnend-guard.IpXS2c/hook-claude-integrated-fail-open/state/.claude-autoarm-failure-alarmed 'positive recovery left the attended alarm marker'
+ '[' '!' -e /var/folders/p3/95t2_00n2jl3r2cn79bfn18h0000gp/T//fm-turnend-guard.IpXS2c/hook-claude-integrated-fail-open/state/.claude-autoarm-failure-alarmed ']'
+ assert_absent /var/folders/p3/95t2_00n2jl3r2cn79bfn18h0000gp/T//fm-turnend-guard.IpXS2c/hook-claude-integrated-fail-open/state/.turnend-claude-blocks 'positive recovery left the bounded block budget'
+ '[' '!' -e /var/folders/p3/95t2_00n2jl3r2cn79bfn18h0000gp/T//fm-turnend-guard.IpXS2c/hook-claude-integrated-fail-open/state/.turnend-claude-blocks ']'
++ FM_CLAUDE_AUTOARM_SYNC_WAIT_MS=100
++ run_hook_claude /var/folders/p3/95t2_00n2jl3r2cn79bfn18h0000gp/T//fm-turnend-guard.IpXS2c/hook-claude-integrated-fail-open false
++ local dir=/var/folders/p3/95t2_00n2jl3r2cn79bfn18h0000gp/T//fm-turnend-guard.IpXS2c/hook-claude-integrated-fail-open stop_active=false home
+++ cd /var/folders/p3/95t2_00n2jl3r2cn79bfn18h0000gp/T//fm-turnend-guard.IpXS2c/hook-claude-integrated-fail-open
+++ pwd
++ home=/var/folders/p3/95t2_00n2jl3r2cn79bfn18h0000gp/T/fm-turnend-guard.IpXS2c/hook-claude-integrated-fail-open
++ printf '{"stop_hook_active":%s,"session_id":"sess-claude-mode"}' false
++ CLAUDECODE=1
++ FM_HOME=/var/folders/p3/95t2_00n2jl3r2cn79bfn18h0000gp/T/fm-turnend-guard.IpXS2c/hook-claude-integrated-fail-open
++ bash /var/folders/p3/95t2_00n2jl3r2cn79bfn18h0000gp/T//fm-turnend-guard.IpXS2c/hook-claude-integrated-fail-open/bin/fm-turnend-guard.sh --claude
+ guard_out='●━━━━━━━━━━━━━━━━━━━━━━━━━━━━━━━━━━━━━━━━━━━━━━━━━━━━━━━━━━━━━━━━━━━━━━━
●  TURN WOULD END BLIND - SUPERVISION IS OFF
●  1 task(s) in flight, but no live watcher holds this home lock (last beat: 0s ago).
●  The Stop-owned auto-arm did not claim this home either, so recovery is NOT already under way.
●  watcher supervision needs Stop-owned automatic recovery; inspect the hook registration and startup status before ending the turn.
●━━━━━━━━━━━━━━━━━━━━━━━━━━━━━━━━━━━━━━━━━━━━━━━━━━━━━━━━━━━━━━━━━━━━━━━'
+ guard_status=2
+ expect_code 2 2 'a guard after one-shot recovery must start a fresh failure budget'
+ local expected=2 actual=2 'label=a guard after one-shot recovery must start a fresh failure budget'
+ '[' 2 = 2 ']'
++ sed -n '2s/^count=//p' /var/folders/p3/95t2_00n2jl3r2cn79bfn18h0000gp/T//fm-turnend-guard.IpXS2c/hook-claude-integrated-fail-open/state/.turnend-claude-blocks
+ count=1
+ '[' 1 = 1 ']'
++ run_integrated_autoarm /var/folders/p3/95t2_00n2jl3r2cn79bfn18h0000gp/T//fm-turnend-guard.IpXS2c/hook-claude-integrated-fail-open
++ local dir=/var/folders/p3/95t2_00n2jl3r2cn79bfn18h0000gp/T//fm-turnend-guard.IpXS2c/hook-claude-integrated-fail-open home
+++ cd /var/folders/p3/95t2_00n2jl3r2cn79bfn18h0000gp/T//fm-turnend-guard.IpXS2c/hook-claude-integrated-fail-open
+++ pwd
++ home=/var/folders/p3/95t2_00n2jl3r2cn79bfn18h0000gp/T/fm-turnend-guard.IpXS2c/hook-claude-integrated-fail-open
++ printf '{"session_id":"sess-claude-mode","stop_hook_active":false}\n'
++ FM_HOME=/var/folders/p3/95t2_00n2jl3r2cn79bfn18h0000gp/T/fm-turnend-guard.IpXS2c/hook-claude-integrated-fail-open
++ /var/folders/p3/95t2_00n2jl3r2cn79bfn18h0000gp/T//fm-turnend-guard.IpXS2c/hook-claude-integrated-fail-open/fake-claude -c '
        printf "%s\n" "$$" > "$FM_HOME/state/.lock"
        "$FM_HOME/bin/fm-claude-stop-autoarm.sh"
      '
+ out='firstmate watcher auto-arm FAILED - the Stop-owned automatic supervision mechanism is broken after 2 bounded attempts, and no live watcher with a fresh beacon was verified.
watcher: FAILED - persistent fixture failure
Do not launch a manual background arm from this notice; investigate the automatic Stop hook and watcher startup before ending blind.'
+ status=2
+ expect_code 2 2 'a later failure after positive recovery must start a new episode'
+ local expected=2 actual=2 'label=a later failure after positive recovery must start a new episode'
+ '[' 2 = 2 ']'
+ assert_contains 'firstmate watcher auto-arm FAILED - the Stop-owned automatic supervision mechanism is broken after 2 bounded attempts, and no live watcher with a fresh beacon was verified.
watcher: FAILED - persistent fixture failure
Do not launch a manual background arm from this notice; investigate the automatic Stop hook and watcher startup before ending blind.' 'automatic supervision mechanism is broken' 'the new failure episode notice was suppressed'
+ case "$1" in
+ :
+ pass 'fm-turnend-guard --claude: integrated fresh failures reach one bounded fail-open, stop continuation, and reset on recovery'
+ printf 'ok - %s\n' 'fm-turnend-guard --claude: integrated fresh failures reach one bounded fail-open, stop continuation, and reset on recovery'
ok - fm-turnend-guard --claude: integrated fresh failures reach one bounded fail-open, stop continuation, and reset on recovery
+ test_hook_claude_mode_recovery_contention_is_not_ordinary_allow
+ local dir pid identity holder out status
++ make_primary_dir /var/folders/p3/95t2_00n2jl3r2cn79bfn18h0000gp/T//fm-turnend-guard.IpXS2c/hook-claude-recovery-contention
++ local dir=/var/folders/p3/95t2_00n2jl3r2cn79bfn18h0000gp/T//fm-turnend-guard.IpXS2c/hook-claude-recovery-contention
++ mkdir -p /var/folders/p3/95t2_00n2jl3r2cn79bfn18h0000gp/T//fm-turnend-guard.IpXS2c/hook-claude-recovery-contention/state
++ git init -q /var/folders/p3/95t2_00n2jl3r2cn79bfn18h0000gp/T//fm-turnend-guard.IpXS2c/hook-claude-recovery-contention
++ git -C /var/folders/p3/95t2_00n2jl3r2cn79bfn18h0000gp/T//fm-turnend-guard.IpXS2c/hook-claude-recovery-contention commit -q --allow-empty -m init
++ :
++ install_guard_scripts /var/folders/p3/95t2_00n2jl3r2cn79bfn18h0000gp/T//fm-turnend-guard.IpXS2c/hook-claude-recovery-contention
++ local dir=/var/folders/p3/95t2_00n2jl3r2cn79bfn18h0000gp/T//fm-turnend-guard.IpXS2c/hook-claude-recovery-contention
++ mkdir -p /var/folders/p3/95t2_00n2jl3r2cn79bfn18h0000gp/T//fm-turnend-guard.IpXS2c/hook-claude-recovery-contention/bin
++ cp /Users/AI/.no-mistakes/worktrees/edb446952c22/01M1EYV82B3ZA2ZEAH2A2NMK1R/bin/fm-turnend-guard.sh /var/folders/p3/95t2_00n2jl3r2cn79bfn18h0000gp/T//fm-turnend-guard.IpXS2c/hook-claude-recovery-contention/bin/fm-turnend-guard.sh
++ cp /Users/AI/.no-mistakes/worktrees/edb446952c22/01M1EYV82B3ZA2ZEAH2A2NMK1R/bin/fm-turnend-guard-grok.sh /var/folders/p3/95t2_00n2jl3r2cn79bfn18h0000gp/T//fm-turnend-guard.IpXS2c/hook-claude-recovery-contention/bin/fm-turnend-guard-grok.sh
++ cp /Users/AI/.no-mistakes/worktrees/edb446952c22/01M1EYV82B3ZA2ZEAH2A2NMK1R/bin/fm-operational-input.sh /var/folders/p3/95t2_00n2jl3r2cn79bfn18h0000gp/T//fm-turnend-guard.IpXS2c/hook-claude-recovery-contention/bin/fm-operational-input.sh
++ cp /Users/AI/.no-mistakes/worktrees/edb446952c22/01M1EYV82B3ZA2ZEAH2A2NMK1R/bin/fm-supervision-instructions.sh /var/folders/p3/95t2_00n2jl3r2cn79bfn18h0000gp/T//fm-turnend-guard.IpXS2c/hook-claude-recovery-contention/bin/fm-supervision-instructions.sh
++ cp /Users/AI/.no-mistakes/worktrees/edb446952c22/01M1EYV82B3ZA2ZEAH2A2NMK1R/bin/fm-harness.sh /var/folders/p3/95t2_00n2jl3r2cn79bfn18h0000gp/T//fm-turnend-guard.IpXS2c/hook-claude-recovery-contention/bin/fm-harness.sh
++ cp /Users/AI/.no-mistakes/worktrees/edb446952c22/01M1EYV82B3ZA2ZEAH2A2NMK1R/bin/fm-primary-scope-lib.sh /var/folders/p3/95t2_00n2jl3r2cn79bfn18h0000gp/T//fm-turnend-guard.IpXS2c/hook-claude-recovery-contention/bin/fm-primary-scope-lib.sh
++ cp /Users/AI/.no-mistakes/worktrees/edb446952c22/01M1EYV82B3ZA2ZEAH2A2NMK1R/bin/fm-supervision-lib.sh /var/folders/p3/95t2_00n2jl3r2cn79bfn18h0000gp/T//fm-turnend-guard.IpXS2c/hook-claude-recovery-contention/bin/fm-supervision-lib.sh
++ cp /Users/AI/.no-mistakes/worktrees/edb446952c22/01M1EYV82B3ZA2ZEAH2A2NMK1R/bin/fm-wake-lib.sh /var/folders/p3/95t2_00n2jl3r2cn79bfn18h0000gp/T//fm-turnend-guard.IpXS2c/hook-claude-recovery-contention/bin/fm-wake-lib.sh
++ cp /Users/AI/.no-mistakes/worktrees/edb446952c22/01M1EYV82B3ZA2ZEAH2A2NMK1R/bin/fm-hook-host-lib.sh /var/folders/p3/95t2_00n2jl3r2cn79bfn18h0000gp/T//fm-turnend-guard.IpXS2c/hook-claude-recovery-contention/bin/fm-hook-host-lib.sh
++ cp /Users/AI/.no-mistakes/worktrees/edb446952c22/01M1EYV82B3ZA2ZEAH2A2NMK1R/bin/fm-timeout-lib.sh /var/folders/p3/95t2_00n2jl3r2cn79bfn18h0000gp/T//fm-turnend-guard.IpXS2c/hook-claude-recovery-contention/bin/fm-timeout-lib.sh
++ cp /Users/AI/.no-mistakes/worktrees/edb446952c22/01M1EYV82B3ZA2ZEAH2A2NMK1R/bin/fm-owner-invoke-wait-check.sh /var/folders/p3/95t2_00n2jl3r2cn79bfn18h0000gp/T//fm-turnend-guard.IpXS2c/hook-claude-recovery-contention/bin/fm-owner-invoke-wait-check.sh
++ mkdir -p /var/folders/p3/95t2_00n2jl3r2cn79bfn18h0000gp/T//fm-turnend-guard.IpXS2c/hook-claude-recovery-contention/docs
++ cp -R /Users/AI/.no-mistakes/worktrees/edb446952c22/01M1EYV82B3ZA2ZEAH2A2NMK1R/docs/supervision-protocols /var/folders/p3/95t2_00n2jl3r2cn79bfn18h0000gp/T//fm-turnend-guard.IpXS2c/hook-claude-recovery-contention/docs/supervision-protocols
++ chmod +x /var/folders/p3/95t2_00n2jl3r2cn79bfn18h0000gp/T//fm-turnend-guard.IpXS2c/hook-claude-recovery-contention/bin/fm-turnend-guard.sh /var/folders/p3/95t2_00n2jl3r2cn79bfn18h0000gp/T//fm-turnend-guard.IpXS2c/hook-claude-recovery-contention/bin/fm-turnend-guard-grok.sh /var/folders/p3/95t2_00n2jl3r2cn79bfn18h0000gp/T//fm-turnend-guard.IpXS2c/hook-claude-recovery-contention/bin/fm-operational-input.sh /var/folders/p3/95t2_00n2jl3r2cn79bfn18h0000gp/T//fm-turnend-guard.IpXS2c/hook-claude-recovery-contention/bin/fm-supervision-instructions.sh /var/folders/p3/95t2_00n2jl3r2cn79bfn18h0000gp/T//fm-turnend-guard.IpXS2c/hook-claude-recovery-contention/bin/fm-harness.sh /var/folders/p3/95t2_00n2jl3r2cn79bfn18h0000gp/T//fm-turnend-guard.IpXS2c/hook-claude-recovery-contention/bin/fm-owner-invoke-wait-check.sh
++ printf '%s\n' /var/folders/p3/95t2_00n2jl3r2cn79bfn18h0000gp/T//fm-turnend-guard.IpXS2c/hook-claude-recovery-contention
+ dir=/var/folders/p3/95t2_00n2jl3r2cn79bfn18h0000gp/T//fm-turnend-guard.IpXS2c/hook-claude-recovery-contention
+ :
+ seed_claude_budget /var/folders/p3/95t2_00n2jl3r2cn79bfn18h0000gp/T//fm-turnend-guard.IpXS2c/hook-claude-recovery-contention 3
+ local dir=/var/folders/p3/95t2_00n2jl3r2cn79bfn18h0000gp/T//fm-turnend-guard.IpXS2c/hook-claude-recovery-contention count=3 epoch=2
+ printf 'session=sess-claude-mode\ncount=%s\nepoch=%s\n' 3 2
+ :
+ :
+ sleep 60
+ pid=24249
++ watcher_identity /var/folders/p3/95t2_00n2jl3r2cn79bfn18h0000gp/T//fm-turnend-guard.IpXS2c/hook-claude-recovery-contention 24249
++ local dir=/var/folders/p3/95t2_00n2jl3r2cn79bfn18h0000gp/T//fm-turnend-guard.IpXS2c/hook-claude-recovery-contention pid=24249
++ FM_STATE_OVERRIDE=/var/folders/p3/95t2_00n2jl3r2cn79bfn18h0000gp/T//fm-turnend-guard.IpXS2c/hook-claude-recovery-contention/state
++ bash -c '. "$1"; fm_pid_identity "$2"' _ /var/folders/p3/95t2_00n2jl3r2cn79bfn18h0000gp/T//fm-turnend-guard.IpXS2c/hook-claude-recovery-contention/bin/fm-wake-lib.sh 24249
+ identity='Wed Sep  2 01:12:00 2026     sleep 60'
+ record_watcher_lock /var/folders/p3/95t2_00n2jl3r2cn79bfn18h0000gp/T//fm-turnend-guard.IpXS2c/hook-claude-recovery-contention 24249 'Wed Sep  2 01:12:00 2026     sleep 60'
+ local dir=/var/folders/p3/95t2_00n2jl3r2cn79bfn18h0000gp/T//fm-turnend-guard.IpXS2c/hook-claude-recovery-contention pid=24249 'identity=Wed Sep  2 01:12:00 2026     sleep 60' root bin_dir
++ cd /var/folders/p3/95t2_00n2jl3r2cn79bfn18h0000gp/T//fm-turnend-guard.IpXS2c/hook-claude-recovery-contention
++ pwd
+ root=/var/folders/p3/95t2_00n2jl3r2cn79bfn18h0000gp/T/fm-turnend-guard.IpXS2c/hook-claude-recovery-contention
++ cd /var/folders/p3/95t2_00n2jl3r2cn79bfn18h0000gp/T//fm-turnend-guard.IpXS2c/hook-claude-recovery-contention/bin
++ pwd
+ bin_dir=/var/folders/p3/95t2_00n2jl3r2cn79bfn18h0000gp/T/fm-turnend-guard.IpXS2c/hook-claude-recovery-contention/bin
+ mkdir -p /var/folders/p3/95t2_00n2jl3r2cn79bfn18h0000gp/T//fm-turnend-guard.IpXS2c/hook-claude-recovery-contention/state/.watch.lock
+ printf '%s\n' 24249
+ printf '%s\n' /var/folders/p3/95t2_00n2jl3r2cn79bfn18h0000gp/T/fm-turnend-guard.IpXS2c/hook-claude-recovery-contention
+ printf '%s\n' /var/folders/p3/95t2_00n2jl3r2cn79bfn18h0000gp/T/fm-turnend-guard.IpXS2c/hook-claude-recovery-contention/bin/fm-watch.sh
+ printf '%s\n' 'Wed Sep  2 01:12:00 2026     sleep 60'
+ touch /var/folders/p3/95t2_00n2jl3r2cn79bfn18h0000gp/T//fm-turnend-guard.IpXS2c/hook-claude-recovery-contention/state/.last-watcher-beat
+ holder=24338
+ mkdir -p /var/folders/p3/95t2_00n2jl3r2cn79bfn18h0000gp/T//fm-turnend-guard.IpXS2c/hook-claude-recovery-contention/state/.turnend-claude-blocks.lock
+ sleep 60
+ printf '%s\n' 24338
++ run_hook_claude /var/folders/p3/95t2_00n2jl3r2cn79bfn18h0000gp/T//fm-turnend-guard.IpXS2c/hook-claude-recovery-contention false
++ local dir=/var/folders/p3/95t2_00n2jl3r2cn79bfn18h0000gp/T//fm-turnend-guard.IpXS2c/hook-claude-recovery-contention stop_active=false home
+++ cd /var/folders/p3/95t2_00n2jl3r2cn79bfn18h0000gp/T//fm-turnend-guard.IpXS2c/hook-claude-recovery-contention
+++ pwd
++ home=/var/folders/p3/95t2_00n2jl3r2cn79bfn18h0000gp/T/fm-turnend-guard.IpXS2c/hook-claude-recovery-contention
++ printf '{"stop_hook_active":%s,"session_id":"sess-claude-mode"}' false
++ CLAUDECODE=1
++ FM_HOME=/var/folders/p3/95t2_00n2jl3r2cn79bfn18h0000gp/T/fm-turnend-guard.IpXS2c/hook-claude-recovery-contention
++ bash /var/folders/p3/95t2_00n2jl3r2cn79bfn18h0000gp/T//fm-turnend-guard.IpXS2c/hook-claude-recovery-contention/bin/fm-turnend-guard.sh --claude
+ out=
+ status=2
+ expect_code 2 2 'a healthy guard must continue when the episode reset lock is busy'
+ local expected=2 actual=2 'label=a healthy guard must continue when the episode reset lock is busy'
+ '[' 2 = 2 ']'
+ '[' -z '' ']'
+ assert_present /var/folders/p3/95t2_00n2jl3r2cn79bfn18h0000gp/T//fm-turnend-guard.IpXS2c/hook-claude-recovery-contention/state/.turnend-claude-blocks 'guard contention partially cleared the block budget'
+ '[' -e /var/folders/p3/95t2_00n2jl3r2cn79bfn18h0000gp/T//fm-turnend-guard.IpXS2c/hook-claude-recovery-contention/state/.turnend-claude-blocks ']'
+ assert_present /var/folders/p3/95t2_00n2jl3r2cn79bfn18h0000gp/T//fm-turnend-guard.IpXS2c/hook-claude-recovery-contention/state/.claude-autoarm-failure-notified 'guard contention partially cleared the failure notice'
+ '[' -e /var/folders/p3/95t2_00n2jl3r2cn79bfn18h0000gp/T//fm-turnend-guard.IpXS2c/hook-claude-recovery-contention/state/.claude-autoarm-failure-notified ']'
+ assert_present /var/folders/p3/95t2_00n2jl3r2cn79bfn18h0000gp/T//fm-turnend-guard.IpXS2c/hook-claude-recovery-contention/state/.claude-autoarm-failure-alarmed 'guard contention partially cleared the attended alarm'
+ '[' -e /var/folders/p3/95t2_00n2jl3r2cn79bfn18h0000gp/T//fm-turnend-guard.IpXS2c/hook-claude-recovery-contention/state/.claude-autoarm-failure-alarmed ']'
+ kill 24338
+ wait 24338
+ true
++ run_hook_claude /var/folders/p3/95t2_00n2jl3r2cn79bfn18h0000gp/T//fm-turnend-guard.IpXS2c/hook-claude-recovery-contention false
++ local dir=/var/folders/p3/95t2_00n2jl3r2cn79bfn18h0000gp/T//fm-turnend-guard.IpXS2c/hook-claude-recovery-contention stop_active=false home
+++ cd /var/folders/p3/95t2_00n2jl3r2cn79bfn18h0000gp/T//fm-turnend-guard.IpXS2c/hook-claude-recovery-contention
+++ pwd
++ home=/var/folders/p3/95t2_00n2jl3r2cn79bfn18h0000gp/T/fm-turnend-guard.IpXS2c/hook-claude-recovery-contention
++ printf '{"stop_hook_active":%s,"session_id":"sess-claude-mode"}' false
++ CLAUDECODE=1
++ FM_HOME=/var/folders/p3/95t2_00n2jl3r2cn79bfn18h0000gp/T/fm-turnend-guard.IpXS2c/hook-claude-recovery-contention
++ bash /var/folders/p3/95t2_00n2jl3r2cn79bfn18h0000gp/T//fm-turnend-guard.IpXS2c/hook-claude-recovery-contention/bin/fm-turnend-guard.sh --claude
+ out=
+ status=0
+ kill 24249
+ wait 24249
+ true
+ expect_code 0 0 'the healthy guard must allow after completing the episode reset'
+ local expected=0 actual=0 'label=the healthy guard must allow after completing the episode reset'
+ '[' 0 = 0 ']'
+ assert_absent /var/folders/p3/95t2_00n2jl3r2cn79bfn18h0000gp/T//fm-turnend-guard.IpXS2c/hook-claude-recovery-contention/state/.turnend-claude-blocks 'successful guard reset left the block budget'
+ '[' '!' -e /var/folders/p3/95t2_00n2jl3r2cn79bfn18h0000gp/T//fm-turnend-guard.IpXS2c/hook-claude-recovery-contention/state/.turnend-claude-blocks ']'
+ assert_absent /var/folders/p3/95t2_00n2jl3r2cn79bfn18h0000gp/T//fm-turnend-guard.IpXS2c/hook-claude-recovery-contention/state/.claude-autoarm-failure-notified 'successful guard reset left the failure notice'
+ '[' '!' -e /var/folders/p3/95t2_00n2jl3r2cn79bfn18h0000gp/T//fm-turnend-guard.IpXS2c/hook-claude-recovery-contention/state/.claude-autoarm-failure-notified ']'
+ assert_absent /var/folders/p3/95t2_00n2jl3r2cn79bfn18h0000gp/T//fm-turnend-guard.IpXS2c/hook-claude-recovery-contention/state/.claude-autoarm-failure-alarmed 'successful guard reset left the attended alarm'
+ '[' '!' -e /var/folders/p3/95t2_00n2jl3r2cn79bfn18h0000gp/T//fm-turnend-guard.IpXS2c/hook-claude-recovery-contention/state/.claude-autoarm-failure-alarmed ']'
+ pass 'fm-turnend-guard --claude: reset contention preserves all episode state until retry'
+ printf 'ok - %s\n' 'fm-turnend-guard --claude: reset contention preserves all episode state until retry'
ok - fm-turnend-guard --claude: reset contention preserves all episode state until retry
+ test_hook_claude_mode_concurrent_recovery_resets_are_idempotent
+ local dir pid identity auto_pid guard_pid auto_status guard_status
++ make_primary_dir /var/folders/p3/95t2_00n2jl3r2cn79bfn18h0000gp/T//fm-turnend-guard.IpXS2c/hook-claude-concurrent-recovery
++ local dir=/var/folders/p3/95t2_00n2jl3r2cn79bfn18h0000gp/T//fm-turnend-guard.IpXS2c/hook-claude-concurrent-recovery
++ mkdir -p /var/folders/p3/95t2_00n2jl3r2cn79bfn18h0000gp/T//fm-turnend-guard.IpXS2c/hook-claude-concurrent-recovery/state
++ git init -q /var/folders/p3/95t2_00n2jl3r2cn79bfn18h0000gp/T//fm-turnend-guard.IpXS2c/hook-claude-concurrent-recovery
++ git -C /var/folders/p3/95t2_00n2jl3r2cn79bfn18h0000gp/T//fm-turnend-guard.IpXS2c/hook-claude-concurrent-recovery commit -q --allow-empty -m init
++ :
++ install_guard_scripts /var/folders/p3/95t2_00n2jl3r2cn79bfn18h0000gp/T//fm-turnend-guard.IpXS2c/hook-claude-concurrent-recovery
++ local dir=/var/folders/p3/95t2_00n2jl3r2cn79bfn18h0000gp/T//fm-turnend-guard.IpXS2c/hook-claude-concurrent-recovery
++ mkdir -p /var/folders/p3/95t2_00n2jl3r2cn79bfn18h0000gp/T//fm-turnend-guard.IpXS2c/hook-claude-concurrent-recovery/bin
++ cp /Users/AI/.no-mistakes/worktrees/edb446952c22/01M1EYV82B3ZA2ZEAH2A2NMK1R/bin/fm-turnend-guard.sh /var/folders/p3/95t2_00n2jl3r2cn79bfn18h0000gp/T//fm-turnend-guard.IpXS2c/hook-claude-concurrent-recovery/bin/fm-turnend-guard.sh
++ cp /Users/AI/.no-mistakes/worktrees/edb446952c22/01M1EYV82B3ZA2ZEAH2A2NMK1R/bin/fm-turnend-guard-grok.sh /var/folders/p3/95t2_00n2jl3r2cn79bfn18h0000gp/T//fm-turnend-guard.IpXS2c/hook-claude-concurrent-recovery/bin/fm-turnend-guard-grok.sh
++ cp /Users/AI/.no-mistakes/worktrees/edb446952c22/01M1EYV82B3ZA2ZEAH2A2NMK1R/bin/fm-operational-input.sh /var/folders/p3/95t2_00n2jl3r2cn79bfn18h0000gp/T//fm-turnend-guard.IpXS2c/hook-claude-concurrent-recovery/bin/fm-operational-input.sh
++ cp /Users/AI/.no-mistakes/worktrees/edb446952c22/01M1EYV82B3ZA2ZEAH2A2NMK1R/bin/fm-supervision-instructions.sh /var/folders/p3/95t2_00n2jl3r2cn79bfn18h0000gp/T//fm-turnend-guard.IpXS2c/hook-claude-concurrent-recovery/bin/fm-supervision-instructions.sh
++ cp /Users/AI/.no-mistakes/worktrees/edb446952c22/01M1EYV82B3ZA2ZEAH2A2NMK1R/bin/fm-harness.sh /var/folders/p3/95t2_00n2jl3r2cn79bfn18h0000gp/T//fm-turnend-guard.IpXS2c/hook-claude-concurrent-recovery/bin/fm-harness.sh
++ cp /Users/AI/.no-mistakes/worktrees/edb446952c22/01M1EYV82B3ZA2ZEAH2A2NMK1R/bin/fm-primary-scope-lib.sh /var/folders/p3/95t2_00n2jl3r2cn79bfn18h0000gp/T//fm-turnend-guard.IpXS2c/hook-claude-concurrent-recovery/bin/fm-primary-scope-lib.sh
++ cp /Users/AI/.no-mistakes/worktrees/edb446952c22/01M1EYV82B3ZA2ZEAH2A2NMK1R/bin/fm-supervision-lib.sh /var/folders/p3/95t2_00n2jl3r2cn79bfn18h0000gp/T//fm-turnend-guard.IpXS2c/hook-claude-concurrent-recovery/bin/fm-supervision-lib.sh
++ cp /Users/AI/.no-mistakes/worktrees/edb446952c22/01M1EYV82B3ZA2ZEAH2A2NMK1R/bin/fm-wake-lib.sh /var/folders/p3/95t2_00n2jl3r2cn79bfn18h0000gp/T//fm-turnend-guard.IpXS2c/hook-claude-concurrent-recovery/bin/fm-wake-lib.sh
++ cp /Users/AI/.no-mistakes/worktrees/edb446952c22/01M1EYV82B3ZA2ZEAH2A2NMK1R/bin/fm-hook-host-lib.sh /var/folders/p3/95t2_00n2jl3r2cn79bfn18h0000gp/T//fm-turnend-guard.IpXS2c/hook-claude-concurrent-recovery/bin/fm-hook-host-lib.sh
++ cp /Users/AI/.no-mistakes/worktrees/edb446952c22/01M1EYV82B3ZA2ZEAH2A2NMK1R/bin/fm-timeout-lib.sh /var/folders/p3/95t2_00n2jl3r2cn79bfn18h0000gp/T//fm-turnend-guard.IpXS2c/hook-claude-concurrent-recovery/bin/fm-timeout-lib.sh
++ cp /Users/AI/.no-mistakes/worktrees/edb446952c22/01M1EYV82B3ZA2ZEAH2A2NMK1R/bin/fm-owner-invoke-wait-check.sh /var/folders/p3/95t2_00n2jl3r2cn79bfn18h0000gp/T//fm-turnend-guard.IpXS2c/hook-claude-concurrent-recovery/bin/fm-owner-invoke-wait-check.sh
++ mkdir -p /var/folders/p3/95t2_00n2jl3r2cn79bfn18h0000gp/T//fm-turnend-guard.IpXS2c/hook-claude-concurrent-recovery/docs
++ cp -R /Users/AI/.no-mistakes/worktrees/edb446952c22/01M1EYV82B3ZA2ZEAH2A2NMK1R/docs/supervision-protocols /var/folders/p3/95t2_00n2jl3r2cn79bfn18h0000gp/T//fm-turnend-guard.IpXS2c/hook-claude-concurrent-recovery/docs/supervision-protocols
++ chmod +x /var/folders/p3/95t2_00n2jl3r2cn79bfn18h0000gp/T//fm-turnend-guard.IpXS2c/hook-claude-concurrent-recovery/bin/fm-turnend-guard.sh /var/folders/p3/95t2_00n2jl3r2cn79bfn18h0000gp/T//fm-turnend-guard.IpXS2c/hook-claude-concurrent-recovery/bin/fm-turnend-guard-grok.sh /var/folders/p3/95t2_00n2jl3r2cn79bfn18h0000gp/T//fm-turnend-guard.IpXS2c/hook-claude-concurrent-recovery/bin/fm-operational-input.sh /var/folders/p3/95t2_00n2jl3r2cn79bfn18h0000gp/T//fm-turnend-guard.IpXS2c/hook-claude-concurrent-recovery/bin/fm-supervision-instructions.sh /var/folders/p3/95t2_00n2jl3r2cn79bfn18h0000gp/T//fm-turnend-guard.IpXS2c/hook-claude-concurrent-recovery/bin/fm-harness.sh /var/folders/p3/95t2_00n2jl3r2cn79bfn18h0000gp/T//fm-turnend-guard.IpXS2c/hook-claude-concurrent-recovery/bin/fm-owner-invoke-wait-check.sh
++ printf '%s\n' /var/folders/p3/95t2_00n2jl3r2cn79bfn18h0000gp/T//fm-turnend-guard.IpXS2c/hook-claude-concurrent-recovery
+ dir=/var/folders/p3/95t2_00n2jl3r2cn79bfn18h0000gp/T//fm-turnend-guard.IpXS2c/hook-claude-concurrent-recovery
+ :
+ install_integrated_autoarm /var/folders/p3/95t2_00n2jl3r2cn79bfn18h0000gp/T//fm-turnend-guard.IpXS2c/hook-claude-concurrent-recovery
+ local dir=/var/folders/p3/95t2_00n2jl3r2cn79bfn18h0000gp/T//fm-turnend-guard.IpXS2c/hook-claude-concurrent-recovery
+ cp /Users/AI/.no-mistakes/worktrees/edb446952c22/01M1EYV82B3ZA2ZEAH2A2NMK1R/bin/fm-claude-stop-autoarm.sh /var/folders/p3/95t2_00n2jl3r2cn79bfn18h0000gp/T//fm-turnend-guard.IpXS2c/hook-claude-concurrent-recovery/bin/fm-claude-stop-autoarm.sh
+ cp /Users/AI/.no-mistakes/worktrees/edb446952c22/01M1EYV82B3ZA2ZEAH2A2NMK1R/bin/fm-primary-scope-lib.sh /var/folders/p3/95t2_00n2jl3r2cn79bfn18h0000gp/T//fm-turnend-guard.IpXS2c/hook-claude-concurrent-recovery/bin/fm-primary-scope-lib.sh
+ cp /Users/AI/.no-mistakes/worktrees/edb446952c22/01M1EYV82B3ZA2ZEAH2A2NMK1R/bin/fm-supervision-lib.sh /var/folders/p3/95t2_00n2jl3r2cn79bfn18h0000gp/T//fm-turnend-guard.IpXS2c/hook-claude-concurrent-recovery/bin/fm-supervision-lib.sh
+ cp /Users/AI/.no-mistakes/worktrees/edb446952c22/01M1EYV82B3ZA2ZEAH2A2NMK1R/bin/fm-wake-lib.sh /var/folders/p3/95t2_00n2jl3r2cn79bfn18h0000gp/T//fm-turnend-guard.IpXS2c/hook-claude-concurrent-recovery/bin/fm-wake-lib.sh
+ cp /Users/AI/.no-mistakes/worktrees/edb446952c22/01M1EYV82B3ZA2ZEAH2A2NMK1R/bin/fm-hook-host-lib.sh /var/folders/p3/95t2_00n2jl3r2cn79bfn18h0000gp/T//fm-turnend-guard.IpXS2c/hook-claude-concurrent-recovery/bin/fm-hook-host-lib.sh
+ cp /Users/AI/.no-mistakes/worktrees/edb446952c22/01M1EYV82B3ZA2ZEAH2A2NMK1R/bin/fm-session-lock-lib.sh /var/folders/p3/95t2_00n2jl3r2cn79bfn18h0000gp/T//fm-turnend-guard.IpXS2c/hook-claude-concurrent-recovery/bin/fm-session-lock-lib.sh
+ cp /Users/AI/.no-mistakes/worktrees/edb446952c22/01M1EYV82B3ZA2ZEAH2A2NMK1R/bin/fm-cursor-lib.sh /var/folders/p3/95t2_00n2jl3r2cn79bfn18h0000gp/T//fm-turnend-guard.IpXS2c/hook-claude-concurrent-recovery/bin/fm-cursor-lib.sh
+ cp /Users/AI/.no-mistakes/worktrees/edb446952c22/01M1EYV82B3ZA2ZEAH2A2NMK1R/bin/fm-lock.sh /var/folders/p3/95t2_00n2jl3r2cn79bfn18h0000gp/T//fm-turnend-guard.IpXS2c/hook-claude-concurrent-recovery/bin/fm-lock.sh
+ chmod +x /var/folders/p3/95t2_00n2jl3r2cn79bfn18h0000gp/T//fm-turnend-guard.IpXS2c/hook-claude-concurrent-recovery/bin/fm-claude-stop-autoarm.sh /var/folders/p3/95t2_00n2jl3r2cn79bfn18h0000gp/T//fm-turnend-guard.IpXS2c/hook-claude-concurrent-recovery/bin/fm-lock.sh
+ ln -s /bin/bash /var/folders/p3/95t2_00n2jl3r2cn79bfn18h0000gp/T//fm-turnend-guard.IpXS2c/hook-claude-concurrent-recovery/fake-claude
+ write_integrated_failed_arm /var/folders/p3/95t2_00n2jl3r2cn79bfn18h0000gp/T//fm-turnend-guard.IpXS2c/hook-claude-concurrent-recovery
+ local dir=/var/folders/p3/95t2_00n2jl3r2cn79bfn18h0000gp/T//fm-turnend-guard.IpXS2c/hook-claude-concurrent-recovery
+ cat
+ chmod +x /var/folders/p3/95t2_00n2jl3r2cn79bfn18h0000gp/T//fm-turnend-guard.IpXS2c/hook-claude-concurrent-recovery/bin/fm-watch-arm.sh
+ seed_claude_budget /var/folders/p3/95t2_00n2jl3r2cn79bfn18h0000gp/T//fm-turnend-guard.IpXS2c/hook-claude-concurrent-recovery 3
+ local dir=/var/folders/p3/95t2_00n2jl3r2cn79bfn18h0000gp/T//fm-turnend-guard.IpXS2c/hook-claude-concurrent-recovery count=3 epoch=2
+ printf 'session=sess-claude-mode\ncount=%s\nepoch=%s\n' 3 2
+ :
+ :
+ pid=27674
+ sleep 60
++ watcher_identity /var/folders/p3/95t2_00n2jl3r2cn79bfn18h0000gp/T//fm-turnend-guard.IpXS2c/hook-claude-concurrent-recovery 27674
++ local dir=/var/folders/p3/95t2_00n2jl3r2cn79bfn18h0000gp/T//fm-turnend-guard.IpXS2c/hook-claude-concurrent-recovery pid=27674
++ FM_STATE_OVERRIDE=/var/folders/p3/95t2_00n2jl3r2cn79bfn18h0000gp/T//fm-turnend-guard.IpXS2c/hook-claude-concurrent-recovery/state
++ bash -c '. "$1"; fm_pid_identity "$2"' _ /var/folders/p3/95t2_00n2jl3r2cn79bfn18h0000gp/T//fm-turnend-guard.IpXS2c/hook-claude-concurrent-recovery/bin/fm-wake-lib.sh 27674
+ identity='Wed Sep  2 01:12:01 2026     sleep 60'
+ record_watcher_lock /var/folders/p3/95t2_00n2jl3r2cn79bfn18h0000gp/T//fm-turnend-guard.IpXS2c/hook-claude-concurrent-recovery 27674 'Wed Sep  2 01:12:01 2026     sleep 60'
+ local dir=/var/folders/p3/95t2_00n2jl3r2cn79bfn18h0000gp/T//fm-turnend-guard.IpXS2c/hook-claude-concurrent-recovery pid=27674 'identity=Wed Sep  2 01:12:01 2026     sleep 60' root bin_dir
++ cd /var/folders/p3/95t2_00n2jl3r2cn79bfn18h0000gp/T//fm-turnend-guard.IpXS2c/hook-claude-concurrent-recovery
++ pwd
+ root=/var/folders/p3/95t2_00n2jl3r2cn79bfn18h0000gp/T/fm-turnend-guard.IpXS2c/hook-claude-concurrent-recovery
++ cd /var/folders/p3/95t2_00n2jl3r2cn79bfn18h0000gp/T//fm-turnend-guard.IpXS2c/hook-claude-concurrent-recovery/bin
++ pwd
+ bin_dir=/var/folders/p3/95t2_00n2jl3r2cn79bfn18h0000gp/T/fm-turnend-guard.IpXS2c/hook-claude-concurrent-recovery/bin
+ mkdir -p /var/folders/p3/95t2_00n2jl3r2cn79bfn18h0000gp/T//fm-turnend-guard.IpXS2c/hook-claude-concurrent-recovery/state/.watch.lock
+ printf '%s\n' 27674
+ printf '%s\n' /var/folders/p3/95t2_00n2jl3r2cn79bfn18h0000gp/T/fm-turnend-guard.IpXS2c/hook-claude-concurrent-recovery
+ printf '%s\n' /var/folders/p3/95t2_00n2jl3r2cn79bfn18h0000gp/T/fm-turnend-guard.IpXS2c/hook-claude-concurrent-recovery/bin/fm-watch.sh
+ printf '%s\n' 'Wed Sep  2 01:12:01 2026     sleep 60'
+ touch /var/folders/p3/95t2_00n2jl3r2cn79bfn18h0000gp/T//fm-turnend-guard.IpXS2c/hook-claude-concurrent-recovery/state/.last-watcher-beat
+ auto_pid=27827
+ run_integrated_autoarm /var/folders/p3/95t2_00n2jl3r2cn79bfn18h0000gp/T//fm-turnend-guard.IpXS2c/hook-claude-concurrent-recovery
+ local dir=/var/folders/p3/95t2_00n2jl3r2cn79bfn18h0000gp/T//fm-turnend-guard.IpXS2c/hook-claude-concurrent-recovery home
++ cd /var/folders/p3/95t2_00n2jl3r2cn79bfn18h0000gp/T//fm-turnend-guard.IpXS2c/hook-claude-concurrent-recovery
++ pwd
+ FM_CLAUDE_AUTOARM_SYNC_WAIT_MS=100
+ run_hook_claude /var/folders/p3/95t2_00n2jl3r2cn79bfn18h0000gp/T//fm-turnend-guard.IpXS2c/hook-claude-concurrent-recovery false
+ guard_pid=27830
+ wait 27827
+ home=/var/folders/p3/95t2_00n2jl3r2cn79bfn18h0000gp/T/fm-turnend-guard.IpXS2c/hook-claude-concurrent-recovery
+ local dir=/var/folders/p3/95t2_00n2jl3r2cn79bfn18h0000gp/T//fm-turnend-guard.IpXS2c/hook-claude-concurrent-recovery stop_active=false home
+ printf '{"session_id":"sess-claude-mode","stop_hook_active":false}\n'
++ cd /var/folders/p3/95t2_00n2jl3r2cn79bfn18h0000gp/T//fm-turnend-guard.IpXS2c/hook-claude-concurrent-recovery
++ pwd
+ FM_HOME=/var/folders/p3/95t2_00n2jl3r2cn79bfn18h0000gp/T/fm-turnend-guard.IpXS2c/hook-claude-concurrent-recovery
+ /var/folders/p3/95t2_00n2jl3r2cn79bfn18h0000gp/T//fm-turnend-guard.IpXS2c/hook-claude-concurrent-recovery/fake-claude -c '
        printf "%s\n" "$$" > "$FM_HOME/state/.lock"
        "$FM_HOME/bin/fm-claude-stop-autoarm.sh"
      '
+ home=/var/folders/p3/95t2_00n2jl3r2cn79bfn18h0000gp/T/fm-turnend-guard.IpXS2c/hook-claude-concurrent-recovery
+ printf '{"stop_hook_active":%s,"session_id":"sess-claude-mode"}' false
+ CLAUDECODE=1
+ FM_HOME=/var/folders/p3/95t2_00n2jl3r2cn79bfn18h0000gp/T/fm-turnend-guard.IpXS2c/hook-claude-concurrent-recovery
+ bash /var/folders/p3/95t2_00n2jl3r2cn79bfn18h0000gp/T//fm-turnend-guard.IpXS2c/hook-claude-concurrent-recovery/bin/fm-turnend-guard.sh --claude
+ printf '%s\n' 0
+ printf '%s\n' 0
+ wait 27830
+ kill 27674
+ wait 27674
+ true
++ cat /var/folders/p3/95t2_00n2jl3r2cn79bfn18h0000gp/T//fm-turnend-guard.IpXS2c/hook-claude-concurrent-recovery/auto.status
+ auto_status=0
++ cat /var/folders/p3/95t2_00n2jl3r2cn79bfn18h0000gp/T//fm-turnend-guard.IpXS2c/hook-claude-concurrent-recovery/guard.status
+ guard_status=0
+ case "$auto_status:$guard_status" in
+ :
+ assert_absent /var/folders/p3/95t2_00n2jl3r2cn79bfn18h0000gp/T//fm-turnend-guard.IpXS2c/hook-claude-concurrent-recovery/state/.turnend-claude-blocks 'concurrent recovery left the block budget'
+ '[' '!' -e /var/folders/p3/95t2_00n2jl3r2cn79bfn18h0000gp/T//fm-turnend-guard.IpXS2c/hook-claude-concurrent-recovery/state/.turnend-claude-blocks ']'
+ assert_absent /var/folders/p3/95t2_00n2jl3r2cn79bfn18h0000gp/T//fm-turnend-guard.IpXS2c/hook-claude-concurrent-recovery/state/.claude-autoarm-failure-notified 'concurrent recovery left the failure notice'
+ '[' '!' -e /var/folders/p3/95t2_00n2jl3r2cn79bfn18h0000gp/T//fm-turnend-guard.IpXS2c/hook-claude-concurrent-recovery/state/.claude-autoarm-failure-notified ']'
+ assert_absent /var/folders/p3/95t2_00n2jl3r2cn79bfn18h0000gp/T//fm-turnend-guard.IpXS2c/hook-claude-concurrent-recovery/state/.claude-autoarm-failure-alarmed 'concurrent recovery left the attended alarm'
+ '[' '!' -e /var/folders/p3/95t2_00n2jl3r2cn79bfn18h0000gp/T//fm-turnend-guard.IpXS2c/hook-claude-concurrent-recovery/state/.claude-autoarm-failure-alarmed ']'
+ assert_absent /var/folders/p3/95t2_00n2jl3r2cn79bfn18h0000gp/T//fm-turnend-guard.IpXS2c/hook-claude-concurrent-recovery/state/.claude-autoarm.lock 'concurrent recovery left the owner lock'
+ '[' '!' -e /var/folders/p3/95t2_00n2jl3r2cn79bfn18h0000gp/T//fm-turnend-guard.IpXS2c/hook-claude-concurrent-recovery/state/.claude-autoarm.lock ']'
+ assert_absent /var/folders/p3/95t2_00n2jl3r2cn79bfn18h0000gp/T//fm-turnend-guard.IpXS2c/hook-claude-concurrent-recovery/state/.turnend-claude-blocks.lock 'concurrent recovery left the budget lock'
+ '[' '!' -e /var/folders/p3/95t2_00n2jl3r2cn79bfn18h0000gp/T//fm-turnend-guard.IpXS2c/hook-claude-concurrent-recovery/state/.turnend-claude-blocks.lock ']'
+ pass 'fm-turnend-guard --claude: concurrent auto-arm and guard resets are idempotent and deadlock-free'
+ printf 'ok - %s\n' 'fm-turnend-guard --claude: concurrent auto-arm and guard resets are idempotent and deadlock-free'
ok - fm-turnend-guard --claude: concurrent auto-arm and guard resets are idempotent and deadlock-free
+ test_hook_claude_mode_stale_rewake_epoch_blocks
+ local dir out status
++ make_primary_dir /var/folders/p3/95t2_00n2jl3r2cn79bfn18h0000gp/T//fm-turnend-guard.IpXS2c/hook-claude-stale-epoch
++ local dir=/var/folders/p3/95t2_00n2jl3r2cn79bfn18h0000gp/T//fm-turnend-guard.IpXS2c/hook-claude-stale-epoch
++ mkdir -p /var/folders/p3/95t2_00n2jl3r2cn79bfn18h0000gp/T//fm-turnend-guard.IpXS2c/hook-claude-stale-epoch/state
++ git init -q /var/folders/p3/95t2_00n2jl3r2cn79bfn18h0000gp/T//fm-turnend-guard.IpXS2c/hook-claude-stale-epoch
++ git -C /var/folders/p3/95t2_00n2jl3r2cn79bfn18h0000gp/T//fm-turnend-guard.IpXS2c/hook-claude-stale-epoch commit -q --allow-empty -m init
++ :
++ install_guard_scripts /var/folders/p3/95t2_00n2jl3r2cn79bfn18h0000gp/T//fm-turnend-guard.IpXS2c/hook-claude-stale-epoch
++ local dir=/var/folders/p3/95t2_00n2jl3r2cn79bfn18h0000gp/T//fm-turnend-guard.IpXS2c/hook-claude-stale-epoch
++ mkdir -p /var/folders/p3/95t2_00n2jl3r2cn79bfn18h0000gp/T//fm-turnend-guard.IpXS2c/hook-claude-stale-epoch/bin
++ cp /Users/AI/.no-mistakes/worktrees/edb446952c22/01M1EYV82B3ZA2ZEAH2A2NMK1R/bin/fm-turnend-guard.sh /var/folders/p3/95t2_00n2jl3r2cn79bfn18h0000gp/T//fm-turnend-guard.IpXS2c/hook-claude-stale-epoch/bin/fm-turnend-guard.sh
++ cp /Users/AI/.no-mistakes/worktrees/edb446952c22/01M1EYV82B3ZA2ZEAH2A2NMK1R/bin/fm-turnend-guard-grok.sh /var/folders/p3/95t2_00n2jl3r2cn79bfn18h0000gp/T//fm-turnend-guard.IpXS2c/hook-claude-stale-epoch/bin/fm-turnend-guard-grok.sh
++ cp /Users/AI/.no-mistakes/worktrees/edb446952c22/01M1EYV82B3ZA2ZEAH2A2NMK1R/bin/fm-operational-input.sh /var/folders/p3/95t2_00n2jl3r2cn79bfn18h0000gp/T//fm-turnend-guard.IpXS2c/hook-claude-stale-epoch/bin/fm-operational-input.sh
++ cp /Users/AI/.no-mistakes/worktrees/edb446952c22/01M1EYV82B3ZA2ZEAH2A2NMK1R/bin/fm-supervision-instructions.sh /var/folders/p3/95t2_00n2jl3r2cn79bfn18h0000gp/T//fm-turnend-guard.IpXS2c/hook-claude-stale-epoch/bin/fm-supervision-instructions.sh
++ cp /Users/AI/.no-mistakes/worktrees/edb446952c22/01M1EYV82B3ZA2ZEAH2A2NMK1R/bin/fm-harness.sh /var/folders/p3/95t2_00n2jl3r2cn79bfn18h0000gp/T//fm-turnend-guard.IpXS2c/hook-claude-stale-epoch/bin/fm-harness.sh
++ cp /Users/AI/.no-mistakes/worktrees/edb446952c22/01M1EYV82B3ZA2ZEAH2A2NMK1R/bin/fm-primary-scope-lib.sh /var/folders/p3/95t2_00n2jl3r2cn79bfn18h0000gp/T//fm-turnend-guard.IpXS2c/hook-claude-stale-epoch/bin/fm-primary-scope-lib.sh
++ cp /Users/AI/.no-mistakes/worktrees/edb446952c22/01M1EYV82B3ZA2ZEAH2A2NMK1R/bin/fm-supervision-lib.sh /var/folders/p3/95t2_00n2jl3r2cn79bfn18h0000gp/T//fm-turnend-guard.IpXS2c/hook-claude-stale-epoch/bin/fm-supervision-lib.sh
++ cp /Users/AI/.no-mistakes/worktrees/edb446952c22/01M1EYV82B3ZA2ZEAH2A2NMK1R/bin/fm-wake-lib.sh /var/folders/p3/95t2_00n2jl3r2cn79bfn18h0000gp/T//fm-turnend-guard.IpXS2c/hook-claude-stale-epoch/bin/fm-wake-lib.sh
++ cp /Users/AI/.no-mistakes/worktrees/edb446952c22/01M1EYV82B3ZA2ZEAH2A2NMK1R/bin/fm-hook-host-lib.sh /var/folders/p3/95t2_00n2jl3r2cn79bfn18h0000gp/T//fm-turnend-guard.IpXS2c/hook-claude-stale-epoch/bin/fm-hook-host-lib.sh
++ cp /Users/AI/.no-mistakes/worktrees/edb446952c22/01M1EYV82B3ZA2ZEAH2A2NMK1R/bin/fm-timeout-lib.sh /var/folders/p3/95t2_00n2jl3r2cn79bfn18h0000gp/T//fm-turnend-guard.IpXS2c/hook-claude-stale-epoch/bin/fm-timeout-lib.sh
++ cp /Users/AI/.no-mistakes/worktrees/edb446952c22/01M1EYV82B3ZA2ZEAH2A2NMK1R/bin/fm-owner-invoke-wait-check.sh /var/folders/p3/95t2_00n2jl3r2cn79bfn18h0000gp/T//fm-turnend-guard.IpXS2c/hook-claude-stale-epoch/bin/fm-owner-invoke-wait-check.sh
++ mkdir -p /var/folders/p3/95t2_00n2jl3r2cn79bfn18h0000gp/T//fm-turnend-guard.IpXS2c/hook-claude-stale-epoch/docs
++ cp -R /Users/AI/.no-mistakes/worktrees/edb446952c22/01M1EYV82B3ZA2ZEAH2A2NMK1R/docs/supervision-protocols /var/folders/p3/95t2_00n2jl3r2cn79bfn18h0000gp/T//fm-turnend-guard.IpXS2c/hook-claude-stale-epoch/docs/supervision-protocols
++ chmod +x /var/folders/p3/95t2_00n2jl3r2cn79bfn18h0000gp/T//fm-turnend-guard.IpXS2c/hook-claude-stale-epoch/bin/fm-turnend-guard.sh /var/folders/p3/95t2_00n2jl3r2cn79bfn18h0000gp/T//fm-turnend-guard.IpXS2c/hook-claude-stale-epoch/bin/fm-turnend-guard-grok.sh /var/folders/p3/95t2_00n2jl3r2cn79bfn18h0000gp/T//fm-turnend-guard.IpXS2c/hook-claude-stale-epoch/bin/fm-operational-input.sh /var/folders/p3/95t2_00n2jl3r2cn79bfn18h0000gp/T//fm-turnend-guard.IpXS2c/hook-claude-stale-epoch/bin/fm-supervision-instructions.sh /var/folders/p3/95t2_00n2jl3r2cn79bfn18h0000gp/T//fm-turnend-guard.IpXS2c/hook-claude-stale-epoch/bin/fm-harness.sh /var/folders/p3/95t2_00n2jl3r2cn79bfn18h0000gp/T//fm-turnend-guard.IpXS2c/hook-claude-stale-epoch/bin/fm-owner-invoke-wait-check.sh
++ printf '%s\n' /var/folders/p3/95t2_00n2jl3r2cn79bfn18h0000gp/T//fm-turnend-guard.IpXS2c/hook-claude-stale-epoch
+ dir=/var/folders/p3/95t2_00n2jl3r2cn79bfn18h0000gp/T//fm-turnend-guard.IpXS2c/hook-claude-stale-epoch
+ :
+ printf 'epoch=3 owner_pid=999 outcome=rewake updated_at=1\n'
+ touch -t 202001010000 /var/folders/p3/95t2_00n2jl3r2cn79bfn18h0000gp/T//fm-turnend-guard.IpXS2c/hook-claude-stale-epoch/state/.claude-autoarm-epoch
++ FM_CLAUDE_AUTOARM_SYNC_WAIT_MS=200
++ run_hook_claude /var/folders/p3/95t2_00n2jl3r2cn79bfn18h0000gp/T//fm-turnend-guard.IpXS2c/hook-claude-stale-epoch true
++ local dir=/var/folders/p3/95t2_00n2jl3r2cn79bfn18h0000gp/T//fm-turnend-guard.IpXS2c/hook-claude-stale-epoch stop_active=true home
+++ cd /var/folders/p3/95t2_00n2jl3r2cn79bfn18h0000gp/T//fm-turnend-guard.IpXS2c/hook-claude-stale-epoch
+++ pwd
++ home=/var/folders/p3/95t2_00n2jl3r2cn79bfn18h0000gp/T/fm-turnend-guard.IpXS2c/hook-claude-stale-epoch
++ printf '{"stop_hook_active":%s,"session_id":"sess-claude-mode"}' true
++ CLAUDECODE=1
++ FM_HOME=/var/folders/p3/95t2_00n2jl3r2cn79bfn18h0000gp/T/fm-turnend-guard.IpXS2c/hook-claude-stale-epoch
++ bash /var/folders/p3/95t2_00n2jl3r2cn79bfn18h0000gp/T//fm-turnend-guard.IpXS2c/hook-claude-stale-epoch/bin/fm-turnend-guard.sh --claude
+ out='●━━━━━━━━━━━━━━━━━━━━━━━━━━━━━━━━━━━━━━━━━━━━━━━━━━━━━━━━━━━━━━━━━━━━━━━
●  TURN WOULD END BLIND - SUPERVISION IS OFF
●  1 task(s) in flight, but no live watcher holds this home lock (last beat: never).
●  The Stop-owned auto-arm did not claim this home either, so recovery is NOT already under way.
●  watcher supervision needs Stop-owned automatic recovery; inspect the hook registration and startup status before ending the turn.
●━━━━━━━━━━━━━━━━━━━━━━━━━━━━━━━━━━━━━━━━━━━━━━━━━━━━━━━━━━━━━━━━━━━━━━━'
+ status=2
+ expect_code 2 2 '--claude mode must not treat an ancient rewake epoch as this event'\''s recovery'
+ local expected=2 actual=2 'label=--claude mode must not treat an ancient rewake epoch as this event'\''s recovery'
+ '[' 2 = 2 ']'
+ pass 'fm-turnend-guard --claude: stale rewake epoch does not allow a blind stop'
+ printf 'ok - %s\n' 'fm-turnend-guard --claude: stale rewake epoch does not allow a blind stop'
ok - fm-turnend-guard --claude: stale rewake epoch does not allow a blind stop
+ test_hook_claude_mode_budget_without_verified_failure_keeps_blocking
+ local dir out status i
++ make_primary_dir /var/folders/p3/95t2_00n2jl3r2cn79bfn18h0000gp/T//fm-turnend-guard.IpXS2c/hook-claude-budget
++ local dir=/var/folders/p3/95t2_00n2jl3r2cn79bfn18h0000gp/T//fm-turnend-guard.IpXS2c/hook-claude-budget
++ mkdir -p /var/folders/p3/95t2_00n2jl3r2cn79bfn18h0000gp/T//fm-turnend-guard.IpXS2c/hook-claude-budget/state
++ git init -q /var/folders/p3/95t2_00n2jl3r2cn79bfn18h0000gp/T//fm-turnend-guard.IpXS2c/hook-claude-budget
++ git -C /var/folders/p3/95t2_00n2jl3r2cn79bfn18h0000gp/T//fm-turnend-guard.IpXS2c/hook-claude-budget commit -q --allow-empty -m init
++ :
++ install_guard_scripts /var/folders/p3/95t2_00n2jl3r2cn79bfn18h0000gp/T//fm-turnend-guard.IpXS2c/hook-claude-budget
++ local dir=/var/folders/p3/95t2_00n2jl3r2cn79bfn18h0000gp/T//fm-turnend-guard.IpXS2c/hook-claude-budget
++ mkdir -p /var/folders/p3/95t2_00n2jl3r2cn79bfn18h0000gp/T//fm-turnend-guard.IpXS2c/hook-claude-budget/bin
++ cp /Users/AI/.no-mistakes/worktrees/edb446952c22/01M1EYV82B3ZA2ZEAH2A2NMK1R/bin/fm-turnend-guard.sh /var/folders/p3/95t2_00n2jl3r2cn79bfn18h0000gp/T//fm-turnend-guard.IpXS2c/hook-claude-budget/bin/fm-turnend-guard.sh
++ cp /Users/AI/.no-mistakes/worktrees/edb446952c22/01M1EYV82B3ZA2ZEAH2A2NMK1R/bin/fm-turnend-guard-grok.sh /var/folders/p3/95t2_00n2jl3r2cn79bfn18h0000gp/T//fm-turnend-guard.IpXS2c/hook-claude-budget/bin/fm-turnend-guard-grok.sh
++ cp /Users/AI/.no-mistakes/worktrees/edb446952c22/01M1EYV82B3ZA2ZEAH2A2NMK1R/bin/fm-operational-input.sh /var/folders/p3/95t2_00n2jl3r2cn79bfn18h0000gp/T//fm-turnend-guard.IpXS2c/hook-claude-budget/bin/fm-operational-input.sh
++ cp /Users/AI/.no-mistakes/worktrees/edb446952c22/01M1EYV82B3ZA2ZEAH2A2NMK1R/bin/fm-supervision-instructions.sh /var/folders/p3/95t2_00n2jl3r2cn79bfn18h0000gp/T//fm-turnend-guard.IpXS2c/hook-claude-budget/bin/fm-supervision-instructions.sh
++ cp /Users/AI/.no-mistakes/worktrees/edb446952c22/01M1EYV82B3ZA2ZEAH2A2NMK1R/bin/fm-harness.sh /var/folders/p3/95t2_00n2jl3r2cn79bfn18h0000gp/T//fm-turnend-guard.IpXS2c/hook-claude-budget/bin/fm-harness.sh
++ cp /Users/AI/.no-mistakes/worktrees/edb446952c22/01M1EYV82B3ZA2ZEAH2A2NMK1R/bin/fm-primary-scope-lib.sh /var/folders/p3/95t2_00n2jl3r2cn79bfn18h0000gp/T//fm-turnend-guard.IpXS2c/hook-claude-budget/bin/fm-primary-scope-lib.sh
++ cp /Users/AI/.no-mistakes/worktrees/edb446952c22/01M1EYV82B3ZA2ZEAH2A2NMK1R/bin/fm-supervision-lib.sh /var/folders/p3/95t2_00n2jl3r2cn79bfn18h0000gp/T//fm-turnend-guard.IpXS2c/hook-claude-budget/bin/fm-supervision-lib.sh
++ cp /Users/AI/.no-mistakes/worktrees/edb446952c22/01M1EYV82B3ZA2ZEAH2A2NMK1R/bin/fm-wake-lib.sh /var/folders/p3/95t2_00n2jl3r2cn79bfn18h0000gp/T//fm-turnend-guard.IpXS2c/hook-claude-budget/bin/fm-wake-lib.sh
++ cp /Users/AI/.no-mistakes/worktrees/edb446952c22/01M1EYV82B3ZA2ZEAH2A2NMK1R/bin/fm-hook-host-lib.sh /var/folders/p3/95t2_00n2jl3r2cn79bfn18h0000gp/T//fm-turnend-guard.IpXS2c/hook-claude-budget/bin/fm-hook-host-lib.sh
++ cp /Users/AI/.no-mistakes/worktrees/edb446952c22/01M1EYV82B3ZA2ZEAH2A2NMK1R/bin/fm-timeout-lib.sh /var/folders/p3/95t2_00n2jl3r2cn79bfn18h0000gp/T//fm-turnend-guard.IpXS2c/hook-claude-budget/bin/fm-timeout-lib.sh
++ cp /Users/AI/.no-mistakes/worktrees/edb446952c22/01M1EYV82B3ZA2ZEAH2A2NMK1R/bin/fm-owner-invoke-wait-check.sh /var/folders/p3/95t2_00n2jl3r2cn79bfn18h0000gp/T//fm-turnend-guard.IpXS2c/hook-claude-budget/bin/fm-owner-invoke-wait-check.sh
++ mkdir -p /var/folders/p3/95t2_00n2jl3r2cn79bfn18h0000gp/T//fm-turnend-guard.IpXS2c/hook-claude-budget/docs
++ cp -R /Users/AI/.no-mistakes/worktrees/edb446952c22/01M1EYV82B3ZA2ZEAH2A2NMK1R/docs/supervision-protocols /var/folders/p3/95t2_00n2jl3r2cn79bfn18h0000gp/T//fm-turnend-guard.IpXS2c/hook-claude-budget/docs/supervision-protocols
++ chmod +x /var/folders/p3/95t2_00n2jl3r2cn79bfn18h0000gp/T//fm-turnend-guard.IpXS2c/hook-claude-budget/bin/fm-turnend-guard.sh /var/folders/p3/95t2_00n2jl3r2cn79bfn18h0000gp/T//fm-turnend-guard.IpXS2c/hook-claude-budget/bin/fm-turnend-guard-grok.sh /var/folders/p3/95t2_00n2jl3r2cn79bfn18h0000gp/T//fm-turnend-guard.IpXS2c/hook-claude-budget/bin/fm-operational-input.sh /var/folders/p3/95t2_00n2jl3r2cn79bfn18h0000gp/T//fm-turnend-guard.IpXS2c/hook-claude-budget/bin/fm-supervision-instructions.sh /var/folders/p3/95t2_00n2jl3r2cn79bfn18h0000gp/T//fm-turnend-guard.IpXS2c/hook-claude-budget/bin/fm-harness.sh /var/folders/p3/95t2_00n2jl3r2cn79bfn18h0000gp/T//fm-turnend-guard.IpXS2c/hook-claude-budget/bin/fm-owner-invoke-wait-check.sh
++ printf '%s\n' /var/folders/p3/95t2_00n2jl3r2cn79bfn18h0000gp/T//fm-turnend-guard.IpXS2c/hook-claude-budget
+ dir=/var/folders/p3/95t2_00n2jl3r2cn79bfn18h0000gp/T//fm-turnend-guard.IpXS2c/hook-claude-budget
+ :
+ for i in 1 2 3 4
++ FM_CLAUDE_AUTOARM_SYNC_WAIT_MS=100
++ run_hook_claude /var/folders/p3/95t2_00n2jl3r2cn79bfn18h0000gp/T//fm-turnend-guard.IpXS2c/hook-claude-budget false
++ local dir=/var/folders/p3/95t2_00n2jl3r2cn79bfn18h0000gp/T//fm-turnend-guard.IpXS2c/hook-claude-budget stop_active=false home
+++ cd /var/folders/p3/95t2_00n2jl3r2cn79bfn18h0000gp/T//fm-turnend-guard.IpXS2c/hook-claude-budget
+++ pwd
++ home=/var/folders/p3/95t2_00n2jl3r2cn79bfn18h0000gp/T/fm-turnend-guard.IpXS2c/hook-claude-budget
++ printf '{"stop_hook_active":%s,"session_id":"sess-claude-mode"}' false
++ CLAUDECODE=1
++ FM_HOME=/var/folders/p3/95t2_00n2jl3r2cn79bfn18h0000gp/T/fm-turnend-guard.IpXS2c/hook-claude-budget
++ bash /var/folders/p3/95t2_00n2jl3r2cn79bfn18h0000gp/T//fm-turnend-guard.IpXS2c/hook-claude-budget/bin/fm-turnend-guard.sh --claude
+ out='●━━━━━━━━━━━━━━━━━━━━━━━━━━━━━━━━━━━━━━━━━━━━━━━━━━━━━━━━━━━━━━━━━━━━━━━
●  TURN WOULD END BLIND - SUPERVISION IS OFF
●  1 task(s) in flight, but no live watcher holds this home lock (last beat: never).
●  The Stop-owned auto-arm did not claim this home either, so recovery is NOT already under way.
●  watcher supervision needs Stop-owned automatic recovery; inspect the hook registration and startup status before ending the turn.
●━━━━━━━━━━━━━━━━━━━━━━━━━━━━━━━━━━━━━━━━━━━━━━━━━━━━━━━━━━━━━━━━━━━━━━━'
+ status=2
+ expect_code 2 2 '--claude block 1 must exit 2 within the budget'
+ local expected=2 actual=2 'label=--claude block 1 must exit 2 within the budget'
+ '[' 2 = 2 ']'
+ for i in 1 2 3 4
++ FM_CLAUDE_AUTOARM_SYNC_WAIT_MS=100
++ run_hook_claude /var/folders/p3/95t2_00n2jl3r2cn79bfn18h0000gp/T//fm-turnend-guard.IpXS2c/hook-claude-budget false
++ local dir=/var/folders/p3/95t2_00n2jl3r2cn79bfn18h0000gp/T//fm-turnend-guard.IpXS2c/hook-claude-budget stop_active=false home
+++ cd /var/folders/p3/95t2_00n2jl3r2cn79bfn18h0000gp/T//fm-turnend-guard.IpXS2c/hook-claude-budget
+++ pwd
++ home=/var/folders/p3/95t2_00n2jl3r2cn79bfn18h0000gp/T/fm-turnend-guard.IpXS2c/hook-claude-budget
++ printf '{"stop_hook_active":%s,"session_id":"sess-claude-mode"}' false
++ CLAUDECODE=1
++ FM_HOME=/var/folders/p3/95t2_00n2jl3r2cn79bfn18h0000gp/T/fm-turnend-guard.IpXS2c/hook-claude-budget
++ bash /var/folders/p3/95t2_00n2jl3r2cn79bfn18h0000gp/T//fm-turnend-guard.IpXS2c/hook-claude-budget/bin/fm-turnend-guard.sh --claude
+ out='●━━━━━━━━━━━━━━━━━━━━━━━━━━━━━━━━━━━━━━━━━━━━━━━━━━━━━━━━━━━━━━━━━━━━━━━
●  TURN WOULD END BLIND - SUPERVISION IS OFF
●  1 task(s) in flight, but no live watcher holds this home lock (last beat: never).
●  The Stop-owned auto-arm did not claim this home either, so recovery is NOT already under way.
●  watcher supervision needs Stop-owned automatic recovery; inspect the hook registration and startup status before ending the turn.
●━━━━━━━━━━━━━━━━━━━━━━━━━━━━━━━━━━━━━━━━━━━━━━━━━━━━━━━━━━━━━━━━━━━━━━━'
+ status=2
+ expect_code 2 2 '--claude block 2 must exit 2 within the budget'
+ local expected=2 actual=2 'label=--claude block 2 must exit 2 within the budget'
+ '[' 2 = 2 ']'
+ for i in 1 2 3 4
++ FM_CLAUDE_AUTOARM_SYNC_WAIT_MS=100
++ run_hook_claude /var/folders/p3/95t2_00n2jl3r2cn79bfn18h0000gp/T//fm-turnend-guard.IpXS2c/hook-claude-budget false
++ local dir=/var/folders/p3/95t2_00n2jl3r2cn79bfn18h0000gp/T//fm-turnend-guard.IpXS2c/hook-claude-budget stop_active=false home
+++ cd /var/folders/p3/95t2_00n2jl3r2cn79bfn18h0000gp/T//fm-turnend-guard.IpXS2c/hook-claude-budget
+++ pwd
++ home=/var/folders/p3/95t2_00n2jl3r2cn79bfn18h0000gp/T/fm-turnend-guard.IpXS2c/hook-claude-budget
++ printf '{"stop_hook_active":%s,"session_id":"sess-claude-mode"}' false
++ CLAUDECODE=1
++ FM_HOME=/var/folders/p3/95t2_00n2jl3r2cn79bfn18h0000gp/T/fm-turnend-guard.IpXS2c/hook-claude-budget
++ bash /var/folders/p3/95t2_00n2jl3r2cn79bfn18h0000gp/T//fm-turnend-guard.IpXS2c/hook-claude-budget/bin/fm-turnend-guard.sh --claude
+ out='●━━━━━━━━━━━━━━━━━━━━━━━━━━━━━━━━━━━━━━━━━━━━━━━━━━━━━━━━━━━━━━━━━━━━━━━
●  TURN WOULD END BLIND - SUPERVISION IS OFF
●  1 task(s) in flight, but no live watcher holds this home lock (last beat: never).
●  The Stop-owned auto-arm did not claim this home either, so recovery is NOT already under way.
●  watcher supervision needs Stop-owned automatic recovery; inspect the hook registration and startup status before ending the turn.
●━━━━━━━━━━━━━━━━━━━━━━━━━━━━━━━━━━━━━━━━━━━━━━━━━━━━━━━━━━━━━━━━━━━━━━━'
+ status=2
+ expect_code 2 2 '--claude block 3 must exit 2 within the budget'
+ local expected=2 actual=2 'label=--claude block 3 must exit 2 within the budget'
+ '[' 2 = 2 ']'
+ for i in 1 2 3 4
++ FM_CLAUDE_AUTOARM_SYNC_WAIT_MS=100
++ run_hook_claude /var/folders/p3/95t2_00n2jl3r2cn79bfn18h0000gp/T//fm-turnend-guard.IpXS2c/hook-claude-budget false
++ local dir=/var/folders/p3/95t2_00n2jl3r2cn79bfn18h0000gp/T//fm-turnend-guard.IpXS2c/hook-claude-budget stop_active=false home
+++ cd /var/folders/p3/95t2_00n2jl3r2cn79bfn18h0000gp/T//fm-turnend-guard.IpXS2c/hook-claude-budget
+++ pwd
++ home=/var/folders/p3/95t2_00n2jl3r2cn79bfn18h0000gp/T/fm-turnend-guard.IpXS2c/hook-claude-budget
++ printf '{"stop_hook_active":%s,"session_id":"sess-claude-mode"}' false
++ CLAUDECODE=1
++ FM_HOME=/var/folders/p3/95t2_00n2jl3r2cn79bfn18h0000gp/T/fm-turnend-guard.IpXS2c/hook-claude-budget
++ bash /var/folders/p3/95t2_00n2jl3r2cn79bfn18h0000gp/T//fm-turnend-guard.IpXS2c/hook-claude-budget/bin/fm-turnend-guard.sh --claude
+ out='●━━━━━━━━━━━━━━━━━━━━━━━━━━━━━━━━━━━━━━━━━━━━━━━━━━━━━━━━━━━━━━━━━━━━━━━
●  TURN WOULD END BLIND - SUPERVISION IS OFF
●  1 task(s) in flight, but no live watcher holds this home lock (last beat: never).
●  The Stop-owned auto-arm did not claim this home either, so recovery is NOT already under way.
●  watcher supervision needs Stop-owned automatic recovery; inspect the hook registration and startup status before ending the turn.
●━━━━━━━━━━━━━━━━━━━━━━━━━━━━━━━━━━━━━━━━━━━━━━━━━━━━━━━━━━━━━━━━━━━━━━━'
+ status=2
+ expect_code 2 2 '--claude block 4 must exit 2 within the budget'
+ local expected=2 actual=2 'label=--claude block 4 must exit 2 within the budget'
+ '[' 2 = 2 ']'
+ assert_not_contains '●━━━━━━━━━━━━━━━━━━━━━━━━━━━━━━━━━━━━━━━━━━━━━━━━━━━━━━━━━━━━━━━━━━━━━━━
●  TURN WOULD END BLIND - SUPERVISION IS OFF
●  1 task(s) in flight, but no live watcher holds this home lock (last beat: never).
●  The Stop-owned auto-arm did not claim this home either, so recovery is NOT already under way.
●  watcher supervision needs Stop-owned automatic recovery; inspect the hook registration and startup status before ending the turn.
●━━━━━━━━━━━━━━━━━━━━━━━━━━━━━━━━━━━━━━━━━━━━━━━━━━━━━━━━━━━━━━━━━━━━━━━' systemMessage 'budget exhaustion without verified auto-arm failure must not fail open'
+ case "$1" in
+ :
+ assert_absent /var/folders/p3/95t2_00n2jl3r2cn79bfn18h0000gp/T//fm-turnend-guard.IpXS2c/hook-claude-budget/state/.claude-autoarm-failure-alarmed 'unverified budget exhaustion recorded an attended alarm'
+ '[' '!' -e /var/folders/p3/95t2_00n2jl3r2cn79bfn18h0000gp/T//fm-turnend-guard.IpXS2c/hook-claude-budget/state/.claude-autoarm-failure-alarmed ']'
+ pass 'fm-turnend-guard --claude: budget exhaustion alone cannot permit a blind stop'
+ printf 'ok - %s\n' 'fm-turnend-guard --claude: budget exhaustion alone cannot permit a blind stop'
ok - fm-turnend-guard --claude: budget exhaustion alone cannot permit a blind stop
+ test_hook_claude_mode_verified_failure_alarm_is_loud_and_once
+ local dir out out2 status status2
++ make_primary_dir /var/folders/p3/95t2_00n2jl3r2cn79bfn18h0000gp/T//fm-turnend-guard.IpXS2c/hook-claude-verified-alarm
++ local dir=/var/folders/p3/95t2_00n2jl3r2cn79bfn18h0000gp/T//fm-turnend-guard.IpXS2c/hook-claude-verified-alarm
++ mkdir -p /var/folders/p3/95t2_00n2jl3r2cn79bfn18h0000gp/T//fm-turnend-guard.IpXS2c/hook-claude-verified-alarm/state
++ git init -q /var/folders/p3/95t2_00n2jl3r2cn79bfn18h0000gp/T//fm-turnend-guard.IpXS2c/hook-claude-verified-alarm
++ git -C /var/folders/p3/95t2_00n2jl3r2cn79bfn18h0000gp/T//fm-turnend-guard.IpXS2c/hook-claude-verified-alarm commit -q --allow-empty -m init
++ :
++ install_guard_scripts /var/folders/p3/95t2_00n2jl3r2cn79bfn18h0000gp/T//fm-turnend-guard.IpXS2c/hook-claude-verified-alarm
++ local dir=/var/folders/p3/95t2_00n2jl3r2cn79bfn18h0000gp/T//fm-turnend-guard.IpXS2c/hook-claude-verified-alarm
++ mkdir -p /var/folders/p3/95t2_00n2jl3r2cn79bfn18h0000gp/T//fm-turnend-guard.IpXS2c/hook-claude-verified-alarm/bin
++ cp /Users/AI/.no-mistakes/worktrees/edb446952c22/01M1EYV82B3ZA2ZEAH2A2NMK1R/bin/fm-turnend-guard.sh /var/folders/p3/95t2_00n2jl3r2cn79bfn18h0000gp/T//fm-turnend-guard.IpXS2c/hook-claude-verified-alarm/bin/fm-turnend-guard.sh
++ cp /Users/AI/.no-mistakes/worktrees/edb446952c22/01M1EYV82B3ZA2ZEAH2A2NMK1R/bin/fm-turnend-guard-grok.sh /var/folders/p3/95t2_00n2jl3r2cn79bfn18h0000gp/T//fm-turnend-guard.IpXS2c/hook-claude-verified-alarm/bin/fm-turnend-guard-grok.sh
++ cp /Users/AI/.no-mistakes/worktrees/edb446952c22/01M1EYV82B3ZA2ZEAH2A2NMK1R/bin/fm-operational-input.sh /var/folders/p3/95t2_00n2jl3r2cn79bfn18h0000gp/T//fm-turnend-guard.IpXS2c/hook-claude-verified-alarm/bin/fm-operational-input.sh
++ cp /Users/AI/.no-mistakes/worktrees/edb446952c22/01M1EYV82B3ZA2ZEAH2A2NMK1R/bin/fm-supervision-instructions.sh /var/folders/p3/95t2_00n2jl3r2cn79bfn18h0000gp/T//fm-turnend-guard.IpXS2c/hook-claude-verified-alarm/bin/fm-supervision-instructions.sh
++ cp /Users/AI/.no-mistakes/worktrees/edb446952c22/01M1EYV82B3ZA2ZEAH2A2NMK1R/bin/fm-harness.sh /var/folders/p3/95t2_00n2jl3r2cn79bfn18h0000gp/T//fm-turnend-guard.IpXS2c/hook-claude-verified-alarm/bin/fm-harness.sh
++ cp /Users/AI/.no-mistakes/worktrees/edb446952c22/01M1EYV82B3ZA2ZEAH2A2NMK1R/bin/fm-primary-scope-lib.sh /var/folders/p3/95t2_00n2jl3r2cn79bfn18h0000gp/T//fm-turnend-guard.IpXS2c/hook-claude-verified-alarm/bin/fm-primary-scope-lib.sh
++ cp /Users/AI/.no-mistakes/worktrees/edb446952c22/01M1EYV82B3ZA2ZEAH2A2NMK1R/bin/fm-supervision-lib.sh /var/folders/p3/95t2_00n2jl3r2cn79bfn18h0000gp/T//fm-turnend-guard.IpXS2c/hook-claude-verified-alarm/bin/fm-supervision-lib.sh
++ cp /Users/AI/.no-mistakes/worktrees/edb446952c22/01M1EYV82B3ZA2ZEAH2A2NMK1R/bin/fm-wake-lib.sh /var/folders/p3/95t2_00n2jl3r2cn79bfn18h0000gp/T//fm-turnend-guard.IpXS2c/hook-claude-verified-alarm/bin/fm-wake-lib.sh
++ cp /Users/AI/.no-mistakes/worktrees/edb446952c22/01M1EYV82B3ZA2ZEAH2A2NMK1R/bin/fm-hook-host-lib.sh /var/folders/p3/95t2_00n2jl3r2cn79bfn18h0000gp/T//fm-turnend-guard.IpXS2c/hook-claude-verified-alarm/bin/fm-hook-host-lib.sh
++ cp /Users/AI/.no-mistakes/worktrees/edb446952c22/01M1EYV82B3ZA2ZEAH2A2NMK1R/bin/fm-timeout-lib.sh /var/folders/p3/95t2_00n2jl3r2cn79bfn18h0000gp/T//fm-turnend-guard.IpXS2c/hook-claude-verified-alarm/bin/fm-timeout-lib.sh
++ cp /Users/AI/.no-mistakes/worktrees/edb446952c22/01M1EYV82B3ZA2ZEAH2A2NMK1R/bin/fm-owner-invoke-wait-check.sh /var/folders/p3/95t2_00n2jl3r2cn79bfn18h0000gp/T//fm-turnend-guard.IpXS2c/hook-claude-verified-alarm/bin/fm-owner-invoke-wait-check.sh
++ mkdir -p /var/folders/p3/95t2_00n2jl3r2cn79bfn18h0000gp/T//fm-turnend-guard.IpXS2c/hook-claude-verified-alarm/docs
++ cp -R /Users/AI/.no-mistakes/worktrees/edb446952c22/01M1EYV82B3ZA2ZEAH2A2NMK1R/docs/supervision-protocols /var/folders/p3/95t2_00n2jl3r2cn79bfn18h0000gp/T//fm-turnend-guard.IpXS2c/hook-claude-verified-alarm/docs/supervision-protocols
++ chmod +x /var/folders/p3/95t2_00n2jl3r2cn79bfn18h0000gp/T//fm-turnend-guard.IpXS2c/hook-claude-verified-alarm/bin/fm-turnend-guard.sh /var/folders/p3/95t2_00n2jl3r2cn79bfn18h0000gp/T//fm-turnend-guard.IpXS2c/hook-claude-verified-alarm/bin/fm-turnend-guard-grok.sh /var/folders/p3/95t2_00n2jl3r2cn79bfn18h0000gp/T//fm-turnend-guard.IpXS2c/hook-claude-verified-alarm/bin/fm-operational-input.sh /var/folders/p3/95t2_00n2jl3r2cn79bfn18h0000gp/T//fm-turnend-guard.IpXS2c/hook-claude-verified-alarm/bin/fm-supervision-instructions.sh /var/folders/p3/95t2_00n2jl3r2cn79bfn18h0000gp/T//fm-turnend-guard.IpXS2c/hook-claude-verified-alarm/bin/fm-harness.sh /var/folders/p3/95t2_00n2jl3r2cn79bfn18h0000gp/T//fm-turnend-guard.IpXS2c/hook-claude-verified-alarm/bin/fm-owner-invoke-wait-check.sh
++ printf '%s\n' /var/folders/p3/95t2_00n2jl3r2cn79bfn18h0000gp/T//fm-turnend-guard.IpXS2c/hook-claude-verified-alarm
+ dir=/var/folders/p3/95t2_00n2jl3r2cn79bfn18h0000gp/T//fm-turnend-guard.IpXS2c/hook-claude-verified-alarm
+ :
+ seed_claude_failure /var/folders/p3/95t2_00n2jl3r2cn79bfn18h0000gp/T//fm-turnend-guard.IpXS2c/hook-claude-verified-alarm
+ local dir=/var/folders/p3/95t2_00n2jl3r2cn79bfn18h0000gp/T//fm-turnend-guard.IpXS2c/hook-claude-verified-alarm outcome=failed-suppressed
+ :
+ printf 'epoch=3 owner_pid=999 outcome=%s updated_at=1\n' failed-suppressed
+ touch -t 202001010000 /var/folders/p3/95t2_00n2jl3r2cn79bfn18h0000gp/T//fm-turnend-guard.IpXS2c/hook-claude-verified-alarm/state/.claude-autoarm-epoch
+ seed_claude_budget /var/folders/p3/95t2_00n2jl3r2cn79bfn18h0000gp/T//fm-turnend-guard.IpXS2c/hook-claude-verified-alarm 3
+ local dir=/var/folders/p3/95t2_00n2jl3r2cn79bfn18h0000gp/T//fm-turnend-guard.IpXS2c/hook-claude-verified-alarm count=3 epoch=2
+ printf 'session=sess-claude-mode\ncount=%s\nepoch=%s\n' 3 2
++ FM_CLAUDE_AUTOARM_SYNC_WAIT_MS=100
++ run_hook_claude /var/folders/p3/95t2_00n2jl3r2cn79bfn18h0000gp/T//fm-turnend-guard.IpXS2c/hook-claude-verified-alarm true
++ local dir=/var/folders/p3/95t2_00n2jl3r2cn79bfn18h0000gp/T//fm-turnend-guard.IpXS2c/hook-claude-verified-alarm stop_active=true home
+++ cd /var/folders/p3/95t2_00n2jl3r2cn79bfn18h0000gp/T//fm-turnend-guard.IpXS2c/hook-claude-verified-alarm
+++ pwd
++ home=/var/folders/p3/95t2_00n2jl3r2cn79bfn18h0000gp/T/fm-turnend-guard.IpXS2c/hook-claude-verified-alarm
++ printf '{"stop_hook_active":%s,"session_id":"sess-claude-mode"}' true
++ CLAUDECODE=1
++ FM_HOME=/var/folders/p3/95t2_00n2jl3r2cn79bfn18h0000gp/T/fm-turnend-guard.IpXS2c/hook-claude-verified-alarm
++ bash /var/folders/p3/95t2_00n2jl3r2cn79bfn18h0000gp/T//fm-turnend-guard.IpXS2c/hook-claude-verified-alarm/bin/fm-turnend-guard.sh --claude
+ out='{"systemMessage":"FIRSTMATE SUPERVISION IS GENUINELY DOWN: 1 task(s) in flight, the Stop-owned auto-arm exhausted its bounded retries and one failure notice, no watcher or automatic continuation exists, and the block budget is exhausted. Keep this session attended and diagnose the automatic Stop-hook and watcher startup before relying on unattended supervision."}'
+ status=0
+ expect_code 0 0 'verified failure with exhausted budget must take the bounded attended fail-open'
+ local expected=0 actual=0 'label=verified failure with exhausted budget must take the bounded attended fail-open'
+ '[' 0 = 0 ']'
+ assert_contains '{"systemMessage":"FIRSTMATE SUPERVISION IS GENUINELY DOWN: 1 task(s) in flight, the Stop-owned auto-arm exhausted its bounded retries and one failure notice, no watcher or automatic continuation exists, and the block budget is exhausted. Keep this session attended and diagnose the automatic Stop-hook and watcher startup before relying on unattended supervision."}' 'FIRSTMATE SUPERVISION IS GENUINELY DOWN' 'bounded fail-open alarm was not unmistakable'
+ case "$1" in
+ :
+ assert_contains '{"systemMessage":"FIRSTMATE SUPERVISION IS GENUINELY DOWN: 1 task(s) in flight, the Stop-owned auto-arm exhausted its bounded retries and one failure notice, no watcher or automatic continuation exists, and the block budget is exhausted. Keep this session attended and diagnose the automatic Stop-hook and watcher startup before relying on unattended supervision."}' 'Keep this session attended' 'bounded fail-open alarm omitted the attended-session action'
+ case "$1" in
+ :
+ assert_contains '{"systemMessage":"FIRSTMATE SUPERVISION IS GENUINELY DOWN: 1 task(s) in flight, the Stop-owned auto-arm exhausted its bounded retries and one failure notice, no watcher or automatic continuation exists, and the block budget is exhausted. Keep this session attended and diagnose the automatic Stop-hook and watcher startup before relying on unattended supervision."}' 'diagnose the automatic Stop-hook and watcher startup' 'bounded fail-open alarm omitted automatic-mechanism diagnosis'
+ case "$1" in
+ :
+ assert_not_contains '{"systemMessage":"FIRSTMATE SUPERVISION IS GENUINELY DOWN: 1 task(s) in flight, the Stop-owned auto-arm exhausted its bounded retries and one failure notice, no watcher or automatic continuation exists, and the block budget is exhausted. Keep this session attended and diagnose the automatic Stop-hook and watcher startup before relying on unattended supervision."}' fm-watch-arm.sh 'bounded fail-open alarm assigned a manual watcher launch'
+ case "$1" in
+ :
+ assert_present /var/folders/p3/95t2_00n2jl3r2cn79bfn18h0000gp/T//fm-turnend-guard.IpXS2c/hook-claude-verified-alarm/state/.claude-autoarm-failure-alarmed 'bounded fail-open did not consume the episode alarm'
+ '[' -e /var/folders/p3/95t2_00n2jl3r2cn79bfn18h0000gp/T//fm-turnend-guard.IpXS2c/hook-claude-verified-alarm/state/.claude-autoarm-failure-alarmed ']'
++ FM_CLAUDE_AUTOARM_SYNC_WAIT_MS=100
++ run_hook_claude /var/folders/p3/95t2_00n2jl3r2cn79bfn18h0000gp/T//fm-turnend-guard.IpXS2c/hook-claude-verified-alarm true
++ local dir=/var/folders/p3/95t2_00n2jl3r2cn79bfn18h0000gp/T//fm-turnend-guard.IpXS2c/hook-claude-verified-alarm stop_active=true home
+++ cd /var/folders/p3/95t2_00n2jl3r2cn79bfn18h0000gp/T//fm-turnend-guard.IpXS2c/hook-claude-verified-alarm
+++ pwd
++ home=/var/folders/p3/95t2_00n2jl3r2cn79bfn18h0000gp/T/fm-turnend-guard.IpXS2c/hook-claude-verified-alarm
++ printf '{"stop_hook_active":%s,"session_id":"sess-claude-mode"}' true
++ CLAUDECODE=1
++ FM_HOME=/var/folders/p3/95t2_00n2jl3r2cn79bfn18h0000gp/T/fm-turnend-guard.IpXS2c/hook-claude-verified-alarm
++ bash /var/folders/p3/95t2_00n2jl3r2cn79bfn18h0000gp/T//fm-turnend-guard.IpXS2c/hook-claude-verified-alarm/bin/fm-turnend-guard.sh --claude
+ out2='●━━━━━━━━━━━━━━━━━━━━━━━━━━━━━━━━━━━━━━━━━━━━━━━━━━━━━━━━━━━━━━━━━━━━━━━
●  TURN WOULD END BLIND - SUPERVISION IS OFF
●  1 task(s) in flight, but no live watcher holds this home lock (last beat: never).
●  The Stop-owned auto-arm did not claim this home either, so recovery is NOT already under way.
●  watcher supervision needs Stop-owned automatic recovery; inspect the hook registration and startup status before ending the turn.
●━━━━━━━━━━━━━━━━━━━━━━━━━━━━━━━━━━━━━━━━━━━━━━━━━━━━━━━━━━━━━━━━━━━━━━━'
+ status2=2
+ expect_code 2 2 'a consumed attended alarm must make later unhealthy stops block again'
+ local expected=2 actual=2 'label=a consumed attended alarm must make later unhealthy stops block again'
+ '[' 2 = 2 ']'
+ assert_not_contains '●━━━━━━━━━━━━━━━━━━━━━━━━━━━━━━━━━━━━━━━━━━━━━━━━━━━━━━━━━━━━━━━━━━━━━━━
●  TURN WOULD END BLIND - SUPERVISION IS OFF
●  1 task(s) in flight, but no live watcher holds this home lock (last beat: never).
●  The Stop-owned auto-arm did not claim this home either, so recovery is NOT already under way.
●  watcher supervision needs Stop-owned automatic recovery; inspect the hook registration and startup status before ending the turn.
●━━━━━━━━━━━━━━━━━━━━━━━━━━━━━━━━━━━━━━━━━━━━━━━━━━━━━━━━━━━━━━━━━━━━━━━' 'FIRSTMATE SUPERVISION IS GENUINELY DOWN' 'attended failure alarm repeated in one episode'
+ case "$1" in
+ :
+ pass 'fm-turnend-guard --claude: verified fail-open is loud, bounded, attended, and non-repeating'
+ printf 'ok - %s\n' 'fm-turnend-guard --claude: verified fail-open is loud, bounded, attended, and non-repeating'
ok - fm-turnend-guard --claude: verified fail-open is loud, bounded, attended, and non-repeating
+ test_hook_claude_mode_fail_open_requires_notice_and_failure_epoch
+ local no_notice notice_only out status
++ make_primary_dir /var/folders/p3/95t2_00n2jl3r2cn79bfn18h0000gp/T//fm-turnend-guard.IpXS2c/hook-claude-alarm-no-notice
++ local dir=/var/folders/p3/95t2_00n2jl3r2cn79bfn18h0000gp/T//fm-turnend-guard.IpXS2c/hook-claude-alarm-no-notice
++ mkdir -p /var/folders/p3/95t2_00n2jl3r2cn79bfn18h0000gp/T//fm-turnend-guard.IpXS2c/hook-claude-alarm-no-notice/state
++ git init -q /var/folders/p3/95t2_00n2jl3r2cn79bfn18h0000gp/T//fm-turnend-guard.IpXS2c/hook-claude-alarm-no-notice
++ git -C /var/folders/p3/95t2_00n2jl3r2cn79bfn18h0000gp/T//fm-turnend-guard.IpXS2c/hook-claude-alarm-no-notice commit -q --allow-empty -m init
++ :
++ install_guard_scripts /var/folders/p3/95t2_00n2jl3r2cn79bfn18h0000gp/T//fm-turnend-guard.IpXS2c/hook-claude-alarm-no-notice
++ local dir=/var/folders/p3/95t2_00n2jl3r2cn79bfn18h0000gp/T//fm-turnend-guard.IpXS2c/hook-claude-alarm-no-notice
++ mkdir -p /var/folders/p3/95t2_00n2jl3r2cn79bfn18h0000gp/T//fm-turnend-guard.IpXS2c/hook-claude-alarm-no-notice/bin
++ cp /Users/AI/.no-mistakes/worktrees/edb446952c22/01M1EYV82B3ZA2ZEAH2A2NMK1R/bin/fm-turnend-guard.sh /var/folders/p3/95t2_00n2jl3r2cn79bfn18h0000gp/T//fm-turnend-guard.IpXS2c/hook-claude-alarm-no-notice/bin/fm-turnend-guard.sh
++ cp /Users/AI/.no-mistakes/worktrees/edb446952c22/01M1EYV82B3ZA2ZEAH2A2NMK1R/bin/fm-turnend-guard-grok.sh /var/folders/p3/95t2_00n2jl3r2cn79bfn18h0000gp/T//fm-turnend-guard.IpXS2c/hook-claude-alarm-no-notice/bin/fm-turnend-guard-grok.sh
++ cp /Users/AI/.no-mistakes/worktrees/edb446952c22/01M1EYV82B3ZA2ZEAH2A2NMK1R/bin/fm-operational-input.sh /var/folders/p3/95t2_00n2jl3r2cn79bfn18h0000gp/T//fm-turnend-guard.IpXS2c/hook-claude-alarm-no-notice/bin/fm-operational-input.sh
++ cp /Users/AI/.no-mistakes/worktrees/edb446952c22/01M1EYV82B3ZA2ZEAH2A2NMK1R/bin/fm-supervision-instructions.sh /var/folders/p3/95t2_00n2jl3r2cn79bfn18h0000gp/T//fm-turnend-guard.IpXS2c/hook-claude-alarm-no-notice/bin/fm-supervision-instructions.sh
++ cp /Users/AI/.no-mistakes/worktrees/edb446952c22/01M1EYV82B3ZA2ZEAH2A2NMK1R/bin/fm-harness.sh /var/folders/p3/95t2_00n2jl3r2cn79bfn18h0000gp/T//fm-turnend-guard.IpXS2c/hook-claude-alarm-no-notice/bin/fm-harness.sh
++ cp /Users/AI/.no-mistakes/worktrees/edb446952c22/01M1EYV82B3ZA2ZEAH2A2NMK1R/bin/fm-primary-scope-lib.sh /var/folders/p3/95t2_00n2jl3r2cn79bfn18h0000gp/T//fm-turnend-guard.IpXS2c/hook-claude-alarm-no-notice/bin/fm-primary-scope-lib.sh
++ cp /Users/AI/.no-mistakes/worktrees/edb446952c22/01M1EYV82B3ZA2ZEAH2A2NMK1R/bin/fm-supervision-lib.sh /var/folders/p3/95t2_00n2jl3r2cn79bfn18h0000gp/T//fm-turnend-guard.IpXS2c/hook-claude-alarm-no-notice/bin/fm-supervision-lib.sh
++ cp /Users/AI/.no-mistakes/worktrees/edb446952c22/01M1EYV82B3ZA2ZEAH2A2NMK1R/bin/fm-wake-lib.sh /var/folders/p3/95t2_00n2jl3r2cn79bfn18h0000gp/T//fm-turnend-guard.IpXS2c/hook-claude-alarm-no-notice/bin/fm-wake-lib.sh
++ cp /Users/AI/.no-mistakes/worktrees/edb446952c22/01M1EYV82B3ZA2ZEAH2A2NMK1R/bin/fm-hook-host-lib.sh /var/folders/p3/95t2_00n2jl3r2cn79bfn18h0000gp/T//fm-turnend-guard.IpXS2c/hook-claude-alarm-no-notice/bin/fm-hook-host-lib.sh
++ cp /Users/AI/.no-mistakes/worktrees/edb446952c22/01M1EYV82B3ZA2ZEAH2A2NMK1R/bin/fm-timeout-lib.sh /var/folders/p3/95t2_00n2jl3r2cn79bfn18h0000gp/T//fm-turnend-guard.IpXS2c/hook-claude-alarm-no-notice/bin/fm-timeout-lib.sh
++ cp /Users/AI/.no-mistakes/worktrees/edb446952c22/01M1EYV82B3ZA2ZEAH2A2NMK1R/bin/fm-owner-invoke-wait-check.sh /var/folders/p3/95t2_00n2jl3r2cn79bfn18h0000gp/T//fm-turnend-guard.IpXS2c/hook-claude-alarm-no-notice/bin/fm-owner-invoke-wait-check.sh
++ mkdir -p /var/folders/p3/95t2_00n2jl3r2cn79bfn18h0000gp/T//fm-turnend-guard.IpXS2c/hook-claude-alarm-no-notice/docs
++ cp -R /Users/AI/.no-mistakes/worktrees/edb446952c22/01M1EYV82B3ZA2ZEAH2A2NMK1R/docs/supervision-protocols /var/folders/p3/95t2_00n2jl3r2cn79bfn18h0000gp/T//fm-turnend-guard.IpXS2c/hook-claude-alarm-no-notice/docs/supervision-protocols
++ chmod +x /var/folders/p3/95t2_00n2jl3r2cn79bfn18h0000gp/T//fm-turnend-guard.IpXS2c/hook-claude-alarm-no-notice/bin/fm-turnend-guard.sh /var/folders/p3/95t2_00n2jl3r2cn79bfn18h0000gp/T//fm-turnend-guard.IpXS2c/hook-claude-alarm-no-notice/bin/fm-turnend-guard-grok.sh /var/folders/p3/95t2_00n2jl3r2cn79bfn18h0000gp/T//fm-turnend-guard.IpXS2c/hook-claude-alarm-no-notice/bin/fm-operational-input.sh /var/folders/p3/95t2_00n2jl3r2cn79bfn18h0000gp/T//fm-turnend-guard.IpXS2c/hook-claude-alarm-no-notice/bin/fm-supervision-instructions.sh /var/folders/p3/95t2_00n2jl3r2cn79bfn18h0000gp/T//fm-turnend-guard.IpXS2c/hook-claude-alarm-no-notice/bin/fm-harness.sh /var/folders/p3/95t2_00n2jl3r2cn79bfn18h0000gp/T//fm-turnend-guard.IpXS2c/hook-claude-alarm-no-notice/bin/fm-owner-invoke-wait-check.sh
++ printf '%s\n' /var/folders/p3/95t2_00n2jl3r2cn79bfn18h0000gp/T//fm-turnend-guard.IpXS2c/hook-claude-alarm-no-notice
+ no_notice=/var/folders/p3/95t2_00n2jl3r2cn79bfn18h0000gp/T//fm-turnend-guard.IpXS2c/hook-claude-alarm-no-notice
+ :
+ printf 'epoch=3 owner_pid=999 outcome=failed-suppressed updated_at=1\n'
+ touch -t 202001010000 /var/folders/p3/95t2_00n2jl3r2cn79bfn18h0000gp/T//fm-turnend-guard.IpXS2c/hook-claude-alarm-no-notice/state/.claude-autoarm-epoch
+ seed_claude_budget /var/folders/p3/95t2_00n2jl3r2cn79bfn18h0000gp/T//fm-turnend-guard.IpXS2c/hook-claude-alarm-no-notice 3
+ local dir=/var/folders/p3/95t2_00n2jl3r2cn79bfn18h0000gp/T//fm-turnend-guard.IpXS2c/hook-claude-alarm-no-notice count=3 epoch=2
+ printf 'session=sess-claude-mode\ncount=%s\nepoch=%s\n' 3 2
++ FM_CLAUDE_AUTOARM_SYNC_WAIT_MS=100
++ run_hook_claude /var/folders/p3/95t2_00n2jl3r2cn79bfn18h0000gp/T//fm-turnend-guard.IpXS2c/hook-claude-alarm-no-notice true
++ local dir=/var/folders/p3/95t2_00n2jl3r2cn79bfn18h0000gp/T//fm-turnend-guard.IpXS2c/hook-claude-alarm-no-notice stop_active=true home
+++ cd /var/folders/p3/95t2_00n2jl3r2cn79bfn18h0000gp/T//fm-turnend-guard.IpXS2c/hook-claude-alarm-no-notice
+++ pwd
++ home=/var/folders/p3/95t2_00n2jl3r2cn79bfn18h0000gp/T/fm-turnend-guard.IpXS2c/hook-claude-alarm-no-notice
++ printf '{"stop_hook_active":%s,"session_id":"sess-claude-mode"}' true
++ CLAUDECODE=1
++ FM_HOME=/var/folders/p3/95t2_00n2jl3r2cn79bfn18h0000gp/T/fm-turnend-guard.IpXS2c/hook-claude-alarm-no-notice
++ bash /var/folders/p3/95t2_00n2jl3r2cn79bfn18h0000gp/T//fm-turnend-guard.IpXS2c/hook-claude-alarm-no-notice/bin/fm-turnend-guard.sh --claude
+ out='●━━━━━━━━━━━━━━━━━━━━━━━━━━━━━━━━━━━━━━━━━━━━━━━━━━━━━━━━━━━━━━━━━━━━━━━
●  TURN WOULD END BLIND - SUPERVISION IS OFF
●  1 task(s) in flight, but no live watcher holds this home lock (last beat: never).
●  The Stop-owned auto-arm did not claim this home either, so recovery is NOT already under way.
●  watcher supervision needs Stop-owned automatic recovery; inspect the hook registration and startup status before ending the turn.
●━━━━━━━━━━━━━━━━━━━━━━━━━━━━━━━━━━━━━━━━━━━━━━━━━━━━━━━━━━━━━━━━━━━━━━━'
+ status=2
+ expect_code 2 2 'an exhausted failure epoch without the consumed notice must remain blocking'
+ local expected=2 actual=2 'label=an exhausted failure epoch without the consumed notice must remain blocking'
+ '[' 2 = 2 ']'
++ make_primary_dir /var/folders/p3/95t2_00n2jl3r2cn79bfn18h0000gp/T//fm-turnend-guard.IpXS2c/hook-claude-alarm-no-epoch
++ local dir=/var/folders/p3/95t2_00n2jl3r2cn79bfn18h0000gp/T//fm-turnend-guard.IpXS2c/hook-claude-alarm-no-epoch
++ mkdir -p /var/folders/p3/95t2_00n2jl3r2cn79bfn18h0000gp/T//fm-turnend-guard.IpXS2c/hook-claude-alarm-no-epoch/state
++ git init -q /var/folders/p3/95t2_00n2jl3r2cn79bfn18h0000gp/T//fm-turnend-guard.IpXS2c/hook-claude-alarm-no-epoch
++ git -C /var/folders/p3/95t2_00n2jl3r2cn79bfn18h0000gp/T//fm-turnend-guard.IpXS2c/hook-claude-alarm-no-epoch commit -q --allow-empty -m init
++ :
++ install_guard_scripts /var/folders/p3/95t2_00n2jl3r2cn79bfn18h0000gp/T//fm-turnend-guard.IpXS2c/hook-claude-alarm-no-epoch
++ local dir=/var/folders/p3/95t2_00n2jl3r2cn79bfn18h0000gp/T//fm-turnend-guard.IpXS2c/hook-claude-alarm-no-epoch
++ mkdir -p /var/folders/p3/95t2_00n2jl3r2cn79bfn18h0000gp/T//fm-turnend-guard.IpXS2c/hook-claude-alarm-no-epoch/bin
++ cp /Users/AI/.no-mistakes/worktrees/edb446952c22/01M1EYV82B3ZA2ZEAH2A2NMK1R/bin/fm-turnend-guard.sh /var/folders/p3/95t2_00n2jl3r2cn79bfn18h0000gp/T//fm-turnend-guard.IpXS2c/hook-claude-alarm-no-epoch/bin/fm-turnend-guard.sh
++ cp /Users/AI/.no-mistakes/worktrees/edb446952c22/01M1EYV82B3ZA2ZEAH2A2NMK1R/bin/fm-turnend-guard-grok.sh /var/folders/p3/95t2_00n2jl3r2cn79bfn18h0000gp/T//fm-turnend-guard.IpXS2c/hook-claude-alarm-no-epoch/bin/fm-turnend-guard-grok.sh
++ cp /Users/AI/.no-mistakes/worktrees/edb446952c22/01M1EYV82B3ZA2ZEAH2A2NMK1R/bin/fm-operational-input.sh /var/folders/p3/95t2_00n2jl3r2cn79bfn18h0000gp/T//fm-turnend-guard.IpXS2c/hook-claude-alarm-no-epoch/bin/fm-operational-input.sh
++ cp /Users/AI/.no-mistakes/worktrees/edb446952c22/01M1EYV82B3ZA2ZEAH2A2NMK1R/bin/fm-supervision-instructions.sh /var/folders/p3/95t2_00n2jl3r2cn79bfn18h0000gp/T//fm-turnend-guard.IpXS2c/hook-claude-alarm-no-epoch/bin/fm-supervision-instructions.sh
++ cp /Users/AI/.no-mistakes/worktrees/edb446952c22/01M1EYV82B3ZA2ZEAH2A2NMK1R/bin/fm-harness.sh /var/folders/p3/95t2_00n2jl3r2cn79bfn18h0000gp/T//fm-turnend-guard.IpXS2c/hook-claude-alarm-no-epoch/bin/fm-harness.sh
++ cp /Users/AI/.no-mistakes/worktrees/edb446952c22/01M1EYV82B3ZA2ZEAH2A2NMK1R/bin/fm-primary-scope-lib.sh /var/folders/p3/95t2_00n2jl3r2cn79bfn18h0000gp/T//fm-turnend-guard.IpXS2c/hook-claude-alarm-no-epoch/bin/fm-primary-scope-lib.sh
++ cp /Users/AI/.no-mistakes/worktrees/edb446952c22/01M1EYV82B3ZA2ZEAH2A2NMK1R/bin/fm-supervision-lib.sh /var/folders/p3/95t2_00n2jl3r2cn79bfn18h0000gp/T//fm-turnend-guard.IpXS2c/hook-claude-alarm-no-epoch/bin/fm-supervision-lib.sh
++ cp /Users/AI/.no-mistakes/worktrees/edb446952c22/01M1EYV82B3ZA2ZEAH2A2NMK1R/bin/fm-wake-lib.sh /var/folders/p3/95t2_00n2jl3r2cn79bfn18h0000gp/T//fm-turnend-guard.IpXS2c/hook-claude-alarm-no-epoch/bin/fm-wake-lib.sh
++ cp /Users/AI/.no-mistakes/worktrees/edb446952c22/01M1EYV82B3ZA2ZEAH2A2NMK1R/bin/fm-hook-host-lib.sh /var/folders/p3/95t2_00n2jl3r2cn79bfn18h0000gp/T//fm-turnend-guard.IpXS2c/hook-claude-alarm-no-epoch/bin/fm-hook-host-lib.sh
++ cp /Users/AI/.no-mistakes/worktrees/edb446952c22/01M1EYV82B3ZA2ZEAH2A2NMK1R/bin/fm-timeout-lib.sh /var/folders/p3/95t2_00n2jl3r2cn79bfn18h0000gp/T//fm-turnend-guard.IpXS2c/hook-claude-alarm-no-epoch/bin/fm-timeout-lib.sh
++ cp /Users/AI/.no-mistakes/worktrees/edb446952c22/01M1EYV82B3ZA2ZEAH2A2NMK1R/bin/fm-owner-invoke-wait-check.sh /var/folders/p3/95t2_00n2jl3r2cn79bfn18h0000gp/T//fm-turnend-guard.IpXS2c/hook-claude-alarm-no-epoch/bin/fm-owner-invoke-wait-check.sh
++ mkdir -p /var/folders/p3/95t2_00n2jl3r2cn79bfn18h0000gp/T//fm-turnend-guard.IpXS2c/hook-claude-alarm-no-epoch/docs
++ cp -R /Users/AI/.no-mistakes/worktrees/edb446952c22/01M1EYV82B3ZA2ZEAH2A2NMK1R/docs/supervision-protocols /var/folders/p3/95t2_00n2jl3r2cn79bfn18h0000gp/T//fm-turnend-guard.IpXS2c/hook-claude-alarm-no-epoch/docs/supervision-protocols
++ chmod +x /var/folders/p3/95t2_00n2jl3r2cn79bfn18h0000gp/T//fm-turnend-guard.IpXS2c/hook-claude-alarm-no-epoch/bin/fm-turnend-guard.sh /var/folders/p3/95t2_00n2jl3r2cn79bfn18h0000gp/T//fm-turnend-guard.IpXS2c/hook-claude-alarm-no-epoch/bin/fm-turnend-guard-grok.sh /var/folders/p3/95t2_00n2jl3r2cn79bfn18h0000gp/T//fm-turnend-guard.IpXS2c/hook-claude-alarm-no-epoch/bin/fm-operational-input.sh /var/folders/p3/95t2_00n2jl3r2cn79bfn18h0000gp/T//fm-turnend-guard.IpXS2c/hook-claude-alarm-no-epoch/bin/fm-supervision-instructions.sh /var/folders/p3/95t2_00n2jl3r2cn79bfn18h0000gp/T//fm-turnend-guard.IpXS2c/hook-claude-alarm-no-epoch/bin/fm-harness.sh /var/folders/p3/95t2_00n2jl3r2cn79bfn18h0000gp/T//fm-turnend-guard.IpXS2c/hook-claude-alarm-no-epoch/bin/fm-owner-invoke-wait-check.sh
++ printf '%s\n' /var/folders/p3/95t2_00n2jl3r2cn79bfn18h0000gp/T//fm-turnend-guard.IpXS2c/hook-claude-alarm-no-epoch
+ notice_only=/var/folders/p3/95t2_00n2jl3r2cn79bfn18h0000gp/T//fm-turnend-guard.IpXS2c/hook-claude-alarm-no-epoch
+ :
+ :
+ seed_claude_budget /var/folders/p3/95t2_00n2jl3r2cn79bfn18h0000gp/T//fm-turnend-guard.IpXS2c/hook-claude-alarm-no-epoch 3
+ local dir=/var/folders/p3/95t2_00n2jl3r2cn79bfn18h0000gp/T//fm-turnend-guard.IpXS2c/hook-claude-alarm-no-epoch count=3 epoch=2
+ printf 'session=sess-claude-mode\ncount=%s\nepoch=%s\n' 3 2
++ FM_CLAUDE_AUTOARM_SYNC_WAIT_MS=100
++ run_hook_claude /var/folders/p3/95t2_00n2jl3r2cn79bfn18h0000gp/T//fm-turnend-guard.IpXS2c/hook-claude-alarm-no-epoch true
++ local dir=/var/folders/p3/95t2_00n2jl3r2cn79bfn18h0000gp/T//fm-turnend-guard.IpXS2c/hook-claude-alarm-no-epoch stop_active=true home
+++ cd /var/folders/p3/95t2_00n2jl3r2cn79bfn18h0000gp/T//fm-turnend-guard.IpXS2c/hook-claude-alarm-no-epoch
+++ pwd
++ home=/var/folders/p3/95t2_00n2jl3r2cn79bfn18h0000gp/T/fm-turnend-guard.IpXS2c/hook-claude-alarm-no-epoch
++ printf '{"stop_hook_active":%s,"session_id":"sess-claude-mode"}' true
++ CLAUDECODE=1
++ FM_HOME=/var/folders/p3/95t2_00n2jl3r2cn79bfn18h0000gp/T/fm-turnend-guard.IpXS2c/hook-claude-alarm-no-epoch
++ bash /var/folders/p3/95t2_00n2jl3r2cn79bfn18h0000gp/T//fm-turnend-guard.IpXS2c/hook-claude-alarm-no-epoch/bin/fm-turnend-guard.sh --claude
+ out='●━━━━━━━━━━━━━━━━━━━━━━━━━━━━━━━━━━━━━━━━━━━━━━━━━━━━━━━━━━━━━━━━━━━━━━━
●  TURN WOULD END BLIND - SUPERVISION IS OFF
●  1 task(s) in flight, but no live watcher holds this home lock (last beat: never).
●  The Stop-owned auto-arm did not claim this home either, so recovery is NOT already under way.
●  watcher supervision needs Stop-owned automatic recovery; inspect the hook registration and startup status before ending the turn.
●━━━━━━━━━━━━━━━━━━━━━━━━━━━━━━━━━━━━━━━━━━━━━━━━━━━━━━━━━━━━━━━━━━━━━━━'
+ status=2
+ expect_code 2 2 'a consumed notice without an exhausted failure epoch must remain blocking'
+ local expected=2 actual=2 'label=a consumed notice without an exhausted failure epoch must remain blocking'
+ '[' 2 = 2 ']'
+ pass 'fm-turnend-guard --claude: fail-open requires both exhausted retries and consumed notice'
+ printf 'ok - %s\n' 'fm-turnend-guard --claude: fail-open requires both exhausted retries and consumed notice'
ok - fm-turnend-guard --claude: fail-open requires both exhausted retries and consumed notice
+ test_hook_claude_mode_away_mode_never_uses_stop_autoarm_fail_open
+ local dir out status
++ make_primary_dir /var/folders/p3/95t2_00n2jl3r2cn79bfn18h0000gp/T//fm-turnend-guard.IpXS2c/hook-claude-alarm-afk
++ local dir=/var/folders/p3/95t2_00n2jl3r2cn79bfn18h0000gp/T//fm-turnend-guard.IpXS2c/hook-claude-alarm-afk
++ mkdir -p /var/folders/p3/95t2_00n2jl3r2cn79bfn18h0000gp/T//fm-turnend-guard.IpXS2c/hook-claude-alarm-afk/state
++ git init -q /var/folders/p3/95t2_00n2jl3r2cn79bfn18h0000gp/T//fm-turnend-guard.IpXS2c/hook-claude-alarm-afk
++ git -C /var/folders/p3/95t2_00n2jl3r2cn79bfn18h0000gp/T//fm-turnend-guard.IpXS2c/hook-claude-alarm-afk commit -q --allow-empty -m init
++ :
++ install_guard_scripts /var/folders/p3/95t2_00n2jl3r2cn79bfn18h0000gp/T//fm-turnend-guard.IpXS2c/hook-claude-alarm-afk
++ local dir=/var/folders/p3/95t2_00n2jl3r2cn79bfn18h0000gp/T//fm-turnend-guard.IpXS2c/hook-claude-alarm-afk
++ mkdir -p /var/folders/p3/95t2_00n2jl3r2cn79bfn18h0000gp/T//fm-turnend-guard.IpXS2c/hook-claude-alarm-afk/bin
++ cp /Users/AI/.no-mistakes/worktrees/edb446952c22/01M1EYV82B3ZA2ZEAH2A2NMK1R/bin/fm-turnend-guard.sh /var/folders/p3/95t2_00n2jl3r2cn79bfn18h0000gp/T//fm-turnend-guard.IpXS2c/hook-claude-alarm-afk/bin/fm-turnend-guard.sh
++ cp /Users/AI/.no-mistakes/worktrees/edb446952c22/01M1EYV82B3ZA2ZEAH2A2NMK1R/bin/fm-turnend-guard-grok.sh /var/folders/p3/95t2_00n2jl3r2cn79bfn18h0000gp/T//fm-turnend-guard.IpXS2c/hook-claude-alarm-afk/bin/fm-turnend-guard-grok.sh
++ cp /Users/AI/.no-mistakes/worktrees/edb446952c22/01M1EYV82B3ZA2ZEAH2A2NMK1R/bin/fm-operational-input.sh /var/folders/p3/95t2_00n2jl3r2cn79bfn18h0000gp/T//fm-turnend-guard.IpXS2c/hook-claude-alarm-afk/bin/fm-operational-input.sh
++ cp /Users/AI/.no-mistakes/worktrees/edb446952c22/01M1EYV82B3ZA2ZEAH2A2NMK1R/bin/fm-supervision-instructions.sh /var/folders/p3/95t2_00n2jl3r2cn79bfn18h0000gp/T//fm-turnend-guard.IpXS2c/hook-claude-alarm-afk/bin/fm-supervision-instructions.sh
++ cp /Users/AI/.no-mistakes/worktrees/edb446952c22/01M1EYV82B3ZA2ZEAH2A2NMK1R/bin/fm-harness.sh /var/folders/p3/95t2_00n2jl3r2cn79bfn18h0000gp/T//fm-turnend-guard.IpXS2c/hook-claude-alarm-afk/bin/fm-harness.sh
++ cp /Users/AI/.no-mistakes/worktrees/edb446952c22/01M1EYV82B3ZA2ZEAH2A2NMK1R/bin/fm-primary-scope-lib.sh /var/folders/p3/95t2_00n2jl3r2cn79bfn18h0000gp/T//fm-turnend-guard.IpXS2c/hook-claude-alarm-afk/bin/fm-primary-scope-lib.sh
++ cp /Users/AI/.no-mistakes/worktrees/edb446952c22/01M1EYV82B3ZA2ZEAH2A2NMK1R/bin/fm-supervision-lib.sh /var/folders/p3/95t2_00n2jl3r2cn79bfn18h0000gp/T//fm-turnend-guard.IpXS2c/hook-claude-alarm-afk/bin/fm-supervision-lib.sh
++ cp /Users/AI/.no-mistakes/worktrees/edb446952c22/01M1EYV82B3ZA2ZEAH2A2NMK1R/bin/fm-wake-lib.sh /var/folders/p3/95t2_00n2jl3r2cn79bfn18h0000gp/T//fm-turnend-guard.IpXS2c/hook-claude-alarm-afk/bin/fm-wake-lib.sh
++ cp /Users/AI/.no-mistakes/worktrees/edb446952c22/01M1EYV82B3ZA2ZEAH2A2NMK1R/bin/fm-hook-host-lib.sh /var/folders/p3/95t2_00n2jl3r2cn79bfn18h0000gp/T//fm-turnend-guard.IpXS2c/hook-claude-alarm-afk/bin/fm-hook-host-lib.sh
++ cp /Users/AI/.no-mistakes/worktrees/edb446952c22/01M1EYV82B3ZA2ZEAH2A2NMK1R/bin/fm-timeout-lib.sh /var/folders/p3/95t2_00n2jl3r2cn79bfn18h0000gp/T//fm-turnend-guard.IpXS2c/hook-claude-alarm-afk/bin/fm-timeout-lib.sh
++ cp /Users/AI/.no-mistakes/worktrees/edb446952c22/01M1EYV82B3ZA2ZEAH2A2NMK1R/bin/fm-owner-invoke-wait-check.sh /var/folders/p3/95t2_00n2jl3r2cn79bfn18h0000gp/T//fm-turnend-guard.IpXS2c/hook-claude-alarm-afk/bin/fm-owner-invoke-wait-check.sh
++ mkdir -p /var/folders/p3/95t2_00n2jl3r2cn79bfn18h0000gp/T//fm-turnend-guard.IpXS2c/hook-claude-alarm-afk/docs
++ cp -R /Users/AI/.no-mistakes/worktrees/edb446952c22/01M1EYV82B3ZA2ZEAH2A2NMK1R/docs/supervision-protocols /var/folders/p3/95t2_00n2jl3r2cn79bfn18h0000gp/T//fm-turnend-guard.IpXS2c/hook-claude-alarm-afk/docs/supervision-protocols
++ chmod +x /var/folders/p3/95t2_00n2jl3r2cn79bfn18h0000gp/T//fm-turnend-guard.IpXS2c/hook-claude-alarm-afk/bin/fm-turnend-guard.sh /var/folders/p3/95t2_00n2jl3r2cn79bfn18h0000gp/T//fm-turnend-guard.IpXS2c/hook-claude-alarm-afk/bin/fm-turnend-guard-grok.sh /var/folders/p3/95t2_00n2jl3r2cn79bfn18h0000gp/T//fm-turnend-guard.IpXS2c/hook-claude-alarm-afk/bin/fm-operational-input.sh /var/folders/p3/95t2_00n2jl3r2cn79bfn18h0000gp/T//fm-turnend-guard.IpXS2c/hook-claude-alarm-afk/bin/fm-supervision-instructions.sh /var/folders/p3/95t2_00n2jl3r2cn79bfn18h0000gp/T//fm-turnend-guard.IpXS2c/hook-claude-alarm-afk/bin/fm-harness.sh /var/folders/p3/95t2_00n2jl3r2cn79bfn18h0000gp/T//fm-turnend-guard.IpXS2c/hook-claude-alarm-afk/bin/fm-owner-invoke-wait-check.sh
++ printf '%s\n' /var/folders/p3/95t2_00n2jl3r2cn79bfn18h0000gp/T//fm-turnend-guard.IpXS2c/hook-claude-alarm-afk
+ dir=/var/folders/p3/95t2_00n2jl3r2cn79bfn18h0000gp/T//fm-turnend-guard.IpXS2c/hook-claude-alarm-afk
+ :
+ :
+ seed_claude_failure /var/folders/p3/95t2_00n2jl3r2cn79bfn18h0000gp/T//fm-turnend-guard.IpXS2c/hook-claude-alarm-afk
+ local dir=/var/folders/p3/95t2_00n2jl3r2cn79bfn18h0000gp/T//fm-turnend-guard.IpXS2c/hook-claude-alarm-afk outcome=failed-suppressed
+ :
+ printf 'epoch=3 owner_pid=999 outcome=%s updated_at=1\n' failed-suppressed
+ touch -t 202001010000 /var/folders/p3/95t2_00n2jl3r2cn79bfn18h0000gp/T//fm-turnend-guard.IpXS2c/hook-claude-alarm-afk/state/.claude-autoarm-epoch
+ seed_claude_budget /var/folders/p3/95t2_00n2jl3r2cn79bfn18h0000gp/T//fm-turnend-guard.IpXS2c/hook-claude-alarm-afk 3
+ local dir=/var/folders/p3/95t2_00n2jl3r2cn79bfn18h0000gp/T//fm-turnend-guard.IpXS2c/hook-claude-alarm-afk count=3 epoch=2
+ printf 'session=sess-claude-mode\ncount=%s\nepoch=%s\n' 3 2
++ FM_CLAUDE_AUTOARM_SYNC_WAIT_MS=100
++ run_hook_claude /var/folders/p3/95t2_00n2jl3r2cn79bfn18h0000gp/T//fm-turnend-guard.IpXS2c/hook-claude-alarm-afk true
++ local dir=/var/folders/p3/95t2_00n2jl3r2cn79bfn18h0000gp/T//fm-turnend-guard.IpXS2c/hook-claude-alarm-afk stop_active=true home
+++ cd /var/folders/p3/95t2_00n2jl3r2cn79bfn18h0000gp/T//fm-turnend-guard.IpXS2c/hook-claude-alarm-afk
+++ pwd
++ home=/var/folders/p3/95t2_00n2jl3r2cn79bfn18h0000gp/T/fm-turnend-guard.IpXS2c/hook-claude-alarm-afk
++ printf '{"stop_hook_active":%s,"session_id":"sess-claude-mode"}' true
++ CLAUDECODE=1
++ FM_HOME=/var/folders/p3/95t2_00n2jl3r2cn79bfn18h0000gp/T/fm-turnend-guard.IpXS2c/hook-claude-alarm-afk
++ bash /var/folders/p3/95t2_00n2jl3r2cn79bfn18h0000gp/T//fm-turnend-guard.IpXS2c/hook-claude-alarm-afk/bin/fm-turnend-guard.sh --claude
+ out='●━━━━━━━━━━━━━━━━━━━━━━━━━━━━━━━━━━━━━━━━━━━━━━━━━━━━━━━━━━━━━━━━━━━━━━━
●  TURN WOULD END BLIND - SUPERVISION IS OFF
●  1 task(s) in flight, but no live watcher holds this home lock (last beat: never).
●  The Stop-owned auto-arm did not claim this home either, so recovery is NOT already under way.
●  Away mode owns watcher supervision; load /afk and ensure the daemon is running instead of starting normal supervision directly.
●━━━━━━━━━━━━━━━━━━━━━━━━━━━━━━━━━━━━━━━━━━━━━━━━━━━━━━━━━━━━━━━━━━━━━━━'
+ status=2
+ expect_code 2 2 'away mode must not use a stale Stop-autoarm failure to fail open'
+ local expected=2 actual=2 'label=away mode must not use a stale Stop-autoarm failure to fail open'
+ '[' 2 = 2 ']'
+ assert_contains '●━━━━━━━━━━━━━━━━━━━━━━━━━━━━━━━━━━━━━━━━━━━━━━━━━━━━━━━━━━━━━━━━━━━━━━━
●  TURN WOULD END BLIND - SUPERVISION IS OFF
●  1 task(s) in flight, but no live watcher holds this home lock (last beat: never).
●  The Stop-owned auto-arm did not claim this home either, so recovery is NOT already under way.
●  Away mode owns watcher supervision; load /afk and ensure the daemon is running instead of starting normal supervision directly.
●━━━━━━━━━━━━━━━━━━━━━━━━━━━━━━━━━━━━━━━━━━━━━━━━━━━━━━━━━━━━━━━━━━━━━━━' 'Away mode owns watcher supervision' 'away-mode block lost its daemon ownership guidance'
+ case "$1" in
+ :
+ assert_absent /var/folders/p3/95t2_00n2jl3r2cn79bfn18h0000gp/T//fm-turnend-guard.IpXS2c/hook-claude-alarm-afk/state/.claude-autoarm-failure-alarmed 'away mode consumed the Stop-autoarm attended alarm'
+ '[' '!' -e /var/folders/p3/95t2_00n2jl3r2cn79bfn18h0000gp/T//fm-turnend-guard.IpXS2c/hook-claude-alarm-afk/state/.claude-autoarm-failure-alarmed ']'
+ pass 'fm-turnend-guard --claude: away ownership excludes the Stop-autoarm fail-open'
+ printf 'ok - %s\n' 'fm-turnend-guard --claude: away ownership excludes the Stop-autoarm fail-open'
ok - fm-turnend-guard --claude: away ownership excludes the Stop-autoarm fail-open
+ test_hook_claude_mode_allow_resets_budget
+ local dir pid identity out status
++ make_primary_dir /var/folders/p3/95t2_00n2jl3r2cn79bfn18h0000gp/T//fm-turnend-guard.IpXS2c/hook-claude-reset
++ local dir=/var/folders/p3/95t2_00n2jl3r2cn79bfn18h0000gp/T//fm-turnend-guard.IpXS2c/hook-claude-reset
++ mkdir -p /var/folders/p3/95t2_00n2jl3r2cn79bfn18h0000gp/T//fm-turnend-guard.IpXS2c/hook-claude-reset/state
++ git init -q /var/folders/p3/95t2_00n2jl3r2cn79bfn18h0000gp/T//fm-turnend-guard.IpXS2c/hook-claude-reset
++ git -C /var/folders/p3/95t2_00n2jl3r2cn79bfn18h0000gp/T//fm-turnend-guard.IpXS2c/hook-claude-reset commit -q --allow-empty -m init
++ :
++ install_guard_scripts /var/folders/p3/95t2_00n2jl3r2cn79bfn18h0000gp/T//fm-turnend-guard.IpXS2c/hook-claude-reset
++ local dir=/var/folders/p3/95t2_00n2jl3r2cn79bfn18h0000gp/T//fm-turnend-guard.IpXS2c/hook-claude-reset
++ mkdir -p /var/folders/p3/95t2_00n2jl3r2cn79bfn18h0000gp/T//fm-turnend-guard.IpXS2c/hook-claude-reset/bin
++ cp /Users/AI/.no-mistakes/worktrees/edb446952c22/01M1EYV82B3ZA2ZEAH2A2NMK1R/bin/fm-turnend-guard.sh /var/folders/p3/95t2_00n2jl3r2cn79bfn18h0000gp/T//fm-turnend-guard.IpXS2c/hook-claude-reset/bin/fm-turnend-guard.sh
++ cp /Users/AI/.no-mistakes/worktrees/edb446952c22/01M1EYV82B3ZA2ZEAH2A2NMK1R/bin/fm-turnend-guard-grok.sh /var/folders/p3/95t2_00n2jl3r2cn79bfn18h0000gp/T//fm-turnend-guard.IpXS2c/hook-claude-reset/bin/fm-turnend-guard-grok.sh
++ cp /Users/AI/.no-mistakes/worktrees/edb446952c22/01M1EYV82B3ZA2ZEAH2A2NMK1R/bin/fm-operational-input.sh /var/folders/p3/95t2_00n2jl3r2cn79bfn18h0000gp/T//fm-turnend-guard.IpXS2c/hook-claude-reset/bin/fm-operational-input.sh
++ cp /Users/AI/.no-mistakes/worktrees/edb446952c22/01M1EYV82B3ZA2ZEAH2A2NMK1R/bin/fm-supervision-instructions.sh /var/folders/p3/95t2_00n2jl3r2cn79bfn18h0000gp/T//fm-turnend-guard.IpXS2c/hook-claude-reset/bin/fm-supervision-instructions.sh
++ cp /Users/AI/.no-mistakes/worktrees/edb446952c22/01M1EYV82B3ZA2ZEAH2A2NMK1R/bin/fm-harness.sh /var/folders/p3/95t2_00n2jl3r2cn79bfn18h0000gp/T//fm-turnend-guard.IpXS2c/hook-claude-reset/bin/fm-harness.sh
++ cp /Users/AI/.no-mistakes/worktrees/edb446952c22/01M1EYV82B3ZA2ZEAH2A2NMK1R/bin/fm-primary-scope-lib.sh /var/folders/p3/95t2_00n2jl3r2cn79bfn18h0000gp/T//fm-turnend-guard.IpXS2c/hook-claude-reset/bin/fm-primary-scope-lib.sh
++ cp /Users/AI/.no-mistakes/worktrees/edb446952c22/01M1EYV82B3ZA2ZEAH2A2NMK1R/bin/fm-supervision-lib.sh /var/folders/p3/95t2_00n2jl3r2cn79bfn18h0000gp/T//fm-turnend-guard.IpXS2c/hook-claude-reset/bin/fm-supervision-lib.sh
++ cp /Users/AI/.no-mistakes/worktrees/edb446952c22/01M1EYV82B3ZA2ZEAH2A2NMK1R/bin/fm-wake-lib.sh /var/folders/p3/95t2_00n2jl3r2cn79bfn18h0000gp/T//fm-turnend-guard.IpXS2c/hook-claude-reset/bin/fm-wake-lib.sh
++ cp /Users/AI/.no-mistakes/worktrees/edb446952c22/01M1EYV82B3ZA2ZEAH2A2NMK1R/bin/fm-hook-host-lib.sh /var/folders/p3/95t2_00n2jl3r2cn79bfn18h0000gp/T//fm-turnend-guard.IpXS2c/hook-claude-reset/bin/fm-hook-host-lib.sh
++ cp /Users/AI/.no-mistakes/worktrees/edb446952c22/01M1EYV82B3ZA2ZEAH2A2NMK1R/bin/fm-timeout-lib.sh /var/folders/p3/95t2_00n2jl3r2cn79bfn18h0000gp/T//fm-turnend-guard.IpXS2c/hook-claude-reset/bin/fm-timeout-lib.sh
++ cp /Users/AI/.no-mistakes/worktrees/edb446952c22/01M1EYV82B3ZA2ZEAH2A2NMK1R/bin/fm-owner-invoke-wait-check.sh /var/folders/p3/95t2_00n2jl3r2cn79bfn18h0000gp/T//fm-turnend-guard.IpXS2c/hook-claude-reset/bin/fm-owner-invoke-wait-check.sh
++ mkdir -p /var/folders/p3/95t2_00n2jl3r2cn79bfn18h0000gp/T//fm-turnend-guard.IpXS2c/hook-claude-reset/docs
++ cp -R /Users/AI/.no-mistakes/worktrees/edb446952c22/01M1EYV82B3ZA2ZEAH2A2NMK1R/docs/supervision-protocols /var/folders/p3/95t2_00n2jl3r2cn79bfn18h0000gp/T//fm-turnend-guard.IpXS2c/hook-claude-reset/docs/supervision-protocols
++ chmod +x /var/folders/p3/95t2_00n2jl3r2cn79bfn18h0000gp/T//fm-turnend-guard.IpXS2c/hook-claude-reset/bin/fm-turnend-guard.sh /var/folders/p3/95t2_00n2jl3r2cn79bfn18h0000gp/T//fm-turnend-guard.IpXS2c/hook-claude-reset/bin/fm-turnend-guard-grok.sh /var/folders/p3/95t2_00n2jl3r2cn79bfn18h0000gp/T//fm-turnend-guard.IpXS2c/hook-claude-reset/bin/fm-operational-input.sh /var/folders/p3/95t2_00n2jl3r2cn79bfn18h0000gp/T//fm-turnend-guard.IpXS2c/hook-claude-reset/bin/fm-supervision-instructions.sh /var/folders/p3/95t2_00n2jl3r2cn79bfn18h0000gp/T//fm-turnend-guard.IpXS2c/hook-claude-reset/bin/fm-harness.sh /var/folders/p3/95t2_00n2jl3r2cn79bfn18h0000gp/T//fm-turnend-guard.IpXS2c/hook-claude-reset/bin/fm-owner-invoke-wait-check.sh
++ printf '%s\n' /var/folders/p3/95t2_00n2jl3r2cn79bfn18h0000gp/T//fm-turnend-guard.IpXS2c/hook-claude-reset
+ dir=/var/folders/p3/95t2_00n2jl3r2cn79bfn18h0000gp/T//fm-turnend-guard.IpXS2c/hook-claude-reset
+ :
++ FM_CLAUDE_AUTOARM_SYNC_WAIT_MS=100
++ run_hook_claude /var/folders/p3/95t2_00n2jl3r2cn79bfn18h0000gp/T//fm-turnend-guard.IpXS2c/hook-claude-reset false
++ local dir=/var/folders/p3/95t2_00n2jl3r2cn79bfn18h0000gp/T//fm-turnend-guard.IpXS2c/hook-claude-reset stop_active=false home
+++ cd /var/folders/p3/95t2_00n2jl3r2cn79bfn18h0000gp/T//fm-turnend-guard.IpXS2c/hook-claude-reset
+++ pwd
++ home=/var/folders/p3/95t2_00n2jl3r2cn79bfn18h0000gp/T/fm-turnend-guard.IpXS2c/hook-claude-reset
++ printf '{"stop_hook_active":%s,"session_id":"sess-claude-mode"}' false
++ CLAUDECODE=1
++ FM_HOME=/var/folders/p3/95t2_00n2jl3r2cn79bfn18h0000gp/T/fm-turnend-guard.IpXS2c/hook-claude-reset
++ bash /var/folders/p3/95t2_00n2jl3r2cn79bfn18h0000gp/T//fm-turnend-guard.IpXS2c/hook-claude-reset/bin/fm-turnend-guard.sh --claude
+ out='●━━━━━━━━━━━━━━━━━━━━━━━━━━━━━━━━━━━━━━━━━━━━━━━━━━━━━━━━━━━━━━━━━━━━━━━
●  TURN WOULD END BLIND - SUPERVISION IS OFF
●  1 task(s) in flight, but no live watcher holds this home lock (last beat: never).
●  The Stop-owned auto-arm did not claim this home either, so recovery is NOT already under way.
●  watcher supervision needs Stop-owned automatic recovery; inspect the hook registration and startup status before ending the turn.
●━━━━━━━━━━━━━━━━━━━━━━━━━━━━━━━━━━━━━━━━━━━━━━━━━━━━━━━━━━━━━━━━━━━━━━━'
+ status=2
+ expect_code 2 2 'first --claude block must exit 2'
+ local expected=2 actual=2 'label=first --claude block must exit 2'
+ '[' 2 = 2 ']'
+ '[' -f /var/folders/p3/95t2_00n2jl3r2cn79bfn18h0000gp/T//fm-turnend-guard.IpXS2c/hook-claude-reset/state/.turnend-claude-blocks ']'
+ :
+ :
+ sleep 60
+ pid=55692
++ watcher_identity /var/folders/p3/95t2_00n2jl3r2cn79bfn18h0000gp/T//fm-turnend-guard.IpXS2c/hook-claude-reset 55692
++ local dir=/var/folders/p3/95t2_00n2jl3r2cn79bfn18h0000gp/T//fm-turnend-guard.IpXS2c/hook-claude-reset pid=55692
++ FM_STATE_OVERRIDE=/var/folders/p3/95t2_00n2jl3r2cn79bfn18h0000gp/T//fm-turnend-guard.IpXS2c/hook-claude-reset/state
++ bash -c '. "$1"; fm_pid_identity "$2"' _ /var/folders/p3/95t2_00n2jl3r2cn79bfn18h0000gp/T//fm-turnend-guard.IpXS2c/hook-claude-reset/bin/fm-wake-lib.sh 55692
+ identity='Wed Sep  2 01:12:13 2026     sleep 60'
+ record_watcher_lock /var/folders/p3/95t2_00n2jl3r2cn79bfn18h0000gp/T//fm-turnend-guard.IpXS2c/hook-claude-reset 55692 'Wed Sep  2 01:12:13 2026     sleep 60'
+ local dir=/var/folders/p3/95t2_00n2jl3r2cn79bfn18h0000gp/T//fm-turnend-guard.IpXS2c/hook-claude-reset pid=55692 'identity=Wed Sep  2 01:12:13 2026     sleep 60' root bin_dir
++ cd /var/folders/p3/95t2_00n2jl3r2cn79bfn18h0000gp/T//fm-turnend-guard.IpXS2c/hook-claude-reset
++ pwd
+ root=/var/folders/p3/95t2_00n2jl3r2cn79bfn18h0000gp/T/fm-turnend-guard.IpXS2c/hook-claude-reset
++ cd /var/folders/p3/95t2_00n2jl3r2cn79bfn18h0000gp/T//fm-turnend-guard.IpXS2c/hook-claude-reset/bin
++ pwd
+ bin_dir=/var/folders/p3/95t2_00n2jl3r2cn79bfn18h0000gp/T/fm-turnend-guard.IpXS2c/hook-claude-reset/bin
+ mkdir -p /var/folders/p3/95t2_00n2jl3r2cn79bfn18h0000gp/T//fm-turnend-guard.IpXS2c/hook-claude-reset/state/.watch.lock
+ printf '%s\n' 55692
+ printf '%s\n' /var/folders/p3/95t2_00n2jl3r2cn79bfn18h0000gp/T/fm-turnend-guard.IpXS2c/hook-claude-reset
+ printf '%s\n' /var/folders/p3/95t2_00n2jl3r2cn79bfn18h0000gp/T/fm-turnend-guard.IpXS2c/hook-claude-reset/bin/fm-watch.sh
+ printf '%s\n' 'Wed Sep  2 01:12:13 2026     sleep 60'
+ touch /var/folders/p3/95t2_00n2jl3r2cn79bfn18h0000gp/T//fm-turnend-guard.IpXS2c/hook-claude-reset/state/.last-watcher-beat
++ run_hook_claude /var/folders/p3/95t2_00n2jl3r2cn79bfn18h0000gp/T//fm-turnend-guard.IpXS2c/hook-claude-reset false
++ local dir=/var/folders/p3/95t2_00n2jl3r2cn79bfn18h0000gp/T//fm-turnend-guard.IpXS2c/hook-claude-reset stop_active=false home
+++ cd /var/folders/p3/95t2_00n2jl3r2cn79bfn18h0000gp/T//fm-turnend-guard.IpXS2c/hook-claude-reset
+++ pwd
++ home=/var/folders/p3/95t2_00n2jl3r2cn79bfn18h0000gp/T/fm-turnend-guard.IpXS2c/hook-claude-reset
++ printf '{"stop_hook_active":%s,"session_id":"sess-claude-mode"}' false
++ CLAUDECODE=1
++ FM_HOME=/var/folders/p3/95t2_00n2jl3r2cn79bfn18h0000gp/T/fm-turnend-guard.IpXS2c/hook-claude-reset
++ bash /var/folders/p3/95t2_00n2jl3r2cn79bfn18h0000gp/T//fm-turnend-guard.IpXS2c/hook-claude-reset/bin/fm-turnend-guard.sh --claude
+ out=
+ status=0
+ kill 55692
+ wait 55692
+ true
+ rm -rf /var/folders/p3/95t2_00n2jl3r2cn79bfn18h0000gp/T//fm-turnend-guard.IpXS2c/hook-claude-reset/state/.watch.lock
+ expect_code 0 0 '--claude must allow once the watcher is healthy again'
+ local expected=0 actual=0 'label=--claude must allow once the watcher is healthy again'
+ '[' 0 = 0 ']'
+ '[' '!' -f /var/folders/p3/95t2_00n2jl3r2cn79bfn18h0000gp/T//fm-turnend-guard.IpXS2c/hook-claude-reset/state/.turnend-claude-blocks ']'
+ '[' '!' -f /var/folders/p3/95t2_00n2jl3r2cn79bfn18h0000gp/T//fm-turnend-guard.IpXS2c/hook-claude-reset/state/.claude-autoarm-failure-notified ']'
+ '[' '!' -f /var/folders/p3/95t2_00n2jl3r2cn79bfn18h0000gp/T//fm-turnend-guard.IpXS2c/hook-claude-reset/state/.claude-autoarm-failure-alarmed ']'
++ FM_CLAUDE_AUTOARM_SYNC_WAIT_MS=100
++ run_hook_claude /var/folders/p3/95t2_00n2jl3r2cn79bfn18h0000gp/T//fm-turnend-guard.IpXS2c/hook-claude-reset false
++ local dir=/var/folders/p3/95t2_00n2jl3r2cn79bfn18h0000gp/T//fm-turnend-guard.IpXS2c/hook-claude-reset stop_active=false home
+++ cd /var/folders/p3/95t2_00n2jl3r2cn79bfn18h0000gp/T//fm-turnend-guard.IpXS2c/hook-claude-reset
+++ pwd
++ home=/var/folders/p3/95t2_00n2jl3r2cn79bfn18h0000gp/T/fm-turnend-guard.IpXS2c/hook-claude-reset
++ printf '{"stop_hook_active":%s,"session_id":"sess-claude-mode"}' false
++ CLAUDECODE=1
++ FM_HOME=/var/folders/p3/95t2_00n2jl3r2cn79bfn18h0000gp/T/fm-turnend-guard.IpXS2c/hook-claude-reset
++ bash /var/folders/p3/95t2_00n2jl3r2cn79bfn18h0000gp/T//fm-turnend-guard.IpXS2c/hook-claude-reset/bin/fm-turnend-guard.sh --claude
+ out='●━━━━━━━━━━━━━━━━━━━━━━━━━━━━━━━━━━━━━━━━━━━━━━━━━━━━━━━━━━━━━━━━━━━━━━━
●  TURN WOULD END BLIND - SUPERVISION IS OFF
●  1 task(s) in flight, but no live watcher holds this home lock (last beat: 0s ago).
●  The Stop-owned auto-arm did not claim this home either, so recovery is NOT already under way.
●  watcher supervision needs Stop-owned automatic recovery; inspect the hook registration and startup status before ending the turn.
●━━━━━━━━━━━━━━━━━━━━━━━━━━━━━━━━━━━━━━━━━━━━━━━━━━━━━━━━━━━━━━━━━━━━━━━'
+ status=2
+ expect_code 2 2 'a later unhealthy chain must re-block from a fresh budget'
+ local expected=2 actual=2 'label=a later unhealthy chain must re-block from a fresh budget'
+ '[' 2 = 2 ']'
+ pass 'fm-turnend-guard --claude: positive watcher recovery resets failure episode state'
+ printf 'ok - %s\n' 'fm-turnend-guard --claude: positive watcher recovery resets failure episode state'
ok - fm-turnend-guard --claude: positive watcher recovery resets failure episode state
+ test_hook_claude_mode_waits_for_late_claim
+ local dir helper out status holder
++ make_primary_dir /var/folders/p3/95t2_00n2jl3r2cn79bfn18h0000gp/T//fm-turnend-guard.IpXS2c/hook-claude-wait
++ local dir=/var/folders/p3/95t2_00n2jl3r2cn79bfn18h0000gp/T//fm-turnend-guard.IpXS2c/hook-claude-wait
++ mkdir -p /var/folders/p3/95t2_00n2jl3r2cn79bfn18h0000gp/T//fm-turnend-guard.IpXS2c/hook-claude-wait/state
++ git init -q /var/folders/p3/95t2_00n2jl3r2cn79bfn18h0000gp/T//fm-turnend-guard.IpXS2c/hook-claude-wait
++ git -C /var/folders/p3/95t2_00n2jl3r2cn79bfn18h0000gp/T//fm-turnend-guard.IpXS2c/hook-claude-wait commit -q --allow-empty -m init
++ :
++ install_guard_scripts /var/folders/p3/95t2_00n2jl3r2cn79bfn18h0000gp/T//fm-turnend-guard.IpXS2c/hook-claude-wait
++ local dir=/var/folders/p3/95t2_00n2jl3r2cn79bfn18h0000gp/T//fm-turnend-guard.IpXS2c/hook-claude-wait
++ mkdir -p /var/folders/p3/95t2_00n2jl3r2cn79bfn18h0000gp/T//fm-turnend-guard.IpXS2c/hook-claude-wait/bin
++ cp /Users/AI/.no-mistakes/worktrees/edb446952c22/01M1EYV82B3ZA2ZEAH2A2NMK1R/bin/fm-turnend-guard.sh /var/folders/p3/95t2_00n2jl3r2cn79bfn18h0000gp/T//fm-turnend-guard.IpXS2c/hook-claude-wait/bin/fm-turnend-guard.sh
++ cp /Users/AI/.no-mistakes/worktrees/edb446952c22/01M1EYV82B3ZA2ZEAH2A2NMK1R/bin/fm-turnend-guard-grok.sh /var/folders/p3/95t2_00n2jl3r2cn79bfn18h0000gp/T//fm-turnend-guard.IpXS2c/hook-claude-wait/bin/fm-turnend-guard-grok.sh
++ cp /Users/AI/.no-mistakes/worktrees/edb446952c22/01M1EYV82B3ZA2ZEAH2A2NMK1R/bin/fm-operational-input.sh /var/folders/p3/95t2_00n2jl3r2cn79bfn18h0000gp/T//fm-turnend-guard.IpXS2c/hook-claude-wait/bin/fm-operational-input.sh
++ cp /Users/AI/.no-mistakes/worktrees/edb446952c22/01M1EYV82B3ZA2ZEAH2A2NMK1R/bin/fm-supervision-instructions.sh /var/folders/p3/95t2_00n2jl3r2cn79bfn18h0000gp/T//fm-turnend-guard.IpXS2c/hook-claude-wait/bin/fm-supervision-instructions.sh
++ cp /Users/AI/.no-mistakes/worktrees/edb446952c22/01M1EYV82B3ZA2ZEAH2A2NMK1R/bin/fm-harness.sh /var/folders/p3/95t2_00n2jl3r2cn79bfn18h0000gp/T//fm-turnend-guard.IpXS2c/hook-claude-wait/bin/fm-harness.sh
++ cp /Users/AI/.no-mistakes/worktrees/edb446952c22/01M1EYV82B3ZA2ZEAH2A2NMK1R/bin/fm-primary-scope-lib.sh /var/folders/p3/95t2_00n2jl3r2cn79bfn18h0000gp/T//fm-turnend-guard.IpXS2c/hook-claude-wait/bin/fm-primary-scope-lib.sh
++ cp /Users/AI/.no-mistakes/worktrees/edb446952c22/01M1EYV82B3ZA2ZEAH2A2NMK1R/bin/fm-supervision-lib.sh /var/folders/p3/95t2_00n2jl3r2cn79bfn18h0000gp/T//fm-turnend-guard.IpXS2c/hook-claude-wait/bin/fm-supervision-lib.sh
++ cp /Users/AI/.no-mistakes/worktrees/edb446952c22/01M1EYV82B3ZA2ZEAH2A2NMK1R/bin/fm-wake-lib.sh /var/folders/p3/95t2_00n2jl3r2cn79bfn18h0000gp/T//fm-turnend-guard.IpXS2c/hook-claude-wait/bin/fm-wake-lib.sh
++ cp /Users/AI/.no-mistakes/worktrees/edb446952c22/01M1EYV82B3ZA2ZEAH2A2NMK1R/bin/fm-hook-host-lib.sh /var/folders/p3/95t2_00n2jl3r2cn79bfn18h0000gp/T//fm-turnend-guard.IpXS2c/hook-claude-wait/bin/fm-hook-host-lib.sh
++ cp /Users/AI/.no-mistakes/worktrees/edb446952c22/01M1EYV82B3ZA2ZEAH2A2NMK1R/bin/fm-timeout-lib.sh /var/folders/p3/95t2_00n2jl3r2cn79bfn18h0000gp/T//fm-turnend-guard.IpXS2c/hook-claude-wait/bin/fm-timeout-lib.sh
++ cp /Users/AI/.no-mistakes/worktrees/edb446952c22/01M1EYV82B3ZA2ZEAH2A2NMK1R/bin/fm-owner-invoke-wait-check.sh /var/folders/p3/95t2_00n2jl3r2cn79bfn18h0000gp/T//fm-turnend-guard.IpXS2c/hook-claude-wait/bin/fm-owner-invoke-wait-check.sh
++ mkdir -p /var/folders/p3/95t2_00n2jl3r2cn79bfn18h0000gp/T//fm-turnend-guard.IpXS2c/hook-claude-wait/docs
++ cp -R /Users/AI/.no-mistakes/worktrees/edb446952c22/01M1EYV82B3ZA2ZEAH2A2NMK1R/docs/supervision-protocols /var/folders/p3/95t2_00n2jl3r2cn79bfn18h0000gp/T//fm-turnend-guard.IpXS2c/hook-claude-wait/docs/supervision-protocols
++ chmod +x /var/folders/p3/95t2_00n2jl3r2cn79bfn18h0000gp/T//fm-turnend-guard.IpXS2c/hook-claude-wait/bin/fm-turnend-guard.sh /var/folders/p3/95t2_00n2jl3r2cn79bfn18h0000gp/T//fm-turnend-guard.IpXS2c/hook-claude-wait/bin/fm-turnend-guard-grok.sh /var/folders/p3/95t2_00n2jl3r2cn79bfn18h0000gp/T//fm-turnend-guard.IpXS2c/hook-claude-wait/bin/fm-operational-input.sh /var/folders/p3/95t2_00n2jl3r2cn79bfn18h0000gp/T//fm-turnend-guard.IpXS2c/hook-claude-wait/bin/fm-supervision-instructions.sh /var/folders/p3/95t2_00n2jl3r2cn79bfn18h0000gp/T//fm-turnend-guard.IpXS2c/hook-claude-wait/bin/fm-harness.sh /var/folders/p3/95t2_00n2jl3r2cn79bfn18h0000gp/T//fm-turnend-guard.IpXS2c/hook-claude-wait/bin/fm-owner-invoke-wait-check.sh
++ printf '%s\n' /var/folders/p3/95t2_00n2jl3r2cn79bfn18h0000gp/T//fm-turnend-guard.IpXS2c/hook-claude-wait
+ dir=/var/folders/p3/95t2_00n2jl3r2cn79bfn18h0000gp/T//fm-turnend-guard.IpXS2c/hook-claude-wait
+ :
+ helper=57622
+ sleep 0.4
++ FM_CLAUDE_AUTOARM_SYNC_WAIT_MS=3000
++ run_hook_claude /var/folders/p3/95t2_00n2jl3r2cn79bfn18h0000gp/T//fm-turnend-guard.IpXS2c/hook-claude-wait false
++ local dir=/var/folders/p3/95t2_00n2jl3r2cn79bfn18h0000gp/T//fm-turnend-guard.IpXS2c/hook-claude-wait stop_active=false home
+++ cd /var/folders/p3/95t2_00n2jl3r2cn79bfn18h0000gp/T//fm-turnend-guard.IpXS2c/hook-claude-wait
+++ pwd
++ home=/var/folders/p3/95t2_00n2jl3r2cn79bfn18h0000gp/T/fm-turnend-guard.IpXS2c/hook-claude-wait
++ printf '{"stop_hook_active":%s,"session_id":"sess-claude-mode"}' false
++ CLAUDECODE=1
++ FM_HOME=/var/folders/p3/95t2_00n2jl3r2cn79bfn18h0000gp/T/fm-turnend-guard.IpXS2c/hook-claude-wait
++ bash /var/folders/p3/95t2_00n2jl3r2cn79bfn18h0000gp/T//fm-turnend-guard.IpXS2c/hook-claude-wait/bin/fm-turnend-guard.sh --claude
+ record_autoarm_owner /var/folders/p3/95t2_00n2jl3r2cn79bfn18h0000gp/T//fm-turnend-guard.IpXS2c/hook-claude-wait 58801
+ local dir=/var/folders/p3/95t2_00n2jl3r2cn79bfn18h0000gp/T//fm-turnend-guard.IpXS2c/hook-claude-wait pid=58801
+ sleep 60
+ mkdir -p /var/folders/p3/95t2_00n2jl3r2cn79bfn18h0000gp/T//fm-turnend-guard.IpXS2c/hook-claude-wait/state/.claude-autoarm.lock
+ printf '%s\n' 58801
+ printf 'autoarm\n'
+ printf '%s\n' 58801
+ wait
+ out=
+ status=0
++ cat /var/folders/p3/95t2_00n2jl3r2cn79bfn18h0000gp/T//fm-turnend-guard.IpXS2c/hook-claude-wait/holder.pid
+ holder=58801
+ kill 58801
+ kill 57622
+ wait 57622
+ true
+ expect_code 0 0 '--claude must wait briefly for a late auto-arm claim instead of forcing a continuation'
+ local expected=0 actual=0 'label=--claude must wait briefly for a late auto-arm claim instead of forcing a continuation'
+ '[' 0 = 0 ']'
+ '[' -z '' ']'
+ pass 'fm-turnend-guard --claude: bounded claim wait avoids a token-consuming forced continuation'
+ printf 'ok - %s\n' 'fm-turnend-guard --claude: bounded claim wait avoids a token-consuming forced continuation'
ok - fm-turnend-guard --claude: bounded claim wait avoids a token-consuming forced continuation
+ test_hook_claude_mode_secondmate_reblocks_like_primary
+ local dir pid out status
++ make_secondmate_dir /var/folders/p3/95t2_00n2jl3r2cn79bfn18h0000gp/T//fm-turnend-guard.IpXS2c/hook-claude-sm-reblock
++ local dir=/var/folders/p3/95t2_00n2jl3r2cn79bfn18h0000gp/T//fm-turnend-guard.IpXS2c/hook-claude-sm-reblock
++ make_primary_dir /var/folders/p3/95t2_00n2jl3r2cn79bfn18h0000gp/T//fm-turnend-guard.IpXS2c/hook-claude-sm-reblock
++ local dir=/var/folders/p3/95t2_00n2jl3r2cn79bfn18h0000gp/T//fm-turnend-guard.IpXS2c/hook-claude-sm-reblock
++ mkdir -p /var/folders/p3/95t2_00n2jl3r2cn79bfn18h0000gp/T//fm-turnend-guard.IpXS2c/hook-claude-sm-reblock/state
++ git init -q /var/folders/p3/95t2_00n2jl3r2cn79bfn18h0000gp/T//fm-turnend-guard.IpXS2c/hook-claude-sm-reblock
++ git -C /var/folders/p3/95t2_00n2jl3r2cn79bfn18h0000gp/T//fm-turnend-guard.IpXS2c/hook-claude-sm-reblock commit -q --allow-empty -m init
++ :
++ install_guard_scripts /var/folders/p3/95t2_00n2jl3r2cn79bfn18h0000gp/T//fm-turnend-guard.IpXS2c/hook-claude-sm-reblock
++ local dir=/var/folders/p3/95t2_00n2jl3r2cn79bfn18h0000gp/T//fm-turnend-guard.IpXS2c/hook-claude-sm-reblock
++ mkdir -p /var/folders/p3/95t2_00n2jl3r2cn79bfn18h0000gp/T//fm-turnend-guard.IpXS2c/hook-claude-sm-reblock/bin
++ cp /Users/AI/.no-mistakes/worktrees/edb446952c22/01M1EYV82B3ZA2ZEAH2A2NMK1R/bin/fm-turnend-guard.sh /var/folders/p3/95t2_00n2jl3r2cn79bfn18h0000gp/T//fm-turnend-guard.IpXS2c/hook-claude-sm-reblock/bin/fm-turnend-guard.sh
++ cp /Users/AI/.no-mistakes/worktrees/edb446952c22/01M1EYV82B3ZA2ZEAH2A2NMK1R/bin/fm-turnend-guard-grok.sh /var/folders/p3/95t2_00n2jl3r2cn79bfn18h0000gp/T//fm-turnend-guard.IpXS2c/hook-claude-sm-reblock/bin/fm-turnend-guard-grok.sh
++ cp /Users/AI/.no-mistakes/worktrees/edb446952c22/01M1EYV82B3ZA2ZEAH2A2NMK1R/bin/fm-operational-input.sh /var/folders/p3/95t2_00n2jl3r2cn79bfn18h0000gp/T//fm-turnend-guard.IpXS2c/hook-claude-sm-reblock/bin/fm-operational-input.sh
++ cp /Users/AI/.no-mistakes/worktrees/edb446952c22/01M1EYV82B3ZA2ZEAH2A2NMK1R/bin/fm-supervision-instructions.sh /var/folders/p3/95t2_00n2jl3r2cn79bfn18h0000gp/T//fm-turnend-guard.IpXS2c/hook-claude-sm-reblock/bin/fm-supervision-instructions.sh
++ cp /Users/AI/.no-mistakes/worktrees/edb446952c22/01M1EYV82B3ZA2ZEAH2A2NMK1R/bin/fm-harness.sh /var/folders/p3/95t2_00n2jl3r2cn79bfn18h0000gp/T//fm-turnend-guard.IpXS2c/hook-claude-sm-reblock/bin/fm-harness.sh
++ cp /Users/AI/.no-mistakes/worktrees/edb446952c22/01M1EYV82B3ZA2ZEAH2A2NMK1R/bin/fm-primary-scope-lib.sh /var/folders/p3/95t2_00n2jl3r2cn79bfn18h0000gp/T//fm-turnend-guard.IpXS2c/hook-claude-sm-reblock/bin/fm-primary-scope-lib.sh
++ cp /Users/AI/.no-mistakes/worktrees/edb446952c22/01M1EYV82B3ZA2ZEAH2A2NMK1R/bin/fm-supervision-lib.sh /var/folders/p3/95t2_00n2jl3r2cn79bfn18h0000gp/T//fm-turnend-guard.IpXS2c/hook-claude-sm-reblock/bin/fm-supervision-lib.sh
++ cp /Users/AI/.no-mistakes/worktrees/edb446952c22/01M1EYV82B3ZA2ZEAH2A2NMK1R/bin/fm-wake-lib.sh /var/folders/p3/95t2_00n2jl3r2cn79bfn18h0000gp/T//fm-turnend-guard.IpXS2c/hook-claude-sm-reblock/bin/fm-wake-lib.sh
++ cp /Users/AI/.no-mistakes/worktrees/edb446952c22/01M1EYV82B3ZA2ZEAH2A2NMK1R/bin/fm-hook-host-lib.sh /var/folders/p3/95t2_00n2jl3r2cn79bfn18h0000gp/T//fm-turnend-guard.IpXS2c/hook-claude-sm-reblock/bin/fm-hook-host-lib.sh
++ cp /Users/AI/.no-mistakes/worktrees/edb446952c22/01M1EYV82B3ZA2ZEAH2A2NMK1R/bin/fm-timeout-lib.sh /var/folders/p3/95t2_00n2jl3r2cn79bfn18h0000gp/T//fm-turnend-guard.IpXS2c/hook-claude-sm-reblock/bin/fm-timeout-lib.sh
++ cp /Users/AI/.no-mistakes/worktrees/edb446952c22/01M1EYV82B3ZA2ZEAH2A2NMK1R/bin/fm-owner-invoke-wait-check.sh /var/folders/p3/95t2_00n2jl3r2cn79bfn18h0000gp/T//fm-turnend-guard.IpXS2c/hook-claude-sm-reblock/bin/fm-owner-invoke-wait-check.sh
++ mkdir -p /var/folders/p3/95t2_00n2jl3r2cn79bfn18h0000gp/T//fm-turnend-guard.IpXS2c/hook-claude-sm-reblock/docs
++ cp -R /Users/AI/.no-mistakes/worktrees/edb446952c22/01M1EYV82B3ZA2ZEAH2A2NMK1R/docs/supervision-protocols /var/folders/p3/95t2_00n2jl3r2cn79bfn18h0000gp/T//fm-turnend-guard.IpXS2c/hook-claude-sm-reblock/docs/supervision-protocols
++ chmod +x /var/folders/p3/95t2_00n2jl3r2cn79bfn18h0000gp/T//fm-turnend-guard.IpXS2c/hook-claude-sm-reblock/bin/fm-turnend-guard.sh /var/folders/p3/95t2_00n2jl3r2cn79bfn18h0000gp/T//fm-turnend-guard.IpXS2c/hook-claude-sm-reblock/bin/fm-turnend-guard-grok.sh /var/folders/p3/95t2_00n2jl3r2cn79bfn18h0000gp/T//fm-turnend-guard.IpXS2c/hook-claude-sm-reblock/bin/fm-operational-input.sh /var/folders/p3/95t2_00n2jl3r2cn79bfn18h0000gp/T//fm-turnend-guard.IpXS2c/hook-claude-sm-reblock/bin/fm-supervision-instructions.sh /var/folders/p3/95t2_00n2jl3r2cn79bfn18h0000gp/T//fm-turnend-guard.IpXS2c/hook-claude-sm-reblock/bin/fm-harness.sh /var/folders/p3/95t2_00n2jl3r2cn79bfn18h0000gp/T//fm-turnend-guard.IpXS2c/hook-claude-sm-reblock/bin/fm-owner-invoke-wait-check.sh
++ printf '%s\n' /var/folders/p3/95t2_00n2jl3r2cn79bfn18h0000gp/T//fm-turnend-guard.IpXS2c/hook-claude-sm-reblock
++ printf 'sm-test-1\n'
++ printf '%s\n' /var/folders/p3/95t2_00n2jl3r2cn79bfn18h0000gp/T//fm-turnend-guard.IpXS2c/hook-claude-sm-reblock
+ dir=/var/folders/p3/95t2_00n2jl3r2cn79bfn18h0000gp/T//fm-turnend-guard.IpXS2c/hook-claude-sm-reblock
+ :
++ FM_CLAUDE_AUTOARM_SYNC_WAIT_MS=200
++ run_hook_claude /var/folders/p3/95t2_00n2jl3r2cn79bfn18h0000gp/T//fm-turnend-guard.IpXS2c/hook-claude-sm-reblock true
++ local dir=/var/folders/p3/95t2_00n2jl3r2cn79bfn18h0000gp/T//fm-turnend-guard.IpXS2c/hook-claude-sm-reblock stop_active=true home
+++ cd /var/folders/p3/95t2_00n2jl3r2cn79bfn18h0000gp/T//fm-turnend-guard.IpXS2c/hook-claude-sm-reblock
+++ pwd
++ home=/var/folders/p3/95t2_00n2jl3r2cn79bfn18h0000gp/T/fm-turnend-guard.IpXS2c/hook-claude-sm-reblock
++ printf '{"stop_hook_active":%s,"session_id":"sess-claude-mode"}' true
++ CLAUDECODE=1
++ FM_HOME=/var/folders/p3/95t2_00n2jl3r2cn79bfn18h0000gp/T/fm-turnend-guard.IpXS2c/hook-claude-sm-reblock
++ bash /var/folders/p3/95t2_00n2jl3r2cn79bfn18h0000gp/T//fm-turnend-guard.IpXS2c/hook-claude-sm-reblock/bin/fm-turnend-guard.sh --claude
+ out='●━━━━━━━━━━━━━━━━━━━━━━━━━━━━━━━━━━━━━━━━━━━━━━━━━━━━━━━━━━━━━━━━━━━━━━━
●  TURN WOULD END BLIND - SUPERVISION IS OFF
●  1 task(s) in flight, but no live watcher holds this home lock (last beat: never).
●  The Stop-owned auto-arm did not claim this home either, so recovery is NOT already under way.
●  watcher supervision needs Stop-owned automatic recovery; inspect the hook registration and startup status before ending the turn.
●━━━━━━━━━━━━━━━━━━━━━━━━━━━━━━━━━━━━━━━━━━━━━━━━━━━━━━━━━━━━━━━━━━━━━━━'
+ status=2
+ expect_code 2 2 '--claude mode must re-block in a marked secondmate home exactly like the main primary'
+ local expected=2 actual=2 'label=--claude mode must re-block in a marked secondmate home exactly like the main primary'
+ '[' 2 = 2 ']'
+ assert_contains '●━━━━━━━━━━━━━━━━━━━━━━━━━━━━━━━━━━━━━━━━━━━━━━━━━━━━━━━━━━━━━━━━━━━━━━━
●  TURN WOULD END BLIND - SUPERVISION IS OFF
●  1 task(s) in flight, but no live watcher holds this home lock (last beat: never).
●  The Stop-owned auto-arm did not claim this home either, so recovery is NOT already under way.
●  watcher supervision needs Stop-owned automatic recovery; inspect the hook registration and startup status before ending the turn.
●━━━━━━━━━━━━━━━━━━━━━━━━━━━━━━━━━━━━━━━━━━━━━━━━━━━━━━━━━━━━━━━━━━━━━━━' 'TURN WOULD END BLIND' '--claude secondmate re-block must carry the blind-turn banner'
+ case "$1" in
+ :
+ pid=62082
+ record_autoarm_owner /var/folders/p3/95t2_00n2jl3r2cn79bfn18h0000gp/T//fm-turnend-guard.IpXS2c/hook-claude-sm-reblock 62082
+ local dir=/var/folders/p3/95t2_00n2jl3r2cn79bfn18h0000gp/T//fm-turnend-guard.IpXS2c/hook-claude-sm-reblock pid=62082
+ mkdir -p /var/folders/p3/95t2_00n2jl3r2cn79bfn18h0000gp/T//fm-turnend-guard.IpXS2c/hook-claude-sm-reblock/state/.claude-autoarm.lock
+ sleep 60
+ printf '%s\n' 62082
+ printf 'autoarm\n'
++ run_hook_claude /var/folders/p3/95t2_00n2jl3r2cn79bfn18h0000gp/T//fm-turnend-guard.IpXS2c/hook-claude-sm-reblock false
++ local dir=/var/folders/p3/95t2_00n2jl3r2cn79bfn18h0000gp/T//fm-turnend-guard.IpXS2c/hook-claude-sm-reblock stop_active=false home
+++ cd /var/folders/p3/95t2_00n2jl3r2cn79bfn18h0000gp/T//fm-turnend-guard.IpXS2c/hook-claude-sm-reblock
+++ pwd
++ home=/var/folders/p3/95t2_00n2jl3r2cn79bfn18h0000gp/T/fm-turnend-guard.IpXS2c/hook-claude-sm-reblock
++ printf '{"stop_hook_active":%s,"session_id":"sess-claude-mode"}' false
++ CLAUDECODE=1
++ FM_HOME=/var/folders/p3/95t2_00n2jl3r2cn79bfn18h0000gp/T/fm-turnend-guard.IpXS2c/hook-claude-sm-reblock
++ bash /var/folders/p3/95t2_00n2jl3r2cn79bfn18h0000gp/T//fm-turnend-guard.IpXS2c/hook-claude-sm-reblock/bin/fm-turnend-guard.sh --claude
+ out=
+ status=0
+ kill 62082
+ wait 62082
+ true
+ expect_code 0 0 '--claude mode must allow a claimed secondmate home'
+ local expected=0 actual=0 'label=--claude mode must allow a claimed secondmate home'
+ '[' 0 = 0 ']'
+ pass 'fm-turnend-guard --claude: secondmate home re-blocks unclaimed and allows auto-arm-claimed stops'
+ printf 'ok - %s\n' 'fm-turnend-guard --claude: secondmate home re-blocks unclaimed and allows auto-arm-claimed stops'
ok - fm-turnend-guard --claude: secondmate home re-blocks unclaimed and allows auto-arm-claimed stops
+ fm_test_cleanup
+ local d
+ for d in '"${FM_TEST_CLEANUP_DIRS[@]:-}"'
+ '[' -n '' ']'
+ '[' -f /var/folders/p3/95t2_00n2jl3r2cn79bfn18h0000gp/T//.fm-test-cleanup.92378.HEhaRe ']'
+ IFS=
+ read -r d
+ '[' -n /var/folders/p3/95t2_00n2jl3r2cn79bfn18h0000gp/T//fm-turnend-guard.IpXS2c ']'
+ rm -rf /var/folders/p3/95t2_00n2jl3r2cn79bfn18h0000gp/T//fm-turnend-guard.IpXS2c
+ IFS=
+ read -r d
+ rm -f /var/folders/p3/95t2_00n2jl3r2cn79bfn18h0000gp/T//.fm-test-cleanup.92378.HEhaRe
